{"type":"FeatureCollection","features":[{"type":"Feature","geometry":{"type":"MultiPolygon","coordinates":[[[[7.046235,50.755145],[7.044907,50.755756],[7.043938,50.756245],[7.044508,50.756677],[7.046216,50.755846],[7.046235,50.755145]]],[[[7.046238,50.754933],[7.043796,50.756097],[7.043814,50.756111],[7.046238,50.754957],[7.046238,50.754933]]]]},"properties":{"landuse_id":1360,"landuse_code":2670,"landuse":"Verkehrsbegleitgrün mit Baumbestand","environment":"urban_green","area_m2":11708}},{"type":"Feature","geometry":{"type":"Polygon","coordinates":[[[7.165696,50.721878],[7.165173,50.722275],[7.164851,50.722452],[7.16444,50.722614],[7.164081,50.722715],[7.163634,50.722806],[7.161979,50.723014],[7.162639,50.723039],[7.163272,50.723161],[7.163327,50.723203],[7.163574,50.723256],[7.163859,50.723377],[7.164332,50.723671],[7.16484,50.723064],[7.165696,50.721878]]]},"properties":{"landuse_id":47,"landuse_code":2670,"landuse":"Verkehrsbegleitgrün mit Baumbestand","environment":"urban_green","area_m2":11367}},{"type":"Feature","geometry":{"type":"Polygon","coordinates":[[[7.123926,50.765648],[7.12402,50.765655],[7.124387,50.765538],[7.124367,50.765469],[7.124315,50.76546],[7.124019,50.765534],[7.123934,50.765579],[7.123926,50.765648]]]},"properties":{"landuse_id":22798,"landuse_code":2680,"landuse":"sonstige (kl.) Gehölzfläche","environment":"urban_green","area_m2":357}},{"type":"Feature","geometry":{"type":"Polygon","coordinates":[[[7.125237,50.765222],[7.12536,50.765237],[7.125427,50.765125],[7.125343,50.765065],[7.125223,50.765199],[7.125237,50.765222]]]},"properties":{"landuse_id":22799,"landuse_code":2680,"landuse":"sonstige (kl.) Gehölzfläche","environment":"urban_green","area_m2":158}},{"type":"Feature","geometry":{"type":"Polygon","coordinates":[[[7.125742,50.764915],[7.125902,50.76492],[7.125953,50.764886],[7.125924,50.764734],[7.125849,50.764721],[7.125732,50.764765],[7.125714,50.764832],[7.125742,50.764915]]]},"properties":{"landuse_id":22800,"landuse_code":2680,"landuse":"sonstige (kl.) Gehölzfläche","environment":"urban_green","area_m2":317}},{"type":"Feature","geometry":{"type":"MultiPolygon","coordinates":[[[[7.138785,50.757781],[7.138652,50.758114],[7.13881,50.757796],[7.138785,50.757781]]],[[[7.138195,50.75906],[7.137941,50.758804],[7.137532,50.759004],[7.137893,50.759783],[7.138195,50.75906]]]]},"properties":{"landuse_id":148,"landuse_code":2670,"landuse":"Verkehrsbegleitgrün mit Baumbestand","environment":"urban_green","area_m2":2561}},{"type":"Feature","geometry":{"type":"MultiPolygon","coordinates":[[[[7.036996,50.705867],[7.037034,50.705858],[7.03661,50.705572],[7.036614,50.705601],[7.036996,50.705867]]],[[[7.03662,50.705484],[7.036608,50.705553],[7.036665,50.705505],[7.03662,50.705484]]]]},"properties":{"landuse_id":13183,"landuse_code":2670,"landuse":"Verkehrsbegleitgrün mit Baumbestand","environment":"urban_green","area_m2":116}},{"type":"Feature","geometry":{"type":"Polygon","coordinates":[[[7.158836,50.72738],[7.158626,50.727524],[7.159032,50.727316],[7.158993,50.72729],[7.158836,50.72738]]]},"properties":{"landuse_id":149,"landuse_code":2670,"landuse":"Verkehrsbegleitgrün mit Baumbestand","environment":"urban_green","area_m2":85}},{"type":"Feature","geometry":{"type":"MultiPolygon","coordinates":[[[[7.158626,50.727524],[7.158836,50.72738],[7.158511,50.727568],[7.158626,50.727524]]],[[[7.157141,50.72806],[7.157277,50.728135],[7.158882,50.727216],[7.158644,50.727216],[7.158487,50.727266],[7.157141,50.72806]]]]},"properties":{"landuse_id":150,"landuse_code":2670,"landuse":"Verkehrsbegleitgrün mit Baumbestand","environment":"urban_green","area_m2":2033}},{"type":"Feature","geometry":{"type":"Polygon","coordinates":[[[7.140182,50.72639],[7.140258,50.726462],[7.14059,50.726346],[7.140524,50.726274],[7.140182,50.72639]]]},"properties":{"landuse_id":20082,"landuse_code":2600,"landuse":"Wald","environment":"forest","area_m2":256}},{"type":"Feature","geometry":{"type":"MultiPolygon","coordinates":[[[[7.184052,50.656952],[7.184404,50.658026],[7.184454,50.658001],[7.184407,50.657718],[7.184256,50.657402],[7.184284,50.657238],[7.184432,50.657083],[7.184779,50.656963],[7.184942,50.656863],[7.184779,50.656739],[7.184428,50.656804],[7.184212,50.656941],[7.184052,50.656952]]],[[[7.185384,50.658628],[7.185362,50.658616],[7.185271,50.658672],[7.185384,50.658628]]],[[[7.184731,50.657747],[7.18472,50.657611],[7.184508,50.657407],[7.184496,50.6573],[7.184586,50.657153],[7.184847,50.657117],[7.185131,50.656974],[7.184974,50.656887],[7.184815,50.656979],[7.184432,50.657113],[7.18433,50.657243],[7.184294,50.65736],[7.184448,50.657712],[7.184499,50.658015],[7.184682,50.658292],[7.184704,50.65855],[7.184779,50.658744],[7.184815,50.659052],[7.184909,50.658993],[7.184893,50.658855],[7.185133,50.658714],[7.184719,50.657795],[7.184731,50.657747]]]]},"properties":{"landuse_id":73,"landuse_code":2680,"landuse":"sonstige (kl.) Gehölzfläche","environment":"urban_green","area_m2":6499}},{"type":"Feature","geometry":{"type":"Polygon","coordinates":[[[7.036515,50.708945],[7.036414,50.709041],[7.036862,50.708895],[7.03695,50.70876],[7.037023,50.708635],[7.03675,50.708572],[7.036877,50.708364],[7.034895,50.708461],[7.034828,50.709342],[7.035786,50.709234],[7.035762,50.709047],[7.035723,50.708982],[7.035781,50.708844],[7.035948,50.708756],[7.03614,50.708767],[7.036185,50.708689],[7.036524,50.708751],[7.036596,50.708786],[7.036515,50.708945]],[[7.03563,50.709027],[7.035648,50.709149],[7.035359,50.709167],[7.035342,50.709045],[7.03563,50.709027]]]},"properties":{"landuse_id":19591,"landuse_code":2645,"landuse":"Grün-/ Parkfläche mit Baumbestand","environment":"urban_green","area_m2":9402}},{"type":"Feature","geometry":{"type":"Polygon","coordinates":[[[7.055414,50.724164],[7.055497,50.724262],[7.056455,50.723922],[7.056376,50.723835],[7.055414,50.724164]]]},"properties":{"landuse_id":21124,"landuse_code":2680,"landuse":"sonstige (kl.) Gehölzfläche","environment":"urban_green","area_m2":911}},{"type":"Feature","geometry":{"type":"Polygon","coordinates":[[[7.105906,50.682757],[7.106244,50.682376],[7.106581,50.68205],[7.10674,50.681819],[7.106743,50.681588],[7.106675,50.681651],[7.106641,50.681787],[7.106522,50.681949],[7.106029,50.68241],[7.105478,50.68273],[7.105684,50.682877],[7.105906,50.682757]]]},"properties":{"landuse_id":22945,"landuse_code":2680,"landuse":"sonstige (kl.) Gehölzfläche","environment":"urban_green","area_m2":1947}},{"type":"Feature","geometry":{"type":"MultiPolygon","coordinates":[[[[7.057614,50.724283],[7.057621,50.724291],[7.057623,50.724291],[7.057614,50.724283]]],[[[7.056386,50.724376],[7.057576,50.724294],[7.057292,50.724022],[7.056386,50.724376]]]]},"properties":{"landuse_id":21125,"landuse_code":2680,"landuse":"sonstige (kl.) Gehölzfläche","environment":"urban_green","area_m2":1387}},{"type":"Feature","geometry":{"type":"Polygon","coordinates":[[[7.063007,50.704384],[7.062842,50.704569],[7.063111,50.704623],[7.063728,50.703761],[7.063704,50.703721],[7.063627,50.703718],[7.063007,50.704384]]]},"properties":{"landuse_id":1779,"landuse_code":2670,"landuse":"Verkehrsbegleitgrün mit Baumbestand","environment":"urban_green","area_m2":1513}},{"type":"Feature","geometry":{"type":"Polygon","coordinates":[[[7.071815,50.70604],[7.071781,50.706149],[7.071294,50.706479],[7.071297,50.706523],[7.071903,50.706556],[7.071946,50.706442],[7.072186,50.706442],[7.072379,50.70631],[7.072133,50.706241],[7.071892,50.70623],[7.071815,50.70604]]]},"properties":{"landuse_id":20647,"landuse_code":2680,"landuse":"sonstige (kl.) Gehölzfläche","environment":"urban_green","area_m2":1861}},{"type":"Feature","geometry":{"type":"MultiPolygon","coordinates":[[[[7.072857,50.747153],[7.073103,50.747101],[7.073359,50.747089],[7.073109,50.747095],[7.072857,50.747153]]],[[[7.073589,50.747115],[7.073659,50.74713],[7.073618,50.747118],[7.073589,50.747115]]],[[[7.073922,50.747208],[7.075319,50.747821],[7.075331,50.747939],[7.075434,50.747856],[7.073922,50.747208]]]]},"properties":{"landuse_id":20086,"landuse_code":2670,"landuse":"Verkehrsbegleitgrün mit Baumbestand","environment":"urban_green","area_m2":197}},{"type":"Feature","geometry":{"type":"MultiPolygon","coordinates":[[[[7.094777,50.713484],[7.094625,50.713364],[7.094304,50.712919],[7.094146,50.712807],[7.093966,50.71272],[7.093386,50.71249],[7.093247,50.712364],[7.093152,50.712192],[7.093083,50.712151],[7.09297,50.712143],[7.09284,50.712277],[7.092826,50.71255],[7.093432,50.714036],[7.093481,50.714221],[7.093463,50.714399],[7.093385,50.714575],[7.092942,50.715046],[7.092872,50.715259],[7.092847,50.715948],[7.093872,50.715516],[7.094147,50.715377],[7.094894,50.714682],[7.095203,50.714281],[7.095355,50.71421],[7.095414,50.714147],[7.095066,50.713754],[7.095037,50.713617],[7.094777,50.713484]]],[[[7.095436,50.714185],[7.095442,50.714183],[7.09544,50.714181],[7.095436,50.714185]]]]},"properties":{"landuse_id":134,"landuse_code":2600,"landuse":"Wald","environment":"forest","area_m2":38460}},{"type":"Feature","geometry":{"type":"Polygon","coordinates":[[[7.070079,50.701946],[7.070338,50.702021],[7.070614,50.702028],[7.070648,50.701922],[7.070184,50.70186],[7.070111,50.701828],[7.070126,50.701924],[7.070079,50.701946]]]},"properties":{"landuse_id":16271,"landuse_code":2600,"landuse":"Wald","environment":"forest","area_m2":504}},{"type":"Feature","geometry":{"type":"Polygon","coordinates":[[[7.129022,50.756339],[7.129091,50.756341],[7.129396,50.755752],[7.131114,50.755324],[7.131475,50.755184],[7.133228,50.754802],[7.133097,50.754767],[7.132721,50.754721],[7.132504,50.754734],[7.129263,50.755619],[7.129208,50.75565],[7.129022,50.756339]]]},"properties":{"landuse_id":17054,"landuse_code":2680,"landuse":"sonstige (kl.) Gehölzfläche","environment":"urban_green","area_m2":6094}},{"type":"Feature","geometry":{"type":"Polygon","coordinates":[[[7.057826,50.730581],[7.055744,50.731255],[7.055923,50.731572],[7.057537,50.731018],[7.058093,50.731759],[7.058409,50.731572],[7.057826,50.730581]]]},"properties":{"landuse_id":5837,"landuse_code":2680,"landuse":"sonstige (kl.) Gehölzfläche","environment":"urban_green","area_m2":8671}},{"type":"Feature","geometry":{"type":"MultiPolygon","coordinates":[[[[7.144675,50.740877],[7.144653,50.740873],[7.144466,50.741249],[7.144136,50.742024],[7.144675,50.740877]]],[[[7.143888,50.742301],[7.143923,50.742263],[7.143901,50.742265],[7.143888,50.742301]]]]},"properties":{"landuse_id":1939,"landuse_code":2670,"landuse":"Verkehrsbegleitgrün mit Baumbestand","environment":"urban_green","area_m2":231}},{"type":"Feature","geometry":{"type":"Polygon","coordinates":[[[7.071947,50.700598],[7.072255,50.700656],[7.07226,50.700432],[7.072385,50.700286],[7.072398,50.700101],[7.072497,50.699969],[7.072636,50.699668],[7.072715,50.699592],[7.072201,50.699556],[7.072002,50.699497],[7.072132,50.699974],[7.072016,50.700028],[7.071832,50.699983],[7.07153,50.699816],[7.071523,50.699674],[7.071301,50.69975],[7.071446,50.700023],[7.071546,50.700089],[7.071971,50.700187],[7.072152,50.700293],[7.072078,50.700386],[7.072076,50.700449],[7.071947,50.700598]]]},"properties":{"landuse_id":16319,"landuse_code":2600,"landuse":"Wald","environment":"forest","area_m2":4401}},{"type":"Feature","geometry":{"type":"Polygon","coordinates":[[[7.059876,50.677683],[7.060043,50.677649],[7.060189,50.677555],[7.060398,50.677263],[7.060424,50.677175],[7.058815,50.674726],[7.056316,50.673977],[7.056232,50.673971],[7.050982,50.674857],[7.050623,50.67492],[7.050567,50.674957],[7.050683,50.675287],[7.051983,50.678299],[7.052045,50.678368],[7.052618,50.678334],[7.059876,50.677683]]]},"properties":{"landuse_id":144,"landuse_code":2600,"landuse":"Wald","environment":"forest","area_m2":243423}},{"type":"Feature","geometry":{"type":"Polygon","coordinates":[[[7.144653,50.740873],[7.144675,50.740877],[7.145184,50.74007],[7.145108,50.740049],[7.144653,50.740873]]]},"properties":{"landuse_id":20955,"landuse_code":2670,"landuse":"Verkehrsbegleitgrün mit Baumbestand","environment":"urban_green","area_m2":336}},{"type":"Feature","geometry":{"type":"Polygon","coordinates":[[[7.078217,50.760611],[7.078117,50.760557],[7.077777,50.761004],[7.077753,50.76115],[7.077832,50.761208],[7.078099,50.761256],[7.079272,50.761258],[7.079802,50.761317],[7.079947,50.761203],[7.079441,50.761152],[7.078259,50.761151],[7.078058,50.76109],[7.078037,50.76108],[7.078519,50.76074],[7.078217,50.760611]]]},"properties":{"landuse_id":16032,"landuse_code":2680,"landuse":"sonstige (kl.) Gehölzfläche","environment":"urban_green","area_m2":3544}},{"type":"Feature","geometry":{"type":"Polygon","coordinates":[[[7.116702,50.765887],[7.116828,50.766061],[7.116611,50.766121],[7.116901,50.766245],[7.117109,50.766167],[7.117237,50.766077],[7.117409,50.765859],[7.117032,50.765578],[7.116668,50.765794],[7.116702,50.765887]]]},"properties":{"landuse_id":9366,"landuse_code":2680,"landuse":"sonstige (kl.) Gehölzfläche","environment":"urban_green","area_m2":2338}},{"type":"Feature","geometry":{"type":"MultiPolygon","coordinates":[[[[7.063474,50.704964],[7.063474,50.704964],[7.063474,50.704964],[7.063474,50.704964]]],[[[7.063487,50.704966],[7.063322,50.705297],[7.063323,50.705448],[7.063386,50.705554],[7.06351,50.705648],[7.063685,50.705716],[7.0639,50.705748],[7.064301,50.705766],[7.064715,50.705721],[7.064962,50.705619],[7.065025,50.705453],[7.064913,50.705264],[7.064853,50.705232],[7.064599,50.705155],[7.063691,50.705052],[7.06368,50.704994],[7.063487,50.704966]]]]},"properties":{"landuse_id":282,"landuse_code":2670,"landuse":"Verkehrsbegleitgrün mit Baumbestand","environment":"urban_green","area_m2":7763}},{"type":"Feature","geometry":{"type":"Polygon","coordinates":[[[7.075268,50.704777],[7.075208,50.704153],[7.074908,50.704245],[7.075045,50.704806],[7.075268,50.704777]]]},"properties":{"landuse_id":15464,"landuse_code":2680,"landuse":"sonstige (kl.) Gehölzfläche","environment":"urban_green","area_m2":1234}},{"type":"Feature","geometry":{"type":"Polygon","coordinates":[[[7.137017,50.765225],[7.137086,50.765187],[7.137395,50.765276],[7.137853,50.765104],[7.137363,50.765025],[7.137367,50.76501],[7.136557,50.764925],[7.13586,50.764883],[7.13502,50.76487],[7.135016,50.76491],[7.135771,50.764968],[7.136463,50.765068],[7.137066,50.765198],[7.137017,50.765225]]]},"properties":{"landuse_id":2363,"landuse_code":2670,"landuse":"Verkehrsbegleitgrün mit Baumbestand","environment":"urban_green","area_m2":2967}},{"type":"Feature","geometry":{"type":"Polygon","coordinates":[[[7.162341,50.743313],[7.162328,50.742825],[7.162207,50.742886],[7.161957,50.742931],[7.161888,50.743021],[7.161972,50.743061],[7.161978,50.743311],[7.162341,50.743313]]]},"properties":{"landuse_id":17562,"landuse_code":2680,"landuse":"sonstige (kl.) Gehölzfläche","environment":"urban_green","area_m2":1280}},{"type":"Feature","geometry":{"type":"MultiPolygon","coordinates":[[[[7.125771,50.674275],[7.126139,50.673848],[7.126773,50.674089],[7.126368,50.67453],[7.127551,50.675028],[7.127414,50.674706],[7.127503,50.674544],[7.128671,50.673409],[7.128049,50.673363],[7.12778,50.673313],[7.126985,50.673113],[7.126744,50.673014],[7.125937,50.672872],[7.125777,50.672904],[7.125011,50.673287],[7.12402,50.67355],[7.125771,50.674275]]],[[[7.128393,50.672158],[7.127915,50.672016],[7.125934,50.671687],[7.125445,50.671622],[7.124713,50.67156],[7.12383,50.671521],[7.122864,50.671387],[7.121079,50.671398],[7.119471,50.671291],[7.119111,50.671328],[7.118841,50.671403],[7.123963,50.673527],[7.124983,50.67326],[7.125711,50.672896],[7.125913,50.672839],[7.126696,50.672966],[7.127042,50.672857],[7.127278,50.67282],[7.127482,50.672859],[7.127658,50.672836],[7.127845,50.672793],[7.127932,50.672703],[7.128648,50.672612],[7.129023,50.672441],[7.128393,50.672158]]],[[[7.129063,50.672458],[7.128669,50.672647],[7.127971,50.672726],[7.127874,50.67282],[7.127681,50.672863],[7.127483,50.672887],[7.127275,50.672854],[7.127061,50.672887],[7.126764,50.672985],[7.127018,50.673089],[7.127802,50.673285],[7.128072,50.673335],[7.1287,50.673383],[7.128825,50.673273],[7.129064,50.673149],[7.129608,50.673048],[7.129646,50.673005],[7.129566,50.672874],[7.129696,50.67279],[7.129703,50.672732],[7.129063,50.672458]]]]},"properties":{"landuse_id":16764,"landuse_code":2600,"landuse":"Wald","environment":"forest","area_m2":132649}},{"type":"Feature","geometry":{"type":"Polygon","coordinates":[[[7.064049,50.702467],[7.06391,50.702767],[7.063565,50.702736],[7.063563,50.702632],[7.063431,50.702614],[7.063403,50.702683],[7.063408,50.70297],[7.063353,50.703192],[7.063801,50.703422],[7.06415,50.703021],[7.064456,50.702558],[7.064049,50.702467]]]},"properties":{"landuse_id":20584,"landuse_code":2670,"landuse":"Verkehrsbegleitgrün mit Baumbestand","environment":"urban_green","area_m2":4304}},{"type":"Feature","geometry":{"type":"Polygon","coordinates":[[[7.168254,50.717227],[7.167917,50.717513],[7.168322,50.717573],[7.168669,50.717476],[7.16882,50.717226],[7.168424,50.717092],[7.168254,50.717227]]]},"properties":{"landuse_id":4917,"landuse_code":2680,"landuse":"sonstige (kl.) Gehölzfläche","environment":"urban_green","area_m2":1907}},{"type":"Feature","geometry":{"type":"Polygon","coordinates":[[[7.190947,50.734078],[7.190661,50.734093],[7.189824,50.734194],[7.189263,50.734314],[7.1893,50.734197],[7.189533,50.733863],[7.189468,50.733272],[7.189698,50.733299],[7.189634,50.733202],[7.189571,50.732974],[7.189629,50.732697],[7.189841,50.732437],[7.190431,50.731866],[7.190831,50.731685],[7.190871,50.731602],[7.190854,50.731508],[7.190681,50.731225],[7.190256,50.731547],[7.19023,50.731621],[7.190128,50.731735],[7.189821,50.731864],[7.189143,50.732388],[7.189162,50.732468],[7.189077,50.732634],[7.189059,50.732799],[7.188974,50.732913],[7.18897,50.732972],[7.188993,50.733025],[7.189166,50.733084],[7.189195,50.733123],[7.189153,50.733236],[7.189228,50.73334],[7.189231,50.733463],[7.189367,50.733606],[7.189387,50.733735],[7.189361,50.733795],[7.189445,50.733822],[7.189468,50.733861],[7.189258,50.734102],[7.189122,50.734194],[7.189096,50.734254],[7.189144,50.734408],[7.18913,50.734486],[7.189011,50.734585],[7.189029,50.734641],[7.189074,50.734695],[7.189375,50.734635],[7.189501,50.734563],[7.18976,50.734546],[7.189968,50.734471],[7.190228,50.734485],[7.190457,50.734416],[7.190973,50.734327],[7.191262,50.734324],[7.191793,50.734371],[7.191434,50.734253],[7.191266,50.73428],[7.190973,50.734191],[7.190937,50.73416],[7.190947,50.734078]]]},"properties":{"landuse_id":7117,"landuse_code":2600,"landuse":"Wald","environment":"forest","area_m2":15390}},{"type":"Feature","geometry":{"type":"Polygon","coordinates":[[[7.111857,50.743345],[7.111643,50.743306],[7.11153,50.743609],[7.11126,50.744092],[7.110815,50.744652],[7.110762,50.744851],[7.111143,50.744994],[7.110336,50.746209],[7.110708,50.746292],[7.11134,50.745317],[7.111914,50.745101],[7.111895,50.745069],[7.111938,50.745021],[7.112279,50.743701],[7.111978,50.743672],[7.111972,50.743367],[7.111857,50.743345]]]},"properties":{"landuse_id":371,"landuse_code":2680,"landuse":"sonstige (kl.) Gehölzfläche","environment":"urban_green","area_m2":16346}},{"type":"Feature","geometry":{"type":"Polygon","coordinates":[[[7.126881,50.766528],[7.127079,50.766538],[7.12715,50.766398],[7.127098,50.766359],[7.126932,50.766445],[7.126881,50.766528]]]},"properties":{"landuse_id":22957,"landuse_code":2680,"landuse":"sonstige (kl.) Gehölzfläche","environment":"urban_green","area_m2":222}},{"type":"Feature","geometry":{"type":"Polygon","coordinates":[[[7.15557,50.727808],[7.155371,50.727524],[7.154816,50.727675],[7.154547,50.727806],[7.1549,50.728059],[7.154688,50.728172],[7.154849,50.728452],[7.156722,50.728079],[7.156623,50.72788],[7.156542,50.727893],[7.156556,50.727942],[7.156371,50.727966],[7.156226,50.727659],[7.15557,50.727808]]]},"properties":{"landuse_id":2300,"landuse_code":2600,"landuse":"Wald","environment":"forest","area_m2":8451}},{"type":"Feature","geometry":{"type":"Polygon","coordinates":[[[7.142782,50.722528],[7.14214,50.721977],[7.142382,50.722401],[7.142212,50.722582],[7.142271,50.722658],[7.142782,50.722528]]]},"properties":{"landuse_id":17126,"landuse_code":2645,"landuse":"Grün-/ Parkfläche mit Baumbestand","environment":"urban_green","area_m2":1101}},{"type":"Feature","geometry":{"type":"Polygon","coordinates":[[[7.106593,50.719389],[7.106674,50.719864],[7.10667,50.720092],[7.106619,50.720316],[7.106764,50.720508],[7.106814,50.720082],[7.106902,50.719703],[7.106955,50.719181],[7.106349,50.719108],[7.106357,50.719047],[7.105555,50.718949],[7.105261,50.719772],[7.105406,50.71957],[7.105768,50.719243],[7.105977,50.719201],[7.106233,50.719194],[7.10642,50.719237],[7.106511,50.719289],[7.106593,50.719389]]]},"properties":{"landuse_id":5080,"landuse_code":2645,"landuse":"Grün-/ Parkfläche mit Baumbestand","environment":"urban_green","area_m2":4683}},{"type":"Feature","geometry":{"type":"Polygon","coordinates":[[[7.1407,50.720712],[7.140455,50.720498],[7.14046,50.720774],[7.1407,50.720712]]]},"properties":{"landuse_id":17125,"landuse_code":2645,"landuse":"Grün-/ Parkfläche mit Baumbestand","environment":"urban_green","area_m2":262}},{"type":"Feature","geometry":{"type":"MultiPolygon","coordinates":[[[[7.06371,50.704709],[7.063998,50.704733],[7.065038,50.704427],[7.065172,50.704437],[7.065178,50.704372],[7.065108,50.704251],[7.064915,50.704131],[7.064749,50.704094],[7.064556,50.704094],[7.064389,50.704133],[7.064232,50.704211],[7.063962,50.704423],[7.06371,50.704709]]],[[[7.065166,50.704474],[7.065079,50.704468],[7.064386,50.70468],[7.064389,50.704709],[7.064438,50.704733],[7.06473,50.704754],[7.064901,50.704719],[7.065106,50.704593],[7.065166,50.704474]]]]},"properties":{"landuse_id":283,"landuse_code":2670,"landuse":"Verkehrsbegleitgrün mit Baumbestand","environment":"urban_green","area_m2":4868}},{"type":"Feature","geometry":{"type":"Polygon","coordinates":[[[7.165842,50.725345],[7.165727,50.725583],[7.165727,50.725681],[7.16582,50.725792],[7.165917,50.726171],[7.166326,50.72696],[7.166552,50.727502],[7.168193,50.726927],[7.169018,50.726282],[7.169252,50.725893],[7.169345,50.725584],[7.168524,50.725461],[7.168539,50.725427],[7.169357,50.725551],[7.169654,50.724438],[7.168391,50.724327],[7.168384,50.724409],[7.168213,50.72445],[7.168185,50.724509],[7.168264,50.724608],[7.168096,50.724772],[7.168069,50.725017],[7.16814,50.725235],[7.168066,50.725347],[7.168048,50.725515],[7.167976,50.725688],[7.167916,50.725777],[7.167758,50.725909],[7.167573,50.725999],[7.167285,50.72619],[7.167153,50.726192],[7.166757,50.72607],[7.166398,50.725771],[7.166229,50.725454],[7.166292,50.725191],[7.166471,50.725035],[7.166546,50.724932],[7.16654,50.724848],[7.166482,50.724754],[7.166464,50.724582],[7.166504,50.72443],[7.166558,50.724392],[7.1669,50.724314],[7.166973,50.724279],[7.167013,50.724207],[7.166254,50.72414],[7.166285,50.724189],[7.166463,50.724251],[7.166444,50.724268],[7.166232,50.724219],[7.166164,50.724269],[7.166094,50.724489],[7.166123,50.724894],[7.165906,50.725173],[7.165842,50.725345]]]},"properties":{"landuse_id":1980,"landuse_code":2600,"landuse":"Wald","environment":"forest","area_m2":47650}},{"type":"Feature","geometry":{"type":"Polygon","coordinates":[[[7.050739,50.655642],[7.0514,50.655554],[7.051568,50.655549],[7.051731,50.655676],[7.051764,50.655673],[7.056714,50.655072],[7.056716,50.65502],[7.05496,50.651767],[7.048318,50.652709],[7.048613,50.653292],[7.049103,50.653989],[7.050553,50.655548],[7.050661,50.655636],[7.050739,50.655642]],[[7.051077,50.652448],[7.051115,50.65242],[7.051212,50.652436],[7.051458,50.652554],[7.051461,50.652597],[7.05131,50.652613],[7.051178,50.652582],[7.051084,50.652515],[7.051077,50.652448]]]},"properties":{"landuse_id":17503,"landuse_code":2600,"landuse":"Wald","environment":"forest","area_m2":174106}},{"type":"Feature","geometry":{"type":"MultiPolygon","coordinates":[[[[7.160087,50.738479],[7.160172,50.738491],[7.160623,50.738449],[7.161422,50.738341],[7.161598,50.738257],[7.161565,50.73823],[7.161718,50.738148],[7.162006,50.738006],[7.162047,50.738038],[7.162724,50.73769],[7.162931,50.737501],[7.163786,50.736272],[7.164265,50.735651],[7.164248,50.735563],[7.164171,50.735484],[7.163167,50.73492],[7.161888,50.734618],[7.161363,50.734533],[7.16137,50.734498],[7.161911,50.734587],[7.163133,50.734873],[7.163347,50.734967],[7.164125,50.735418],[7.164332,50.735515],[7.16437,50.735502],[7.164519,50.735306],[7.164647,50.735092],[7.164663,50.734379],[7.164591,50.734332],[7.162437,50.73408],[7.160928,50.733879],[7.160603,50.733818],[7.160591,50.733834],[7.159001,50.733105],[7.158426,50.732878],[7.15788,50.733374],[7.15763,50.733507],[7.156893,50.73399],[7.156801,50.734094],[7.156812,50.734173],[7.157,50.734355],[7.15783,50.734928],[7.158035,50.735004],[7.158498,50.735114],[7.158557,50.735121],[7.158599,50.735089],[7.158625,50.734882],[7.158706,50.734774],[7.158925,50.734634],[7.159225,50.734489],[7.159268,50.734523],[7.15889,50.734713],[7.158719,50.734847],[7.158668,50.735006],[7.158671,50.73542],[7.158635,50.735594],[7.158509,50.735979],[7.158308,50.736248],[7.157676,50.736744],[7.157512,50.736807],[7.157037,50.736909],[7.157013,50.736958],[7.15727,50.73721],[7.158243,50.737816],[7.158996,50.738122],[7.160147,50.738473],[7.160087,50.738479]],[[7.160936,50.734893],[7.160151,50.734978],[7.159525,50.734593],[7.159384,50.734442],[7.159246,50.734095],[7.159804,50.733706],[7.161172,50.734281],[7.161271,50.734353],[7.161336,50.734482],[7.160936,50.734893]],[[7.162098,50.736751],[7.162089,50.73681],[7.161917,50.736804],[7.162006,50.73673],[7.162052,50.736724],[7.162098,50.736751]]],[[[7.158472,50.732839],[7.158476,50.732844],[7.15848,50.732849],[7.158485,50.732855],[7.158491,50.73286],[7.158497,50.732865],[7.158504,50.73287],[7.158773,50.732977],[7.158472,50.732839]]],[[[7.157805,50.733344],[7.157633,50.73344],[7.15785,50.733315],[7.157805,50.733344]]],[[[7.157332,50.733605],[7.156803,50.733997],[7.157477,50.733526],[7.157332,50.733605]]],[[[7.157646,50.736703],[7.157505,50.736757],[7.157692,50.73668],[7.157646,50.736703]]]]},"properties":{"landuse_id":19672,"landuse_code":2600,"landuse":"Wald","environment":"forest","area_m2":196703}},{"type":"Feature","geometry":{"type":"Polygon","coordinates":[[[7.122132,50.755106],[7.122104,50.755297],[7.122321,50.755307],[7.122537,50.755283],[7.122434,50.755174],[7.122307,50.755105],[7.122132,50.755106]]]},"properties":{"landuse_id":22803,"landuse_code":2680,"landuse":"sonstige (kl.) Gehölzfläche","environment":"urban_green","area_m2":515}},{"type":"Feature","geometry":{"type":"Polygon","coordinates":[[[7.164498,50.724008],[7.163958,50.724554],[7.163441,50.725021],[7.164399,50.725582],[7.16423,50.725261],[7.164182,50.724933],[7.164267,50.724587],[7.164547,50.724063],[7.164498,50.724008]]]},"properties":{"landuse_id":1555,"landuse_code":2670,"landuse":"Verkehrsbegleitgrün mit Baumbestand","environment":"urban_green","area_m2":4181}},{"type":"Feature","geometry":{"type":"Polygon","coordinates":[[[7.122104,50.755297],[7.122132,50.755106],[7.122021,50.755161],[7.122,50.755219],[7.122004,50.755249],[7.122104,50.755297]]]},"properties":{"landuse_id":22804,"landuse_code":2680,"landuse":"sonstige (kl.) Gehölzfläche","environment":"urban_green","area_m2":130}},{"type":"Feature","geometry":{"type":"Polygon","coordinates":[[[7.174441,50.746616],[7.174795,50.746598],[7.174805,50.746644],[7.175719,50.746516],[7.175768,50.746633],[7.176167,50.746621],[7.176467,50.746757],[7.176575,50.746724],[7.176538,50.746521],[7.176275,50.74636],[7.176335,50.74625],[7.176937,50.746023],[7.177123,50.745754],[7.177247,50.74568],[7.177154,50.745557],[7.175903,50.745981],[7.175058,50.745684],[7.17457,50.745748],[7.174623,50.745915],[7.174766,50.745891],[7.174954,50.746316],[7.174366,50.746345],[7.1744,50.746566],[7.174441,50.746616]]]},"properties":{"landuse_id":1822,"landuse_code":2680,"landuse":"sonstige (kl.) Gehölzfläche","environment":"urban_green","area_m2":13116}},{"type":"Feature","geometry":{"type":"Polygon","coordinates":[[[7.133364,50.764775],[7.133234,50.76479],[7.135103,50.76477],[7.13613,50.764796],[7.137047,50.76486],[7.138039,50.765011],[7.138431,50.764739],[7.138078,50.763922],[7.137832,50.76289],[7.137678,50.763294],[7.137391,50.763667],[7.137094,50.763919],[7.136483,50.764244],[7.135841,50.764454],[7.135273,50.76457],[7.134772,50.764642],[7.133364,50.764775]]]},"properties":{"landuse_id":2362,"landuse_code":2670,"landuse":"Verkehrsbegleitgrün mit Baumbestand","environment":"urban_green","area_m2":20746}},{"type":"Feature","geometry":{"type":"Polygon","coordinates":[[[7.190351,50.647242],[7.190426,50.647371],[7.190385,50.647497],[7.190451,50.64754],[7.190562,50.647527],[7.19064,50.647401],[7.190502,50.647269],[7.190351,50.647242]]]},"properties":{"landuse_id":17960,"landuse_code":2680,"landuse":"sonstige (kl.) Gehölzfläche","environment":"urban_green","area_m2":393}},{"type":"Feature","geometry":{"type":"MultiPolygon","coordinates":[[[[7.173816,50.74709],[7.173786,50.746776],[7.173415,50.746781],[7.173375,50.746669],[7.172744,50.74679],[7.172774,50.746959],[7.172267,50.74716],[7.17224,50.747042],[7.172289,50.746911],[7.171987,50.746978],[7.172135,50.747466],[7.172354,50.747907],[7.172449,50.747901],[7.173321,50.747663],[7.173866,50.747577],[7.173816,50.74709]]],[[[7.171269,50.746866],[7.171245,50.746869],[7.171967,50.747001],[7.171961,50.746982],[7.171269,50.746866]]],[[[7.170551,50.747787],[7.17023,50.747786],[7.170225,50.747872],[7.170592,50.747939],[7.170669,50.747971],[7.170796,50.747984],[7.170941,50.747952],[7.171499,50.747971],[7.172038,50.748079],[7.172379,50.74793],[7.172325,50.747921],[7.172109,50.747471],[7.171972,50.747016],[7.171205,50.746873],[7.17064,50.746853],[7.170608,50.746934],[7.170551,50.747787]]]]},"properties":{"landuse_id":255,"landuse_code":2680,"landuse":"sonstige (kl.) Gehölzfläche","environment":"urban_green","area_m2":25456}},{"type":"Feature","geometry":{"type":"MultiPolygon","coordinates":[[[[7.045958,50.649201],[7.046005,50.649306],[7.045955,50.649174],[7.045958,50.649201]]],[[[7.046666,50.649801],[7.047094,50.650343],[7.047572,50.651124],[7.047915,50.651792],[7.048318,50.652709],[7.05496,50.651767],[7.050782,50.644175],[7.050734,50.644144],[7.047056,50.644971],[7.04695,50.645032],[7.046482,50.645902],[7.046307,50.646306],[7.046166,50.646737],[7.045952,50.647741],[7.045917,50.648224],[7.045933,50.648726],[7.046001,50.64925],[7.046108,50.649369],[7.046523,50.649608],[7.046666,50.649801]],[[7.049757,50.649464],[7.050145,50.64919],[7.050439,50.649123],[7.051058,50.649734],[7.050133,50.649954],[7.050031,50.649958],[7.049757,50.649464]]]]},"properties":{"landuse_id":22409,"landuse_code":2600,"landuse":"Wald","environment":"forest","area_m2":384690}},{"type":"Feature","geometry":{"type":"Polygon","coordinates":[[[7.179283,50.750793],[7.179377,50.750822],[7.179444,50.750775],[7.179736,50.75073],[7.179725,50.750561],[7.179552,50.7505],[7.179283,50.750793]]]},"properties":{"landuse_id":18222,"landuse_code":2680,"landuse":"sonstige (kl.) Gehölzfläche","environment":"urban_green","area_m2":601}},{"type":"Feature","geometry":{"type":"Polygon","coordinates":[[[7.134761,50.764462],[7.134837,50.764433],[7.134157,50.76414],[7.133859,50.764081],[7.133309,50.764056],[7.13307,50.764087],[7.132226,50.764274],[7.13147,50.764546],[7.131582,50.764577],[7.131881,50.764493],[7.132237,50.764346],[7.132785,50.764229],[7.133108,50.76418],[7.133584,50.764145],[7.133937,50.76416],[7.134176,50.764204],[7.134491,50.764366],[7.134761,50.764462]]]},"properties":{"landuse_id":22962,"landuse_code":2680,"landuse":"sonstige (kl.) Gehölzfläche","environment":"urban_green","area_m2":2111}},{"type":"Feature","geometry":{"type":"Polygon","coordinates":[[[7.196621,50.741079],[7.196729,50.740953],[7.196732,50.740913],[7.196677,50.740852],[7.1963,50.740664],[7.196355,50.740622],[7.196117,50.7405],[7.19571,50.740821],[7.196158,50.741053],[7.19598,50.741377],[7.195994,50.741585],[7.196178,50.741478],[7.196303,50.741449],[7.196621,50.741079]],[[7.196108,50.74071],[7.196184,50.740731],[7.19623,50.740775],[7.196199,50.740852],[7.196081,50.740925],[7.196009,50.740912],[7.195989,50.740822],[7.19606,50.740707],[7.196108,50.74071]]]},"properties":{"landuse_id":18176,"landuse_code":2600,"landuse":"Wald","environment":"forest","area_m2":3617}},{"type":"Feature","geometry":{"type":"Polygon","coordinates":[[[7.164851,50.739659],[7.16427,50.739534],[7.164154,50.739428],[7.163741,50.741691],[7.163915,50.741706],[7.164135,50.740321],[7.164203,50.740159],[7.164304,50.740058],[7.164383,50.74002],[7.16464,50.739968],[7.164712,50.739795],[7.164851,50.739659]]]},"properties":{"landuse_id":2402,"landuse_code":2680,"landuse":"sonstige (kl.) Gehölzfläche","environment":"urban_green","area_m2":4374}},{"type":"Feature","geometry":{"type":"Polygon","coordinates":[[[7.133446,50.715354],[7.133396,50.715095],[7.133329,50.715025],[7.133237,50.71498],[7.13308,50.714955],[7.132964,50.714968],[7.132747,50.715124],[7.132698,50.715211],[7.132873,50.715195],[7.133025,50.715104],[7.133175,50.715088],[7.13337,50.715202],[7.133446,50.715354]]]},"properties":{"landuse_id":22964,"landuse_code":2645,"landuse":"Grün-/ Parkfläche mit Baumbestand","environment":"urban_green","area_m2":776}},{"type":"Feature","geometry":{"type":"MultiPolygon","coordinates":[[[[7.087464,50.746458],[7.087295,50.745938],[7.08715,50.745633],[7.086988,50.745378],[7.086719,50.745071],[7.086446,50.745218],[7.08645,50.745236],[7.086717,50.745377],[7.086973,50.745549],[7.087144,50.745853],[7.087364,50.746448],[7.087384,50.746471],[7.087464,50.746458]]],[[[7.087012,50.745731],[7.087162,50.746133],[7.087187,50.746125],[7.087137,50.745983],[7.087012,50.745731]]],[[[7.087188,50.746201],[7.087213,50.746268],[7.087235,50.746261],[7.087211,50.746193],[7.087188,50.746201]]],[[[7.087239,50.746336],[7.087299,50.746498],[7.087259,50.74633],[7.087239,50.746336]]]]},"properties":{"landuse_id":8488,"landuse_code":2680,"landuse":"sonstige (kl.) Gehölzfläche","environment":"urban_green","area_m2":1840}},{"type":"Feature","geometry":{"type":"MultiPolygon","coordinates":[[[[7.176635,50.750066],[7.176953,50.749893],[7.177316,50.750076],[7.177654,50.74988],[7.178126,50.749546],[7.177784,50.749265],[7.177497,50.749441],[7.177522,50.74946],[7.177476,50.749488],[7.177451,50.749472],[7.176632,50.749987],[7.176694,50.750022],[7.176635,50.750066]]],[[[7.176605,50.749996],[7.176432,50.750015],[7.176502,50.750033],[7.176605,50.749996]]]]},"properties":{"landuse_id":18233,"landuse_code":2680,"landuse":"sonstige (kl.) Gehölzfläche","environment":"urban_green","area_m2":3754}},{"type":"Feature","geometry":{"type":"MultiPolygon","coordinates":[[[[7.160935,50.7223],[7.160895,50.722317],[7.160623,50.722253],[7.160252,50.722074],[7.160319,50.722112],[7.160304,50.722134],[7.160451,50.722199],[7.160466,50.722233],[7.160395,50.722518],[7.160457,50.722869],[7.160626,50.722843],[7.160953,50.722853],[7.161013,50.722719],[7.160935,50.7223]]],[[[7.16115,50.723047],[7.161129,50.722936],[7.161054,50.722936],[7.160972,50.722893],[7.160661,50.722869],[7.160202,50.722922],[7.159874,50.722927],[7.159354,50.722853],[7.159102,50.722986],[7.158847,50.723166],[7.159328,50.72319],[7.159834,50.723186],[7.16115,50.723047]]],[[[7.160206,50.722141],[7.159701,50.722618],[7.159427,50.722809],[7.159537,50.722858],[7.159842,50.722901],[7.160378,50.722889],[7.160337,50.722603],[7.160371,50.722211],[7.160206,50.722141]]]]},"properties":{"landuse_id":3359,"landuse_code":2600,"landuse":"Wald","environment":"forest","area_m2":10066}},{"type":"Feature","geometry":{"type":"Polygon","coordinates":[[[7.106621,50.720691],[7.105435,50.720701],[7.105383,50.72089],[7.106077,50.720806],[7.106621,50.720691]]]},"properties":{"landuse_id":20697,"landuse_code":2645,"landuse":"Grün-/ Parkfläche mit Baumbestand","environment":"urban_green","area_m2":1026}},{"type":"Feature","geometry":{"type":"MultiPolygon","coordinates":[[[[7.068144,50.765274],[7.068065,50.76529],[7.068112,50.76533],[7.068176,50.7653],[7.068144,50.765274]]],[[[7.068125,50.765341],[7.069425,50.766437],[7.069533,50.766385],[7.06819,50.765311],[7.068125,50.765341]]]]},"properties":{"landuse_id":16574,"landuse_code":2680,"landuse":"sonstige (kl.) Gehölzfläche","environment":"urban_green","area_m2":1185}},{"type":"Feature","geometry":{"type":"MultiPolygon","coordinates":[[[[7.141818,50.752029],[7.141818,50.752029],[7.141793,50.752029],[7.141793,50.752029],[7.141818,50.752029]]],[[[7.141828,50.752026],[7.142893,50.751698],[7.143123,50.751523],[7.143288,50.751476],[7.14329,50.75067],[7.143196,50.750534],[7.142977,50.750422],[7.142795,50.750394],[7.14256,50.750419],[7.14239,50.750486],[7.142246,50.750613],[7.142153,50.750833],[7.141946,50.751709],[7.141828,50.752026]]]]},"properties":{"landuse_id":4570,"landuse_code":2670,"landuse":"Verkehrsbegleitgrün mit Baumbestand","environment":"urban_green","area_m2":12393}},{"type":"Feature","geometry":{"type":"Polygon","coordinates":[[[7.127328,50.730641],[7.126755,50.731187],[7.1273,50.731432],[7.127345,50.73139],[7.127913,50.7317],[7.128193,50.731479],[7.127597,50.731154],[7.127901,50.730889],[7.127328,50.730641]]]},"properties":{"landuse_id":5497,"landuse_code":2680,"landuse":"sonstige (kl.) Gehölzfläche","environment":"urban_green","area_m2":5215}},{"type":"Feature","geometry":{"type":"Polygon","coordinates":[[[7.052214,50.752945],[7.054716,50.75189],[7.05446,50.751617],[7.053475,50.751976],[7.052325,50.752456],[7.05232,50.752508],[7.052214,50.752549],[7.052214,50.752945]]]},"properties":{"landuse_id":4814,"landuse_code":2670,"landuse":"Verkehrsbegleitgrün mit Baumbestand","environment":"urban_green","area_m2":7820}},{"type":"Feature","geometry":{"type":"Polygon","coordinates":[[[7.168893,50.658958],[7.16878,50.659035],[7.168659,50.65898],[7.168574,50.658984],[7.168495,50.659063],[7.168431,50.659014],[7.168133,50.658937],[7.168003,50.65896],[7.167543,50.658758],[7.167372,50.65889],[7.167236,50.658945],[7.1671,50.659043],[7.167483,50.659226],[7.167834,50.659495],[7.168368,50.65915],[7.168677,50.659378],[7.169084,50.659119],[7.168893,50.658958]]]},"properties":{"landuse_id":19658,"landuse_code":2680,"landuse":"sonstige (kl.) Gehölzfläche","environment":"urban_green","area_m2":5079}},{"type":"Feature","geometry":{"type":"Polygon","coordinates":[[[7.13759,50.721951],[7.137547,50.721887],[7.137442,50.72188],[7.137284,50.721918],[7.137143,50.721898],[7.137076,50.721863],[7.137011,50.721767],[7.136933,50.721754],[7.136722,50.721819],[7.137073,50.722037],[7.137263,50.722259],[7.137311,50.722384],[7.137422,50.722135],[7.13759,50.721951]]]},"properties":{"landuse_id":17121,"landuse_code":2645,"landuse":"Grün-/ Parkfläche mit Baumbestand","environment":"urban_green","area_m2":1402}},{"type":"Feature","geometry":{"type":"Polygon","coordinates":[[[7.138738,50.720937],[7.138155,50.721142],[7.138001,50.7213],[7.137909,50.721459],[7.137902,50.721547],[7.137985,50.721615],[7.138204,50.721608],[7.138613,50.721507],[7.138874,50.721472],[7.138945,50.721415],[7.13896,50.721203],[7.139002,50.721167],[7.13929,50.721059],[7.139342,50.720979],[7.139323,50.720935],[7.139232,50.720908],[7.138738,50.720937]]]},"properties":{"landuse_id":17122,"landuse_code":2645,"landuse":"Grün-/ Parkfläche mit Baumbestand","environment":"urban_green","area_m2":4488}},{"type":"Feature","geometry":{"type":"Polygon","coordinates":[[[7.168794,50.659303],[7.168677,50.659378],[7.168979,50.659626],[7.169048,50.659779],[7.169157,50.659897],[7.169995,50.660673],[7.170288,50.661086],[7.170355,50.661136],[7.170495,50.661096],[7.170354,50.66102],[7.170349,50.660863],[7.170278,50.660797],[7.170164,50.660773],[7.170129,50.66074],[7.170062,50.660615],[7.170079,50.660427],[7.169717,50.660338],[7.169678,50.660231],[7.169604,50.660179],[7.169617,50.660124],[7.169516,50.659974],[7.168975,50.659474],[7.168988,50.659409],[7.168899,50.659333],[7.168794,50.659303]]]},"properties":{"landuse_id":20534,"landuse_code":2680,"landuse":"sonstige (kl.) Gehölzfläche","environment":"urban_green","area_m2":2744}},{"type":"Feature","geometry":{"type":"Polygon","coordinates":[[[7.144675,50.740877],[7.14459,50.741061],[7.144706,50.74109],[7.144923,50.741055],[7.145335,50.741089],[7.145344,50.741061],[7.144675,50.740877]]]},"properties":{"landuse_id":22819,"landuse_code":2680,"landuse":"sonstige (kl.) Gehölzfläche","environment":"urban_green","area_m2":630}},{"type":"Feature","geometry":{"type":"MultiPolygon","coordinates":[[[[7.157281,50.738241],[7.157866,50.737641],[7.157212,50.737236],[7.156979,50.73702],[7.156453,50.736661],[7.156153,50.736563],[7.155763,50.73653],[7.155399,50.73644],[7.154614,50.736298],[7.154577,50.736312],[7.154417,50.7366],[7.1541,50.737327],[7.154015,50.737449],[7.153642,50.738307],[7.154389,50.738442],[7.154512,50.73819],[7.15463,50.738056],[7.155086,50.738209],[7.154805,50.738567],[7.155208,50.738801],[7.155338,50.738828],[7.155743,50.738726],[7.155717,50.738444],[7.156239,50.737919],[7.156946,50.738146],[7.156523,50.738598],[7.156962,50.73857],[7.157281,50.738241]]],[[[7.155009,50.73879],[7.155097,50.738882],[7.155098,50.738882],[7.155099,50.738881],[7.1551,50.738881],[7.155101,50.738881],[7.155102,50.738881],[7.155103,50.73888],[7.155103,50.73888],[7.155104,50.738879],[7.155105,50.738879],[7.155105,50.738878],[7.155106,50.738878],[7.155106,50.738877],[7.155107,50.738877],[7.155107,50.738876],[7.155108,50.738875],[7.155108,50.738875],[7.155108,50.738874],[7.155108,50.738874],[7.155108,50.738873],[7.155108,50.738872],[7.155107,50.738872],[7.15502,50.738788],[7.155019,50.738787],[7.155019,50.738787],[7.155018,50.738787],[7.155018,50.738787],[7.155017,50.738787],[7.155017,50.738786],[7.155016,50.738786],[7.155015,50.738786],[7.155015,50.738786],[7.155014,50.738786],[7.155014,50.738786],[7.155013,50.738786],[7.155012,50.738786],[7.155012,50.738786],[7.155011,50.738787],[7.155011,50.738787],[7.15501,50.738787],[7.15501,50.738787],[7.155009,50.738788],[7.155009,50.738788],[7.155008,50.738788],[7.155008,50.738789],[7.155008,50.738789],[7.155007,50.738789],[7.155009,50.73879]]]]},"properties":{"landuse_id":15055,"landuse_code":2600,"landuse":"Wald","environment":"forest","area_m2":47219}},{"type":"Feature","geometry":{"type":"Polygon","coordinates":[[[7.180262,50.67483],[7.179869,50.674718],[7.17978,50.674886],[7.180897,50.675171],[7.180941,50.675272],[7.180872,50.675308],[7.180503,50.675354],[7.18008,50.675307],[7.180152,50.675369],[7.18009,50.675528],[7.180582,50.67566],[7.180342,50.675981],[7.182624,50.676647],[7.182417,50.676921],[7.182547,50.676954],[7.1826,50.676943],[7.18297,50.676534],[7.183081,50.676576],[7.183665,50.675907],[7.18159,50.675323],[7.181657,50.675225],[7.180262,50.67483]]]},"properties":{"landuse_id":20536,"landuse_code":2680,"landuse":"sonstige (kl.) Gehölzfläche","environment":"urban_green","area_m2":24966}},{"type":"Feature","geometry":{"type":"Polygon","coordinates":[[[7.194863,50.650142],[7.194993,50.650244],[7.196318,50.649932],[7.195947,50.649652],[7.19464,50.649972],[7.194863,50.650142]]]},"properties":{"landuse_id":18068,"landuse_code":2680,"landuse":"sonstige (kl.) Gehölzfläche","environment":"urban_green","area_m2":3751}},{"type":"Feature","geometry":{"type":"Polygon","coordinates":[[[7.144703,50.740833],[7.144675,50.740877],[7.145344,50.741061],[7.145307,50.741022],[7.144865,50.740875],[7.144739,50.74086],[7.144703,50.740833]]]},"properties":{"landuse_id":22821,"landuse_code":2680,"landuse":"sonstige (kl.) Gehölzfläche","environment":"urban_green","area_m2":211}},{"type":"Feature","geometry":{"type":"Polygon","coordinates":[[[7.188743,50.651628],[7.189123,50.651961],[7.190237,50.6514],[7.189863,50.651019],[7.18976,50.651],[7.189099,50.651161],[7.188571,50.651434],[7.188563,50.651471],[7.188743,50.651628]]]},"properties":{"landuse_id":18075,"landuse_code":2680,"landuse":"sonstige (kl.) Gehölzfläche","environment":"urban_green","area_m2":6812}},{"type":"Feature","geometry":{"type":"Polygon","coordinates":[[[7.205084,50.65095],[7.205301,50.651049],[7.205587,50.651138],[7.205721,50.651156],[7.205832,50.651083],[7.205156,50.650861],[7.205084,50.65095]]]},"properties":{"landuse_id":18118,"landuse_code":2680,"landuse":"sonstige (kl.) Gehölzfläche","environment":"urban_green","area_m2":705}},{"type":"Feature","geometry":{"type":"MultiPolygon","coordinates":[[[[7.10499,50.713778],[7.104815,50.713655],[7.104748,50.713666],[7.104579,50.713581],[7.104434,50.713859],[7.104938,50.713916],[7.105195,50.713915],[7.105241,50.713842],[7.10499,50.713778]]],[[[7.104704,50.71362],[7.104726,50.713637],[7.104727,50.713638],[7.104729,50.713639],[7.104734,50.71364],[7.104739,50.713641],[7.104744,50.713642],[7.10475,50.713643],[7.104755,50.713643],[7.10476,50.713644],[7.104765,50.713644],[7.104769,50.713644],[7.104773,50.713643],[7.104776,50.713643],[7.104777,50.713643],[7.104704,50.71362]]]]},"properties":{"landuse_id":13833,"landuse_code":2645,"landuse":"Grün-/ Parkfläche mit Baumbestand","environment":"urban_green","area_m2":1120}},{"type":"Feature","geometry":{"type":"MultiPolygon","coordinates":[[[[7.124567,50.653503],[7.124737,50.653524],[7.127425,50.654165],[7.127556,50.65424],[7.127638,50.654388],[7.127935,50.654424],[7.128572,50.654327],[7.129574,50.654311],[7.130162,50.654212],[7.130694,50.654026],[7.130917,50.65399],[7.131139,50.653922],[7.131299,50.653894],[7.131588,50.653936],[7.131681,50.653923],[7.132289,50.653247],[7.132524,50.652911],[7.133138,50.652771],[7.133518,50.652404],[7.133207,50.65218],[7.132602,50.651862],[7.132241,50.651544],[7.13196,50.651467],[7.131574,50.651501],[7.130677,50.651451],[7.130376,50.651469],[7.130006,50.651554],[7.129772,50.651758],[7.12943,50.651846],[7.128764,50.651899],[7.12836,50.651984],[7.127772,50.65218],[7.127265,50.65253],[7.127047,50.652617],[7.126741,50.652635],[7.126534,50.65269],[7.126138,50.652701],[7.125766,50.652752],[7.125513,50.652842],[7.125234,50.653057],[7.12487,50.653412],[7.124741,50.653484],[7.124567,50.653503]]],[[[7.13064,50.65493],[7.131169,50.654495],[7.131443,50.654351],[7.131571,50.65421],[7.131668,50.653952],[7.131592,50.653959],[7.131305,50.653919],[7.131154,50.653943],[7.130913,50.654014],[7.1307,50.654049],[7.13019,50.65423],[7.129576,50.654336],[7.129322,50.654346],[7.129753,50.654516],[7.130285,50.654936],[7.130539,50.655013],[7.13064,50.65493]]],[[[7.132232,50.651504],[7.132155,50.651436],[7.132027,50.651448],[7.132232,50.651504]]]]},"properties":{"landuse_id":1877,"landuse_code":2600,"landuse":"Wald","environment":"forest","area_m2":130204}},{"type":"Feature","geometry":{"type":"Polygon","coordinates":[[[7.064068,50.706113],[7.064034,50.705969],[7.063183,50.705955],[7.062953,50.705996],[7.062752,50.706077],[7.062597,50.706193],[7.062411,50.706428],[7.061822,50.7074],[7.062262,50.707533],[7.063059,50.707867],[7.063035,50.707754],[7.062755,50.707591],[7.062147,50.707349],[7.06228,50.70699],[7.062806,50.706262],[7.062945,50.706167],[7.063296,50.706109],[7.063849,50.706107],[7.063908,50.706347],[7.063863,50.706133],[7.064068,50.706113]]]},"properties":{"landuse_id":7305,"landuse_code":2670,"landuse":"Verkehrsbegleitgrün mit Baumbestand","environment":"urban_green","area_m2":5143}},{"type":"Feature","geometry":{"type":"Polygon","coordinates":[[[7.189625,50.729513],[7.189681,50.729315],[7.189911,50.728994],[7.18924,50.728662],[7.188963,50.728492],[7.188544,50.72878],[7.188866,50.728991],[7.188811,50.729292],[7.189303,50.729477],[7.189625,50.729513]]]},"properties":{"landuse_id":20303,"landuse_code":2600,"landuse":"Wald","environment":"forest","area_m2":5874}},{"type":"Feature","geometry":{"type":"MultiPolygon","coordinates":[[[[7.040937,50.664157],[7.040937,50.664157],[7.040937,50.664235],[7.040937,50.664221],[7.040937,50.664157]]],[[[7.039889,50.66661],[7.040239,50.667444],[7.041097,50.668201],[7.041961,50.669637],[7.049156,50.671787],[7.045043,50.662334],[7.045003,50.662316],[7.041127,50.663892],[7.040997,50.663981],[7.040989,50.664565],[7.040962,50.664648],[7.040162,50.665537],[7.03989,50.666069],[7.039881,50.666155],[7.039955,50.666518],[7.039944,50.666578],[7.039889,50.66661]]],[[[7.042177,50.669726],[7.042356,50.669779],[7.042325,50.669769],[7.042177,50.669726]]]]},"properties":{"landuse_id":1394,"landuse_code":2600,"landuse":"Wald","environment":"forest","area_m2":365241}},{"type":"Feature","geometry":{"type":"Polygon","coordinates":[[[7.178332,50.745043],[7.178396,50.745223],[7.177776,50.745328],[7.177811,50.745412],[7.177465,50.745476],[7.177524,50.745553],[7.177644,50.745545],[7.177511,50.745887],[7.177602,50.746144],[7.177578,50.746371],[7.177386,50.746517],[7.177264,50.74654],[7.178135,50.746654],[7.178547,50.746191],[7.179138,50.746285],[7.179221,50.746183],[7.179304,50.745983],[7.179292,50.745799],[7.179003,50.745313],[7.178873,50.745224],[7.178495,50.745109],[7.17837,50.745037],[7.178332,50.745043]]]},"properties":{"landuse_id":1104,"landuse_code":2680,"landuse":"sonstige (kl.) Gehölzfläche","environment":"urban_green","area_m2":15128}},{"type":"Feature","geometry":{"type":"MultiPolygon","coordinates":[[[[7.081196,50.714735],[7.081025,50.714579],[7.081038,50.714639],[7.081772,50.715322],[7.081806,50.715327],[7.081196,50.714735]]],[[[7.080704,50.715835],[7.081959,50.715803],[7.081806,50.715643],[7.081753,50.715365],[7.081089,50.714747],[7.081143,50.715027],[7.080924,50.715472],[7.080704,50.715835]]]]},"properties":{"landuse_id":3774,"landuse_code":2600,"landuse":"Wald","environment":"forest","area_m2":5386}},{"type":"Feature","geometry":{"type":"MultiPolygon","coordinates":[[[[7.173853,50.711178],[7.173859,50.711188],[7.173878,50.71121],[7.173884,50.71121],[7.173853,50.711178]]],[[[7.173593,50.710845],[7.173611,50.710809],[7.173603,50.710816],[7.173599,50.710824],[7.173595,50.710833],[7.173592,50.710841],[7.173591,50.71085],[7.173591,50.710855],[7.173593,50.710845]]],[[[7.173477,50.710945],[7.172682,50.711623],[7.172813,50.711681],[7.172949,50.711519],[7.173032,50.711538],[7.17305,50.711523],[7.173344,50.711612],[7.173845,50.711276],[7.17386,50.711237],[7.173591,50.710931],[7.173564,50.710856],[7.173477,50.710945]]]]},"properties":{"landuse_id":6246,"landuse_code":2680,"landuse":"sonstige (kl.) Gehölzfläche","environment":"urban_green","area_m2":2891}},{"type":"Feature","geometry":{"type":"Polygon","coordinates":[[[7.201718,50.744989],[7.201797,50.744954],[7.201736,50.744963],[7.201718,50.744989]]]},"properties":{"landuse_id":9600,"landuse_code":2600,"landuse":"Wald","environment":"forest","area_m2":6}},{"type":"Feature","geometry":{"type":"MultiPolygon","coordinates":[[[[7.165368,50.739068],[7.165913,50.739091],[7.165886,50.739103],[7.165906,50.739128],[7.165931,50.739116],[7.166316,50.739622],[7.166528,50.739434],[7.166119,50.739155],[7.167264,50.738846],[7.167394,50.738741],[7.168359,50.738521],[7.168752,50.737982],[7.168775,50.738002],[7.168383,50.738541],[7.167424,50.73876],[7.167279,50.738876],[7.166173,50.73917],[7.166558,50.739433],[7.166325,50.739639],[7.166366,50.739713],[7.166712,50.740106],[7.167807,50.739774],[7.168768,50.739421],[7.16953,50.739374],[7.169498,50.738105],[7.16945,50.737947],[7.169381,50.7379],[7.169236,50.737865],[7.168732,50.737819],[7.167464,50.737606],[7.167329,50.737513],[7.166811,50.737689],[7.166413,50.737767],[7.161534,50.738431],[7.161553,50.738841],[7.164227,50.739021],[7.165368,50.739068]]],[[[7.161445,50.738712],[7.161176,50.738728],[7.161172,50.7387],[7.161047,50.73868],[7.160786,50.738699],[7.160775,50.738751],[7.160941,50.738797],[7.161439,50.738833],[7.161478,50.738749],[7.161445,50.738712]]]]},"properties":{"landuse_id":4367,"landuse_code":2600,"landuse":"Wald","environment":"forest","area_m2":83071}},{"type":"Feature","geometry":{"type":"Polygon","coordinates":[[[7.131567,50.682192],[7.131969,50.682109],[7.132265,50.682082],[7.133011,50.681345],[7.132912,50.681331],[7.132934,50.681281],[7.132846,50.681302],[7.132351,50.681167],[7.132392,50.681146],[7.132641,50.68117],[7.133068,50.680552],[7.132903,50.680525],[7.131235,50.680088],[7.130152,50.67974],[7.12973,50.679875],[7.130746,50.680163],[7.130813,50.680235],[7.130613,50.680615],[7.13002,50.681529],[7.130029,50.683048],[7.130108,50.683069],[7.130101,50.683118],[7.130298,50.683181],[7.130513,50.682921],[7.13118,50.683156],[7.133111,50.68317],[7.133036,50.682566],[7.132614,50.682573],[7.132617,50.68232],[7.131978,50.682367],[7.132052,50.682564],[7.131762,50.682577],[7.131567,50.682192]]]},"properties":{"landuse_id":16772,"landuse_code":2600,"landuse":"Wald","environment":"forest","area_m2":57853}},{"type":"Feature","geometry":{"type":"Polygon","coordinates":[[[7.148645,50.744889],[7.148283,50.744785],[7.147607,50.744359],[7.1468,50.744811],[7.147248,50.745117],[7.147436,50.745123],[7.14767,50.744996],[7.147978,50.745185],[7.146865,50.745873],[7.14695,50.745939],[7.147131,50.746204],[7.147163,50.746322],[7.147438,50.746448],[7.147603,50.746403],[7.148053,50.746648],[7.148254,50.746642],[7.149499,50.74575],[7.149548,50.745659],[7.14955,50.745636],[7.149252,50.745419],[7.149094,50.745185],[7.148645,50.744889]],[[7.148141,50.745608],[7.147885,50.745774],[7.147645,50.745618],[7.147917,50.745453],[7.148141,50.745608]],[[7.147539,50.74624],[7.147313,50.746109],[7.147544,50.745947],[7.14793,50.745973],[7.147539,50.74624]]]},"properties":{"landuse_id":20339,"landuse_code":2600,"landuse":"Wald","environment":"forest","area_m2":25290}},{"type":"Feature","geometry":{"type":"Polygon","coordinates":[[[7.04075,50.737151],[7.04089,50.737237],[7.041006,50.737403],[7.040972,50.738228],[7.040872,50.738427],[7.041025,50.738517],[7.040987,50.7386],[7.041158,50.738699],[7.041268,50.737443],[7.041711,50.737439],[7.041716,50.737382],[7.041136,50.737387],[7.041143,50.737087],[7.040717,50.737075],[7.040716,50.737137],[7.04075,50.737151]]]},"properties":{"landuse_id":13358,"landuse_code":2645,"landuse":"Grün-/ Parkfläche mit Baumbestand","environment":"urban_green","area_m2":3231}},{"type":"Feature","geometry":{"type":"Polygon","coordinates":[[[7.065371,50.701354],[7.066099,50.701434],[7.066142,50.701053],[7.066272,50.700624],[7.06625,50.700449],[7.066116,50.700238],[7.066074,50.700244],[7.065975,50.700122],[7.065954,50.700032],[7.065805,50.699897],[7.065726,50.699883],[7.065641,50.699882],[7.065357,50.699939],[7.065434,50.700818],[7.065371,50.701354]]]},"properties":{"landuse_id":1147,"landuse_code":2670,"landuse":"Verkehrsbegleitgrün mit Baumbestand","environment":"urban_green","area_m2":8578}},{"type":"Feature","geometry":{"type":"Polygon","coordinates":[[[7.063964,50.713369],[7.062959,50.712355],[7.062194,50.711378],[7.062022,50.711416],[7.062701,50.712394],[7.063694,50.713449],[7.06371,50.713465],[7.063964,50.713369]]]},"properties":{"landuse_id":2821,"landuse_code":2670,"landuse":"Verkehrsbegleitgrün mit Baumbestand","environment":"urban_green","area_m2":4502}},{"type":"Feature","geometry":{"type":"Polygon","coordinates":[[[7.138083,50.754623],[7.138102,50.754654],[7.138564,50.754727],[7.138687,50.754714],[7.138572,50.754652],[7.138356,50.754598],[7.138124,50.754586],[7.138083,50.754623]]]},"properties":{"landuse_id":22828,"landuse_code":2680,"landuse":"sonstige (kl.) Gehölzfläche","environment":"urban_green","area_m2":372}},{"type":"Feature","geometry":{"type":"Polygon","coordinates":[[[7.160811,50.663413],[7.160545,50.663228],[7.160053,50.66323],[7.160046,50.663092],[7.159487,50.663098],[7.159483,50.662938],[7.15901,50.662933],[7.15899,50.663077],[7.158945,50.663137],[7.158937,50.663368],[7.159115,50.663379],[7.159117,50.663432],[7.158938,50.663547],[7.158797,50.663768],[7.158805,50.663842],[7.159499,50.663777],[7.160006,50.663685],[7.160504,50.663555],[7.160811,50.663413]]]},"properties":{"landuse_id":1992,"landuse_code":2600,"landuse":"Wald","environment":"forest","area_m2":8375}},{"type":"Feature","geometry":{"type":"Polygon","coordinates":[[[7.130668,50.718018],[7.130534,50.71796],[7.130389,50.717933],[7.130002,50.717903],[7.130028,50.717977],[7.129979,50.718136],[7.12986,50.718295],[7.129782,50.718343],[7.13025,50.718152],[7.130668,50.718018]]]},"properties":{"landuse_id":16850,"landuse_code":2645,"landuse":"Grün-/ Parkfläche mit Baumbestand","environment":"urban_green","area_m2":1045}},{"type":"Feature","geometry":{"type":"Polygon","coordinates":[[[7.074015,50.70415],[7.074016,50.704186],[7.074168,50.704188],[7.074308,50.704149],[7.074284,50.70407],[7.074343,50.703893],[7.074468,50.703851],[7.074428,50.703794],[7.074216,50.703803],[7.074192,50.703825],[7.074203,50.70414],[7.074015,50.70415]]]},"properties":{"landuse_id":22761,"landuse_code":2680,"landuse":"sonstige (kl.) Gehölzfläche","environment":"urban_green","area_m2":487}},{"type":"Feature","geometry":{"type":"Polygon","coordinates":[[[7.135684,50.75426],[7.135812,50.754309],[7.136446,50.754375],[7.136376,50.754304],[7.136022,50.754231],[7.135798,50.754216],[7.135713,50.754233],[7.135684,50.75426]]]},"properties":{"landuse_id":22826,"landuse_code":2680,"landuse":"sonstige (kl.) Gehölzfläche","environment":"urban_green","area_m2":498}},{"type":"Feature","geometry":{"type":"Polygon","coordinates":[[[7.136833,50.754434],[7.136884,50.754466],[7.137416,50.754545],[7.137503,50.754535],[7.137516,50.754515],[7.137414,50.75446],[7.136958,50.754385],[7.136833,50.754434]]]},"properties":{"landuse_id":22827,"landuse_code":2680,"landuse":"sonstige (kl.) Gehölzfläche","environment":"urban_green","area_m2":425}},{"type":"Feature","geometry":{"type":"Polygon","coordinates":[[[7.093181,50.699043],[7.093593,50.698928],[7.093671,50.698749],[7.093831,50.69865],[7.094047,50.698561],[7.096119,50.698015],[7.096115,50.697927],[7.097135,50.697825],[7.097049,50.697446],[7.096806,50.696923],[7.096828,50.696604],[7.09667,50.696307],[7.096768,50.695872],[7.096943,50.695486],[7.097137,50.694444],[7.096523,50.694538],[7.096115,50.694576],[7.095636,50.694662],[7.094955,50.694731],[7.094729,50.694786],[7.09422,50.694818],[7.093669,50.694884],[7.093161,50.695054],[7.092703,50.695161],[7.092422,50.695273],[7.09235,50.695326],[7.092261,50.695532],[7.091958,50.695962],[7.091849,50.696214],[7.09172,50.696338],[7.091582,50.696421],[7.091602,50.696542],[7.091708,50.69689],[7.091943,50.697315],[7.091988,50.697379],[7.091981,50.697311],[7.092025,50.697307],[7.092113,50.697435],[7.092039,50.697445],[7.093181,50.699043]]]},"properties":{"landuse_id":1698,"landuse_code":2600,"landuse":"Wald","environment":"forest","area_m2":135188}},{"type":"Feature","geometry":{"type":"Polygon","coordinates":[[[7.147741,50.754473],[7.147457,50.754739],[7.147423,50.754922],[7.147365,50.754995],[7.147039,50.75523],[7.146804,50.755339],[7.146835,50.755383],[7.147327,50.755273],[7.147376,50.755225],[7.147392,50.755154],[7.147562,50.755025],[7.147759,50.755033],[7.147684,50.754904],[7.147801,50.754887],[7.1478,50.754784],[7.147962,50.754713],[7.1478,50.754486],[7.147741,50.754473]]]},"properties":{"landuse_id":13497,"landuse_code":2645,"landuse":"Grün-/ Parkfläche mit Baumbestand","environment":"urban_green","area_m2":2094}},{"type":"Feature","geometry":{"type":"Polygon","coordinates":[[[7.132996,50.716998],[7.132809,50.716744],[7.132659,50.716758],[7.1325,50.716824],[7.132325,50.716861],[7.132141,50.716754],[7.131507,50.717176],[7.131465,50.717228],[7.131512,50.717506],[7.131416,50.717778],[7.132621,50.717395],[7.132803,50.717266],[7.132996,50.716998]]]},"properties":{"landuse_id":16851,"landuse_code":2645,"landuse":"Grün-/ Parkfläche mit Baumbestand","environment":"urban_green","area_m2":7251}},{"type":"Feature","geometry":{"type":"MultiPolygon","coordinates":[[[[7.103747,50.733806],[7.10379,50.733784],[7.103742,50.733747],[7.103699,50.73377],[7.103747,50.733806]]],[[[7.104011,50.734002],[7.104092,50.734051],[7.10416,50.734018],[7.103971,50.733846],[7.103893,50.733883],[7.103888,50.73391],[7.104011,50.734002]]],[[[7.107157,50.732028],[7.107115,50.732049],[7.106983,50.732282],[7.107157,50.732028]]],[[[7.106526,50.732339],[7.104433,50.733373],[7.103803,50.733714],[7.103897,50.733787],[7.103937,50.733767],[7.104295,50.733979],[7.104454,50.733991],[7.106379,50.733021],[7.106467,50.732946],[7.106675,50.73261],[7.106746,50.732354],[7.106706,50.732343],[7.106786,50.732211],[7.106526,50.732339]]],[[[7.104213,50.734125],[7.104262,50.734099],[7.104203,50.734054],[7.104158,50.734106],[7.104213,50.734125]]]]},"properties":{"landuse_id":23080,"landuse_code":2645,"landuse":"Grün-/ Parkfläche mit Baumbestand","environment":"urban_green","area_m2":12722}},{"type":"Feature","geometry":{"type":"Polygon","coordinates":[[[7.15407,50.757757],[7.154198,50.757562],[7.154176,50.757541],[7.15414,50.75759],[7.153909,50.757582],[7.153737,50.75769],[7.15407,50.757757]]]},"properties":{"landuse_id":22830,"landuse_code":2680,"landuse":"sonstige (kl.) Gehölzfläche","environment":"urban_green","area_m2":370}},{"type":"Feature","geometry":{"type":"Polygon","coordinates":[[[7.153904,50.75696],[7.154008,50.757049],[7.154138,50.757077],[7.154165,50.75701],[7.15408,50.756851],[7.153969,50.756846],[7.15392,50.756888],[7.153904,50.75696]]]},"properties":{"landuse_id":22831,"landuse_code":2680,"landuse":"sonstige (kl.) Gehölzfläche","environment":"urban_green","area_m2":311}},{"type":"Feature","geometry":{"type":"MultiPolygon","coordinates":[[[[7.081025,50.714579],[7.081196,50.714735],[7.081436,50.714949],[7.081415,50.714929],[7.081268,50.714797],[7.081215,50.714748],[7.081131,50.714667],[7.08109,50.714628],[7.081061,50.714603],[7.081023,50.714576],[7.081025,50.714579]]],[[[7.082514,50.71591],[7.083561,50.715695],[7.083277,50.715088],[7.081764,50.715056],[7.081012,50.714446],[7.080958,50.714426],[7.081031,50.714497],[7.081042,50.714563],[7.082481,50.715914],[7.082514,50.71591]]]]},"properties":{"landuse_id":3775,"landuse_code":2600,"landuse":"Wald","environment":"forest","area_m2":9100}},{"type":"Feature","geometry":{"type":"Polygon","coordinates":[[[7.197829,50.649835],[7.196757,50.650479],[7.197174,50.650688],[7.197201,50.650583],[7.19717,50.65047],[7.197221,50.650396],[7.197302,50.650334],[7.197525,50.650295],[7.197789,50.649955],[7.197829,50.649835]]]},"properties":{"landuse_id":7410,"landuse_code":2680,"landuse":"sonstige (kl.) Gehölzfläche","environment":"urban_green","area_m2":1792}},{"type":"Feature","geometry":{"type":"Polygon","coordinates":[[[7.153476,50.720685],[7.153374,50.720765],[7.153287,50.720756],[7.153253,50.72084],[7.15353,50.720928],[7.153601,50.72087],[7.153712,50.720906],[7.153661,50.720971],[7.154883,50.721362],[7.154839,50.721227],[7.154866,50.721183],[7.15474,50.721112],[7.154497,50.721009],[7.15396,50.720837],[7.153411,50.720736],[7.153476,50.720685]]]},"properties":{"landuse_id":1403,"landuse_code":2670,"landuse":"Verkehrsbegleitgrün mit Baumbestand","environment":"urban_green","area_m2":2471}},{"type":"Feature","geometry":{"type":"MultiPolygon","coordinates":[[[[7.179057,50.724637],[7.178492,50.724604],[7.178481,50.724494],[7.178125,50.724427],[7.178105,50.724471],[7.177958,50.72444],[7.178212,50.723915],[7.178357,50.723935],[7.178619,50.723259],[7.178193,50.723084],[7.177299,50.722818],[7.177073,50.722715],[7.176821,50.722489],[7.17667,50.722256],[7.176366,50.722113],[7.176301,50.722132],[7.175974,50.722471],[7.174119,50.724579],[7.17388,50.724897],[7.173865,50.724954],[7.173926,50.725214],[7.174179,50.726087],[7.174238,50.726264],[7.174322,50.726384],[7.174479,50.726384],[7.174888,50.726278],[7.175005,50.726189],[7.175078,50.726081],[7.175233,50.725971],[7.175539,50.725772],[7.175762,50.725701],[7.176077,50.725639],[7.17642,50.72567],[7.177281,50.72548],[7.17884,50.725366],[7.179057,50.724637]],[[7.175893,50.724494],[7.176154,50.72461],[7.175586,50.725068],[7.175344,50.724987],[7.175893,50.724494]]],[[[7.175618,50.725789],[7.175631,50.725784],[7.175579,50.7258],[7.175527,50.725833],[7.175618,50.725789]]],[[[7.176084,50.725674],[7.176084,50.725674],[7.176084,50.725674],[7.176084,50.725674]]]]},"properties":{"landuse_id":7729,"landuse_code":2600,"landuse":"Wald","environment":"forest","area_m2":93769}},{"type":"Feature","geometry":{"type":"Polygon","coordinates":[[[7.067158,50.714537],[7.065677,50.714492],[7.065349,50.714411],[7.065131,50.714316],[7.064742,50.714093],[7.063964,50.713369],[7.06371,50.713465],[7.064565,50.714257],[7.064885,50.714458],[7.065222,50.71459],[7.065645,50.714676],[7.066223,50.714691],[7.06622,50.714637],[7.066251,50.714612],[7.066903,50.7146],[7.067059,50.714587],[7.067158,50.714537]]]},"properties":{"landuse_id":20719,"landuse_code":2670,"landuse":"Verkehrsbegleitgrün mit Baumbestand","environment":"urban_green","area_m2":5593}},{"type":"Feature","geometry":{"type":"Polygon","coordinates":[[[7.118939,50.680417],[7.118864,50.680781],[7.118644,50.680984],[7.118562,50.681098],[7.118537,50.681203],[7.11845,50.681294],[7.118482,50.681276],[7.118746,50.681951],[7.119819,50.681996],[7.119828,50.681968],[7.122172,50.681504],[7.118931,50.680455],[7.118939,50.680417]]]},"properties":{"landuse_id":10029,"landuse_code":2600,"landuse":"Wald","environment":"forest","area_m2":24041}},{"type":"Feature","geometry":{"type":"MultiPolygon","coordinates":[[[[7.175466,50.742139],[7.175853,50.742449],[7.176601,50.742154],[7.176396,50.741753],[7.175988,50.741718],[7.175843,50.741751],[7.17573,50.741969],[7.175626,50.742028],[7.175648,50.742046],[7.175466,50.742139]]],[[[7.175879,50.742471],[7.175656,50.742565],[7.175521,50.742673],[7.175667,50.74278],[7.175861,50.742757],[7.175841,50.742661],[7.176026,50.742623],[7.175955,50.742447],[7.176614,50.74218],[7.175879,50.742471]]]]},"properties":{"landuse_id":18510,"landuse_code":2600,"landuse":"Wald","environment":"forest","area_m2":4636}},{"type":"Feature","geometry":{"type":"Polygon","coordinates":[[[7.172024,50.658495],[7.171968,50.658516],[7.171664,50.658534],[7.171574,50.658597],[7.171796,50.658693],[7.17164,50.658811],[7.17213,50.659119],[7.17244,50.658949],[7.172364,50.658902],[7.172581,50.658789],[7.172252,50.658476],[7.172091,50.658543],[7.172024,50.658495]]]},"properties":{"landuse_id":5375,"landuse_code":2680,"landuse":"sonstige (kl.) Gehölzfläche","environment":"urban_green","area_m2":2895}},{"type":"Feature","geometry":{"type":"Polygon","coordinates":[[[7.040551,50.663745],[7.04097,50.663956],[7.041205,50.663809],[7.045063,50.662254],[7.043497,50.658663],[7.043434,50.658648],[7.037169,50.66122],[7.037248,50.661483],[7.037225,50.661498],[7.037774,50.661835],[7.040551,50.663745]],[[7.041101,50.661887],[7.041232,50.661844],[7.041335,50.66188],[7.041372,50.661937],[7.04134,50.662031],[7.041226,50.662029],[7.041101,50.661887]],[[7.040892,50.659797],[7.041053,50.659742],[7.041051,50.659961],[7.041101,50.660028],[7.041095,50.660068],[7.040896,50.660266],[7.040754,50.660227],[7.040754,50.660192],[7.040857,50.660115],[7.040911,50.660012],[7.040892,50.659797]]]},"properties":{"landuse_id":10746,"landuse_code":2600,"landuse":"Wald","environment":"forest","area_m2":177699}},{"type":"Feature","geometry":{"type":"Polygon","coordinates":[[[7.061539,50.713052],[7.062796,50.713124],[7.062097,50.712266],[7.061633,50.711505],[7.061303,50.71159],[7.061644,50.712156],[7.06125,50.712246],[7.06118,50.712448],[7.061265,50.712495],[7.061294,50.712547],[7.06123,50.71268],[7.061577,50.712908],[7.061539,50.713052]]]},"properties":{"landuse_id":12286,"landuse_code":2670,"landuse":"Verkehrsbegleitgrün mit Baumbestand","environment":"urban_green","area_m2":9179}},{"type":"Feature","geometry":{"type":"MultiPolygon","coordinates":[[[[7.177553,50.742056],[7.177718,50.741808],[7.17673,50.741783],[7.176396,50.741753],[7.176601,50.742154],[7.177232,50.742002],[7.177369,50.742008],[7.177553,50.742056]]],[[[7.176614,50.74218],[7.177285,50.742028],[7.177159,50.742042],[7.176614,50.74218]]]]},"properties":{"landuse_id":20116,"landuse_code":2600,"landuse":"Wald","environment":"forest","area_m2":2544}},{"type":"Feature","geometry":{"type":"Polygon","coordinates":[[[7.105977,50.693986],[7.106055,50.693379],[7.106041,50.693077],[7.105675,50.693152],[7.105029,50.693209],[7.104669,50.693272],[7.103723,50.693764],[7.103234,50.694176],[7.103754,50.694395],[7.104027,50.694545],[7.104265,50.694589],[7.104576,50.6947],[7.105548,50.695173],[7.105654,50.695162],[7.105859,50.694656],[7.105977,50.693986]]]},"properties":{"landuse_id":2635,"landuse_code":2600,"landuse":"Wald","environment":"forest","area_m2":27161}},{"type":"Feature","geometry":{"type":"MultiPolygon","coordinates":[[[[7.064987,50.715441],[7.065074,50.715422],[7.065699,50.71579],[7.06552,50.715677],[7.065631,50.715593],[7.065089,50.715216],[7.064987,50.715441]]],[[[7.067035,50.716499],[7.066984,50.716611],[7.06714,50.716554],[7.067035,50.716499]]]]},"properties":{"landuse_id":20721,"landuse_code":2670,"landuse":"Verkehrsbegleitgrün mit Baumbestand","environment":"urban_green","area_m2":842}},{"type":"Feature","geometry":{"type":"Polygon","coordinates":[[[7.087475,50.746493],[7.087652,50.747063],[7.087123,50.748676],[7.087209,50.748688],[7.08768,50.74706],[7.087519,50.746487],[7.087475,50.746493]]]},"properties":{"landuse_id":4064,"landuse_code":2680,"landuse":"sonstige (kl.) Gehölzfläche","environment":"urban_green","area_m2":985}},{"type":"Feature","geometry":{"type":"Polygon","coordinates":[[[7.167359,50.749164],[7.168011,50.74964],[7.168309,50.74955],[7.167171,50.748789],[7.167154,50.748799],[7.166964,50.748667],[7.166865,50.748705],[7.165953,50.748108],[7.165873,50.748211],[7.166656,50.748694],[7.166703,50.748846],[7.167171,50.749031],[7.167359,50.749164]]]},"properties":{"landuse_id":1452,"landuse_code":2645,"landuse":"Grün-/ Parkfläche mit Baumbestand","environment":"urban_green","area_m2":3834}},{"type":"Feature","geometry":{"type":"Polygon","coordinates":[[[7.054762,50.732795],[7.054848,50.733286],[7.054976,50.733732],[7.055111,50.733721],[7.05493,50.732786],[7.054762,50.732795]]]},"properties":{"landuse_id":22756,"landuse_code":2680,"landuse":"sonstige (kl.) Gehölzfläche","environment":"urban_green","area_m2":1257}},{"type":"Feature","geometry":{"type":"Polygon","coordinates":[[[7.06254,50.713647],[7.062703,50.71364],[7.063611,50.714246],[7.064064,50.714656],[7.064081,50.714791],[7.064165,50.714894],[7.064949,50.715359],[7.064987,50.715441],[7.065089,50.715216],[7.064463,50.714727],[7.063912,50.714249],[7.063415,50.713782],[7.062796,50.713124],[7.062685,50.713117],[7.062526,50.713527],[7.06258,50.713563],[7.06254,50.713647]]]},"properties":{"landuse_id":6276,"landuse_code":2670,"landuse":"Verkehrsbegleitgrün mit Baumbestand","environment":"urban_green","area_m2":7023}},{"type":"Feature","geometry":{"type":"Polygon","coordinates":[[[7.086719,50.745071],[7.086988,50.745378],[7.08715,50.745633],[7.087295,50.745938],[7.087464,50.746458],[7.087507,50.746452],[7.087347,50.745992],[7.087195,50.745672],[7.086906,50.745255],[7.086719,50.745071]]]},"properties":{"landuse_id":15338,"landuse_code":2680,"landuse":"sonstige (kl.) Gehölzfläche","environment":"urban_green","area_m2":306}},{"type":"Feature","geometry":{"type":"MultiPolygon","coordinates":[[[[7.062068,50.713082],[7.062086,50.71352],[7.062395,50.713596],[7.062443,50.713495],[7.062468,50.713488],[7.062526,50.713527],[7.062685,50.713117],[7.062068,50.713082]]],[[[7.062419,50.713607],[7.062441,50.713623],[7.062446,50.713612],[7.062419,50.713607]]]]},"properties":{"landuse_id":20723,"landuse_code":2670,"landuse":"Verkehrsbegleitgrün mit Baumbestand","environment":"urban_green","area_m2":1855}},{"type":"Feature","geometry":{"type":"Polygon","coordinates":[[[7.039496,50.738767],[7.039602,50.738686],[7.039654,50.738571],[7.039722,50.737268],[7.039905,50.73727],[7.040012,50.737185],[7.040183,50.737115],[7.040164,50.736958],[7.039917,50.736849],[7.040002,50.736586],[7.040178,50.736482],[7.0404,50.736417],[7.041059,50.736475],[7.041061,50.736443],[7.040078,50.736338],[7.039945,50.736348],[7.03963,50.736837],[7.039574,50.737013],[7.039496,50.738767]]]},"properties":{"landuse_id":15891,"landuse_code":2645,"landuse":"Grün-/ Parkfläche mit Baumbestand","environment":"urban_green","area_m2":4957}},{"type":"Feature","geometry":{"type":"MultiPolygon","coordinates":[[[[7.19843,50.648611],[7.198671,50.648698],[7.198519,50.648835],[7.198629,50.648831],[7.198712,50.648896],[7.199214,50.648413],[7.199011,50.648267],[7.198572,50.648041],[7.197654,50.648782],[7.197826,50.648873],[7.198015,50.648914],[7.198132,50.648905],[7.19843,50.648611]]],[[[7.198469,50.64888],[7.198646,50.648873],[7.198537,50.648861],[7.198469,50.64888]]]]},"properties":{"landuse_id":1496,"landuse_code":2680,"landuse":"sonstige (kl.) Gehölzfläche","environment":"urban_green","area_m2":5212}},{"type":"Feature","geometry":{"type":"MultiPolygon","coordinates":[[[[7.136261,50.712508],[7.136497,50.712489],[7.13659,50.712459],[7.136841,50.712282],[7.137283,50.712029],[7.137641,50.711924],[7.137891,50.711792],[7.137616,50.711487],[7.136561,50.712049],[7.136575,50.712111],[7.136261,50.712508]]],[[[7.138629,50.712188],[7.139005,50.712753],[7.139036,50.712884],[7.139489,50.712739],[7.139014,50.712358],[7.138629,50.712188]]],[[[7.139584,50.712709],[7.139584,50.712709],[7.139684,50.712673],[7.139584,50.712709]]],[[[7.139697,50.712669],[7.139697,50.712669],[7.139689,50.712671],[7.139697,50.712669]]],[[[7.137888,50.711738],[7.138103,50.711894],[7.139036,50.712339],[7.13934,50.712556],[7.138136,50.711516],[7.137963,50.711445],[7.13775,50.711443],[7.137654,50.711472],[7.137888,50.711738]]]]},"properties":{"landuse_id":2538,"landuse_code":2645,"landuse":"Grün-/ Parkfläche mit Baumbestand","environment":"urban_green","area_m2":8399}},{"type":"Feature","geometry":{"type":"Polygon","coordinates":[[[7.160392,50.714495],[7.160392,50.714414],[7.161082,50.713734],[7.160345,50.714432],[7.160392,50.714495]]]},"properties":{"landuse_id":9476,"landuse_code":2680,"landuse":"sonstige (kl.) Gehölzfläche","environment":"urban_green","area_m2":99}},{"type":"Feature","geometry":{"type":"MultiPolygon","coordinates":[[[[7.172583,50.735137],[7.172826,50.73526],[7.173033,50.735305],[7.174466,50.735394],[7.175396,50.735381],[7.175558,50.735403],[7.175679,50.735462],[7.176349,50.735954],[7.177764,50.737231],[7.178261,50.736997],[7.177014,50.735687],[7.177092,50.735656],[7.176778,50.735326],[7.176157,50.734839],[7.176119,50.734842],[7.175602,50.734361],[7.172508,50.734075],[7.17186,50.73409],[7.172529,50.734689],[7.172583,50.735137]]],[[[7.177782,50.737248],[7.177785,50.73725],[7.177948,50.737168],[7.177782,50.737248]]]]},"properties":{"landuse_id":30,"landuse_code":2600,"landuse":"Wald","environment":"forest","area_m2":46142}},{"type":"Feature","geometry":{"type":"Polygon","coordinates":[[[7.091145,50.700876],[7.09144,50.700905],[7.091513,50.700813],[7.0919,50.700859],[7.091845,50.701042],[7.092281,50.701063],[7.092891,50.700906],[7.09299,50.700852],[7.091464,50.700549],[7.09129,50.700691],[7.091145,50.700876]]]},"properties":{"landuse_id":5735,"landuse_code":2600,"landuse":"Wald","environment":"forest","area_m2":3536}},{"type":"Feature","geometry":{"type":"Polygon","coordinates":[[[7.156492,50.739666],[7.156598,50.739726],[7.1567,50.739727],[7.156798,50.739684],[7.156833,50.739616],[7.156666,50.739538],[7.156521,50.739596],[7.156492,50.739666]]]},"properties":{"landuse_id":22835,"landuse_code":2680,"landuse":"sonstige (kl.) Gehölzfläche","environment":"urban_green","area_m2":340}},{"type":"Feature","geometry":{"type":"Polygon","coordinates":[[[7.113736,50.736469],[7.113687,50.736625],[7.113823,50.736679],[7.113864,50.736782],[7.113793,50.736866],[7.113673,50.7369],[7.113341,50.737888],[7.114035,50.73799],[7.114599,50.736358],[7.113856,50.736205],[7.113867,50.736154],[7.113828,50.736146],[7.113736,50.736469]]]},"properties":{"landuse_id":36,"landuse_code":2645,"landuse":"Grün-/ Parkfläche mit Baumbestand","environment":"urban_green","area_m2":9590}},{"type":"Feature","geometry":{"type":"Polygon","coordinates":[[[7.156228,50.739876],[7.157544,50.740315],[7.157433,50.740479],[7.157471,50.740531],[7.157565,50.74053],[7.157875,50.74016],[7.158043,50.740157],[7.15822,50.740235],[7.159092,50.74049],[7.159123,50.740463],[7.157939,50.740075],[7.157765,50.740047],[7.157627,50.740164],[7.157551,50.740165],[7.157432,50.740216],[7.157308,50.740196],[7.156664,50.739966],[7.156533,50.739944],[7.15626,50.739831],[7.156228,50.739876]]]},"properties":{"landuse_id":22836,"landuse_code":2680,"landuse":"sonstige (kl.) Gehölzfläche","environment":"urban_green","area_m2":1804}},{"type":"Feature","geometry":{"type":"Polygon","coordinates":[[[7.165395,50.753387],[7.16516,50.753107],[7.16485,50.753064],[7.164607,50.75308],[7.164701,50.75332],[7.164781,50.753439],[7.164752,50.753447],[7.164853,50.753582],[7.165095,50.753547],[7.165395,50.753387]]]},"properties":{"landuse_id":6904,"landuse_code":2680,"landuse":"sonstige (kl.) Gehölzfläche","environment":"urban_green","area_m2":2074}},{"type":"Feature","geometry":{"type":"MultiPolygon","coordinates":[[[[7.140263,50.712507],[7.140555,50.71241],[7.14062,50.712336],[7.140621,50.712214],[7.140481,50.712048],[7.140424,50.71186],[7.140051,50.711929],[7.140263,50.712507]]],[[[7.140187,50.712492],[7.140187,50.712492],[7.14019,50.712491],[7.140187,50.712492]]]]},"properties":{"landuse_id":3509,"landuse_code":2645,"landuse":"Grün-/ Parkfläche mit Baumbestand","environment":"urban_green","area_m2":1818}},{"type":"Feature","geometry":{"type":"Polygon","coordinates":[[[7.1581,50.740972],[7.158099,50.741003],[7.158189,50.741037],[7.158321,50.740976],[7.158263,50.740891],[7.1582,50.740884],[7.158149,50.740897],[7.1581,50.740972]]]},"properties":{"landuse_id":22837,"landuse_code":2680,"landuse":"sonstige (kl.) Gehölzfläche","environment":"urban_green","area_m2":181}},{"type":"Feature","geometry":{"type":"Polygon","coordinates":[[[7.189859,50.746267],[7.188053,50.745936],[7.18759,50.746442],[7.189957,50.74687],[7.189859,50.746267]]]},"properties":{"landuse_id":20574,"landuse_code":2600,"landuse":"Wald","environment":"forest","area_m2":9663}},{"type":"Feature","geometry":{"type":"Polygon","coordinates":[[[7.157847,50.740456],[7.157806,50.7405],[7.158107,50.740635],[7.15904,50.740928],[7.159091,50.740901],[7.159059,50.740862],[7.157847,50.740456]]]},"properties":{"landuse_id":22838,"landuse_code":2680,"landuse":"sonstige (kl.) Gehölzfläche","environment":"urban_green","area_m2":779}},{"type":"Feature","geometry":{"type":"Polygon","coordinates":[[[7.038006,50.733813],[7.03795,50.733256],[7.037619,50.733237],[7.037492,50.73377],[7.038006,50.733813]]]},"properties":{"landuse_id":15657,"landuse_code":2680,"landuse":"sonstige (kl.) Gehölzfläche","environment":"urban_green","area_m2":1816}},{"type":"Feature","geometry":{"type":"Polygon","coordinates":[[[7.064636,50.687945],[7.061954,50.688335],[7.06178,50.688744],[7.061905,50.688756],[7.061965,50.688578],[7.062115,50.688473],[7.062902,50.688331],[7.063082,50.688331],[7.064566,50.688482],[7.06478,50.68826],[7.064656,50.688087],[7.064636,50.687945]]]},"properties":{"landuse_id":1623,"landuse_code":2680,"landuse":"sonstige (kl.) Gehölzfläche","environment":"urban_green","area_m2":6016}},{"type":"Feature","geometry":{"type":"Polygon","coordinates":[[[7.20107,50.738924],[7.201201,50.738948],[7.201447,50.738785],[7.201338,50.73871],[7.20111,50.738852],[7.20107,50.738924]]]},"properties":{"landuse_id":18146,"landuse_code":2680,"landuse":"sonstige (kl.) Gehölzfläche","environment":"urban_green","area_m2":326}},{"type":"Feature","geometry":{"type":"Polygon","coordinates":[[[7.149251,50.736921],[7.149482,50.736947],[7.149565,50.736916],[7.149564,50.736873],[7.149508,50.736832],[7.149324,50.736784],[7.149193,50.736882],[7.149251,50.736921]]]},"properties":{"landuse_id":22840,"landuse_code":2680,"landuse":"sonstige (kl.) Gehölzfläche","environment":"urban_green","area_m2":324}},{"type":"Feature","geometry":{"type":"MultiPolygon","coordinates":[[[[7.099357,50.705721],[7.099346,50.705544],[7.099263,50.705533],[7.098767,50.70557],[7.098387,50.705665],[7.098701,50.706193],[7.09874,50.706316],[7.098843,50.706258],[7.099084,50.706023],[7.099322,50.705899],[7.099357,50.705721]]],[[[7.099446,50.706793],[7.09946,50.706801],[7.099459,50.7068],[7.099449,50.706794],[7.099446,50.706793]]],[[[7.100362,50.707613],[7.100551,50.707717],[7.100546,50.707713],[7.100541,50.707709],[7.100535,50.707704],[7.100528,50.7077],[7.100522,50.707695],[7.100516,50.707691],[7.100509,50.707687],[7.1005,50.707681],[7.100489,50.707674],[7.100475,50.707666],[7.100465,50.707661],[7.100446,50.707651],[7.100422,50.707639],[7.10041,50.707633],[7.100393,50.707626],[7.100378,50.707619],[7.100362,50.707613]]],[[[7.098263,50.712046],[7.09841,50.711724],[7.098864,50.711386],[7.099495,50.711172],[7.099913,50.710854],[7.10034,50.710696],[7.100476,50.710397],[7.100531,50.710343],[7.100608,50.710314],[7.1007,50.710319],[7.100901,50.71038],[7.101435,50.710168],[7.101693,50.710021],[7.101733,50.709938],[7.10171,50.709935],[7.101679,50.709461],[7.101805,50.709234],[7.101846,50.708927],[7.101906,50.708847],[7.102198,50.708722],[7.102242,50.708665],[7.102109,50.708379],[7.102084,50.708403],[7.102041,50.708391],[7.101912,50.708223],[7.101604,50.708447],[7.101503,50.708653],[7.101113,50.709082],[7.10118,50.709178],[7.101103,50.709285],[7.100732,50.709387],[7.100275,50.709601],[7.09783,50.71085],[7.097725,50.710924],[7.097682,50.710979],[7.097659,50.711285],[7.097794,50.711476],[7.098005,50.711677],[7.098195,50.711986],[7.098263,50.712046]]],[[[7.102457,50.707587],[7.102464,50.707572],[7.101223,50.707141],[7.100261,50.706905],[7.099831,50.706698],[7.099391,50.706545],[7.099139,50.706524],[7.098937,50.706482],[7.098971,50.706569],[7.099079,50.70668],[7.099196,50.70672],[7.099439,50.706753],[7.099515,50.706789],[7.099708,50.707079],[7.100125,50.707443],[7.100276,50.70754],[7.100728,50.707731],[7.101156,50.708143],[7.10129,50.708422],[7.101481,50.708605],[7.101598,50.70842],[7.101905,50.708202],[7.10208,50.708382],[7.102183,50.708162],[7.102518,50.70791],[7.102526,50.707837],[7.102411,50.707667],[7.102457,50.707587]]],[[[7.100617,50.706944],[7.100074,50.706762],[7.100208,50.706836],[7.100617,50.706944]]],[[[7.097792,50.706084],[7.097827,50.706133],[7.098583,50.706357],[7.098678,50.706352],[7.098661,50.706218],[7.098338,50.705684],[7.098023,50.705856],[7.097792,50.706084]]],[[[7.098756,50.706377],[7.098826,50.706428],[7.098896,50.706444],[7.098941,50.706419],[7.099236,50.705976],[7.099072,50.706063],[7.098748,50.706354],[7.098756,50.706377]]],[[[7.098941,50.706454],[7.099132,50.706496],[7.099394,50.706515],[7.099355,50.706375],[7.099348,50.705913],[7.099251,50.706005],[7.099029,50.706368],[7.098941,50.706454]]],[[[7.100928,50.708921],[7.100934,50.709101],[7.101005,50.709123],[7.101187,50.708977],[7.10147,50.708635],[7.1013,50.708498],[7.101087,50.708129],[7.100674,50.707739],[7.100577,50.707688],[7.100702,50.707814],[7.100779,50.707961],[7.100785,50.708531],[7.100928,50.708921]]]]},"properties":{"landuse_id":1680,"landuse_code":2600,"landuse":"Wald","environment":"forest","area_m2":67310}},{"type":"Feature","geometry":{"type":"Polygon","coordinates":[[[7.1478,50.754486],[7.147962,50.754713],[7.1478,50.754784],[7.147801,50.754887],[7.147684,50.754904],[7.147759,50.755033],[7.147562,50.755025],[7.147392,50.755154],[7.147376,50.755225],[7.147327,50.755273],[7.146835,50.755383],[7.146875,50.755439],[7.14715,50.755455],[7.147404,50.755594],[7.148242,50.754989],[7.148189,50.754959],[7.148563,50.754689],[7.148409,50.754615],[7.1478,50.754486]]]},"properties":{"landuse_id":1055,"landuse_code":2645,"landuse":"Grün-/ Parkfläche mit Baumbestand","environment":"urban_green","area_m2":4472}},{"type":"Feature","geometry":{"type":"Polygon","coordinates":[[[7.12164,50.706805],[7.121746,50.706832],[7.121726,50.706862],[7.121858,50.706897],[7.121744,50.707062],[7.121612,50.707027],[7.121502,50.707193],[7.121414,50.70717],[7.121365,50.707256],[7.121384,50.707287],[7.121593,50.707392],[7.121671,50.707381],[7.122165,50.707142],[7.122202,50.707092],[7.121729,50.706663],[7.12164,50.706805]]]},"properties":{"landuse_id":7266,"landuse_code":2680,"landuse":"sonstige (kl.) Gehölzfläche","environment":"urban_green","area_m2":1997}},{"type":"Feature","geometry":{"type":"MultiPolygon","coordinates":[[[[7.079421,50.749083],[7.078433,50.748596],[7.078577,50.748671],[7.079016,50.74889],[7.079417,50.749085],[7.079421,50.749083]]],[[[7.077099,50.747897],[7.07708,50.747869],[7.077065,50.74788],[7.077099,50.747897]]],[[[7.079578,50.749121],[7.079485,50.74912],[7.079485,50.74912],[7.079578,50.749121]]],[[[7.079477,50.749115],[7.079482,50.749118],[7.079482,50.749118],[7.079477,50.749115]]]]},"properties":{"landuse_id":1859,"landuse_code":2670,"landuse":"Verkehrsbegleitgrün mit Baumbestand","environment":"urban_green","area_m2":40}},{"type":"Feature","geometry":{"type":"MultiPolygon","coordinates":[[[[7.097711,50.707661],[7.097753,50.707663],[7.097711,50.707644],[7.097711,50.707661]]],[[[7.097944,50.707671],[7.098557,50.707659],[7.09917,50.707596],[7.09901,50.707477],[7.098253,50.707178],[7.097998,50.707488],[7.097898,50.707662],[7.097944,50.707671]]],[[[7.097851,50.707652],[7.097947,50.70749],[7.098215,50.707164],[7.097784,50.707002],[7.097718,50.707039],[7.097712,50.707579],[7.097851,50.707652]]]]},"properties":{"landuse_id":19721,"landuse_code":2600,"landuse":"Wald","environment":"forest","area_m2":4292}},{"type":"Feature","geometry":{"type":"MultiPolygon","coordinates":[[[[7.166184,50.724134],[7.165796,50.7241],[7.165803,50.724399],[7.165863,50.72451],[7.165959,50.724557],[7.166039,50.724544],[7.166069,50.724357],[7.166184,50.724134]]],[[[7.16576,50.724097],[7.164707,50.724006],[7.164912,50.724408],[7.164968,50.724605],[7.164984,50.724844],[7.164955,50.725073],[7.164884,50.725286],[7.16479,50.725472],[7.164643,50.725664],[7.164885,50.725879],[7.164955,50.726011],[7.164938,50.726089],[7.164851,50.726185],[7.163157,50.726918],[7.162967,50.72706],[7.162881,50.727165],[7.162865,50.727242],[7.162899,50.727306],[7.163008,50.727372],[7.163678,50.727571],[7.164272,50.727783],[7.165642,50.728438],[7.166304,50.728663],[7.166362,50.728614],[7.16632,50.72856],[7.166282,50.728549],[7.166236,50.728589],[7.165842,50.728452],[7.165861,50.72841],[7.165645,50.728314],[7.165335,50.727997],[7.165314,50.727922],[7.165361,50.727869],[7.165908,50.727722],[7.166504,50.727519],[7.166306,50.726991],[7.165833,50.72611],[7.165788,50.725865],[7.165674,50.725686],[7.165677,50.725575],[7.165862,50.725158],[7.166036,50.724955],[7.16608,50.724835],[7.166033,50.724645],[7.165849,50.724543],[7.165777,50.724434],[7.165742,50.724285],[7.16576,50.724097]]],[[[7.166552,50.727502],[7.166541,50.727477],[7.166546,50.727504],[7.166552,50.727502]]],[[[7.166232,50.726779],[7.166149,50.726592],[7.166106,50.726523],[7.166222,50.726759],[7.166232,50.726779]]],[[[7.165824,50.725831],[7.16582,50.725792],[7.165767,50.725743],[7.165778,50.725761],[7.165824,50.725831]]],[[[7.165806,50.725422],[7.165836,50.725376],[7.165842,50.725345],[7.16584,50.725351],[7.165806,50.725422]]]]},"properties":{"landuse_id":7277,"landuse_code":2600,"landuse":"Wald","environment":"forest","area_m2":52713}},{"type":"Feature","geometry":{"type":"Polygon","coordinates":[[[7.18552,50.659448],[7.185048,50.659244],[7.184826,50.659373],[7.184699,50.659363],[7.18485,50.65947],[7.18493,50.659487],[7.185122,50.659458],[7.185222,50.65952],[7.185316,50.659471],[7.185433,50.659528],[7.18552,50.659448]]]},"properties":{"landuse_id":7318,"landuse_code":2680,"landuse":"sonstige (kl.) Gehölzfläche","environment":"urban_green","area_m2":839}},{"type":"Feature","geometry":{"type":"Polygon","coordinates":[[[7.124665,50.7072],[7.124901,50.70729],[7.124505,50.707689],[7.124266,50.707595],[7.123849,50.708013],[7.123583,50.70811],[7.123912,50.708445],[7.125468,50.706881],[7.125357,50.706798],[7.125015,50.707144],[7.124801,50.707064],[7.124665,50.7072]]]},"properties":{"landuse_id":22022,"landuse_code":2670,"landuse":"Verkehrsbegleitgrün mit Baumbestand","environment":"urban_green","area_m2":4182}},{"type":"Feature","geometry":{"type":"MultiPolygon","coordinates":[[[[7.123849,50.708013],[7.124266,50.707595],[7.124505,50.707689],[7.124901,50.70729],[7.124665,50.7072],[7.12535,50.706515],[7.12492,50.706342],[7.124715,50.706548],[7.124561,50.706583],[7.124088,50.707058],[7.123881,50.707226],[7.1231,50.707593],[7.123104,50.70764],[7.123583,50.70811],[7.123849,50.708013]]],[[[7.125595,50.706273],[7.125591,50.706271],[7.125594,50.706274],[7.125595,50.706273]]],[[[7.125169,50.706106],[7.125035,50.706229],[7.125221,50.706302],[7.125426,50.706207],[7.125169,50.706106]]]]},"properties":{"landuse_id":22023,"landuse_code":2670,"landuse":"Verkehrsbegleitgrün mit Baumbestand","environment":"urban_green","area_m2":11194}},{"type":"Feature","geometry":{"type":"Polygon","coordinates":[[[7.045845,50.725838],[7.045862,50.725963],[7.046221,50.726025],[7.046305,50.725979],[7.046291,50.725946],[7.046156,50.72585],[7.046084,50.725745],[7.046088,50.725718],[7.046217,50.725677],[7.046274,50.725605],[7.046161,50.72555],[7.04605,50.725569],[7.046016,50.725632],[7.046055,50.725713],[7.046028,50.725778],[7.04589,50.725799],[7.045845,50.725838]]]},"properties":{"landuse_id":22913,"landuse_code":2680,"landuse":"sonstige (kl.) Gehölzfläche","environment":"urban_green","area_m2":831}},{"type":"Feature","geometry":{"type":"Polygon","coordinates":[[[7.058398,50.730941],[7.059916,50.733252],[7.060298,50.73311],[7.059251,50.731795],[7.059186,50.73138],[7.058909,50.730749],[7.058398,50.730941]]]},"properties":{"landuse_id":5849,"landuse_code":2680,"landuse":"sonstige (kl.) Gehölzfläche","environment":"urban_green","area_m2":8026}},{"type":"Feature","geometry":{"type":"MultiPolygon","coordinates":[[[[7.057617,50.682276],[7.058071,50.681432],[7.058053,50.681409],[7.0576,50.682264],[7.057617,50.682276]]],[[[7.057835,50.682414],[7.058232,50.681634],[7.058168,50.681554],[7.057814,50.682221],[7.057761,50.682367],[7.057835,50.682414]]]]},"properties":{"landuse_id":2559,"landuse_code":2670,"landuse":"Verkehrsbegleitgrün mit Baumbestand","environment":"urban_green","area_m2":908}},{"type":"Feature","geometry":{"type":"Polygon","coordinates":[[[7.064232,50.727457],[7.062151,50.72834],[7.062233,50.728407],[7.064401,50.727478],[7.064232,50.727457]]]},"properties":{"landuse_id":16607,"landuse_code":2680,"landuse":"sonstige (kl.) Gehölzfläche","environment":"urban_green","area_m2":1622}},{"type":"Feature","geometry":{"type":"Polygon","coordinates":[[[7.105399,50.699144],[7.105283,50.699545],[7.105059,50.700119],[7.105082,50.700237],[7.105694,50.700047],[7.105925,50.699197],[7.105399,50.699144]]]},"properties":{"landuse_id":9021,"landuse_code":2680,"landuse":"sonstige (kl.) Gehölzfläche","environment":"urban_green","area_m2":4389}},{"type":"Feature","geometry":{"type":"Polygon","coordinates":[[[7.118466,50.671065],[7.119275,50.671049],[7.119413,50.670887],[7.119487,50.670793],[7.119466,50.670648],[7.119272,50.670422],[7.119081,50.6703],[7.118858,50.670276],[7.118618,50.670331],[7.118502,50.670381],[7.118456,50.670445],[7.118464,50.670534],[7.118584,50.670865],[7.118568,50.670955],[7.118466,50.671065]]]},"properties":{"landuse_id":19837,"landuse_code":2600,"landuse":"Wald","environment":"forest","area_m2":5017}},{"type":"Feature","geometry":{"type":"Polygon","coordinates":[[[7.123562,50.743293],[7.123312,50.743214],[7.123117,50.743243],[7.122514,50.743241],[7.122465,50.743274],[7.122518,50.743265],[7.122777,50.743563],[7.122892,50.743602],[7.123068,50.743548],[7.123118,50.743612],[7.123705,50.743466],[7.124145,50.743278],[7.124567,50.742939],[7.125321,50.742035],[7.125374,50.741929],[7.125208,50.741705],[7.12502,50.741956],[7.124196,50.742885],[7.123562,50.743293]]]},"properties":{"landuse_id":20246,"landuse_code":2680,"landuse":"sonstige (kl.) Gehölzfläche","environment":"urban_green","area_m2":7730}},{"type":"Feature","geometry":{"type":"Polygon","coordinates":[[[7.061206,50.707337],[7.061331,50.707343],[7.061367,50.707182],[7.06148,50.706965],[7.061941,50.706185],[7.062235,50.70575],[7.062911,50.704881],[7.062625,50.704837],[7.062571,50.704862],[7.062031,50.705676],[7.06169,50.706251],[7.061354,50.70695],[7.061206,50.707337]]]},"properties":{"landuse_id":1329,"landuse_code":2670,"landuse":"Verkehrsbegleitgrün mit Baumbestand","environment":"urban_green","area_m2":4351}},{"type":"Feature","geometry":{"type":"Polygon","coordinates":[[[7.128076,50.714197],[7.127841,50.714276],[7.128708,50.714519],[7.128802,50.714455],[7.128076,50.714197]]]},"properties":{"landuse_id":13581,"landuse_code":2670,"landuse":"Verkehrsbegleitgrün mit Baumbestand","environment":"urban_green","area_m2":809}},{"type":"Feature","geometry":{"type":"Polygon","coordinates":[[[7.129361,50.714633],[7.12928,50.714625],[7.128802,50.714455],[7.128708,50.714519],[7.129273,50.714666],[7.129279,50.714697],[7.129361,50.714633]]]},"properties":{"landuse_id":20829,"landuse_code":2670,"landuse":"Verkehrsbegleitgrün mit Baumbestand","environment":"urban_green","area_m2":303}},{"type":"Feature","geometry":{"type":"MultiPolygon","coordinates":[[[[7.045662,50.706065],[7.044621,50.705904],[7.04458,50.705985],[7.044983,50.7063],[7.045472,50.706057],[7.045621,50.706084],[7.045662,50.706065]]],[[[7.046112,50.705566],[7.046154,50.705829],[7.046313,50.705731],[7.046325,50.705743],[7.046582,50.705675],[7.046856,50.705563],[7.046793,50.705494],[7.046336,50.705575],[7.046112,50.705566]]]]},"properties":{"landuse_id":3569,"landuse_code":2670,"landuse":"Verkehrsbegleitgrün mit Baumbestand","environment":"urban_green","area_m2":2232}},{"type":"Feature","geometry":{"type":"MultiPolygon","coordinates":[[[[7.107157,50.659613],[7.105886,50.659732],[7.105322,50.659627],[7.105393,50.659693],[7.105529,50.659754],[7.10684,50.660117],[7.107018,50.660195],[7.107961,50.660916],[7.10814,50.661112],[7.108314,50.661365],[7.108755,50.661861],[7.109059,50.662122],[7.109535,50.662422],[7.109741,50.662516],[7.111162,50.662886],[7.111567,50.663132],[7.111652,50.663231],[7.11601,50.661631],[7.114282,50.660835],[7.113977,50.660611],[7.113442,50.660287],[7.113281,50.660157],[7.11295,50.659993],[7.111582,50.659471],[7.111288,50.659459],[7.110951,50.659555],[7.109949,50.659605],[7.109275,50.659718],[7.108723,50.659722],[7.108411,50.659677],[7.108153,50.659753],[7.107921,50.65979],[7.107542,50.659766],[7.10727,50.659636],[7.107157,50.659613]],[[7.109849,50.660818],[7.11031,50.660309],[7.110475,50.660361],[7.110741,50.660546],[7.110771,50.66062],[7.110736,50.660756],[7.110562,50.660945],[7.110366,50.661087],[7.109849,50.660818]]],[[[7.11463,50.660946],[7.114225,50.660741],[7.114312,50.660806],[7.11463,50.660946]]],[[[7.11107,50.659489],[7.110804,50.659525],[7.110935,50.65953],[7.11107,50.659489]]]]},"properties":{"landuse_id":2876,"landuse_code":2600,"landuse":"Wald","environment":"forest","area_m2":150306}},{"type":"Feature","geometry":{"type":"Polygon","coordinates":[[[7.163153,50.724842],[7.163503,50.724528],[7.163721,50.724282],[7.163823,50.724088],[7.163838,50.723895],[7.163717,50.723677],[7.163515,50.723543],[7.163205,50.723453],[7.162909,50.723447],[7.162631,50.723508],[7.162375,50.723644],[7.162242,50.723819],[7.162217,50.72401],[7.16229,50.724183],[7.162442,50.724342],[7.163153,50.724842]]]},"properties":{"landuse_id":1761,"landuse_code":2670,"landuse":"Verkehrsbegleitgrün mit Baumbestand","environment":"urban_green","area_m2":12273}},{"type":"Feature","geometry":{"type":"Polygon","coordinates":[[[7.072398,50.707373],[7.072412,50.707308],[7.072587,50.707312],[7.072615,50.70714],[7.072291,50.707127],[7.072239,50.707145],[7.072149,50.707308],[7.072262,50.707364],[7.072398,50.707373]]]},"properties":{"landuse_id":22933,"landuse_code":2680,"landuse":"sonstige (kl.) Gehölzfläche","environment":"urban_green","area_m2":655}},{"type":"Feature","geometry":{"type":"Polygon","coordinates":[[[7.189198,50.732129],[7.188807,50.731822],[7.188908,50.732464],[7.188273,50.732474],[7.18816,50.732636],[7.188492,50.732803],[7.188591,50.732883],[7.188668,50.733062],[7.189044,50.733564],[7.189102,50.733728],[7.1891,50.733848],[7.188704,50.734921],[7.188834,50.735004],[7.188934,50.734986],[7.189074,50.734695],[7.189011,50.734585],[7.18913,50.734486],[7.189144,50.734408],[7.189096,50.734254],[7.189122,50.734194],[7.189258,50.734102],[7.189468,50.733861],[7.189445,50.733822],[7.189361,50.733795],[7.189387,50.733735],[7.189367,50.733606],[7.189231,50.733463],[7.189228,50.73334],[7.189153,50.733236],[7.189195,50.733123],[7.189166,50.733084],[7.188993,50.733025],[7.18897,50.732972],[7.188974,50.732913],[7.189059,50.732799],[7.189077,50.732634],[7.189162,50.732468],[7.189143,50.732388],[7.1892,50.732342],[7.189198,50.732129]]]},"properties":{"landuse_id":20313,"landuse_code":2600,"landuse":"Wald","environment":"forest","area_m2":8442}},{"type":"Feature","geometry":{"type":"Polygon","coordinates":[[[7.194057,50.737568],[7.19356,50.737322],[7.193521,50.737282],[7.193515,50.737205],[7.192978,50.736935],[7.193347,50.736639],[7.193258,50.736594],[7.192632,50.73711],[7.193071,50.737407],[7.193869,50.737722],[7.194057,50.737568]],[[7.193861,50.737639],[7.193036,50.737225],[7.193032,50.737151],[7.193112,50.737141],[7.193168,50.73716],[7.193301,50.737284],[7.193922,50.737589],[7.193861,50.737639]]]},"properties":{"landuse_id":15213,"landuse_code":2680,"landuse":"sonstige (kl.) Gehölzfläche","environment":"urban_green","area_m2":3061}},{"type":"Feature","geometry":{"type":"Polygon","coordinates":[[[7.160364,50.715937],[7.159461,50.715423],[7.159343,50.715434],[7.15911,50.715678],[7.160092,50.716306],[7.159694,50.716545],[7.159971,50.716736],[7.160554,50.716239],[7.160212,50.716028],[7.160364,50.715937]]]},"properties":{"landuse_id":2556,"landuse_code":2680,"landuse":"sonstige (kl.) Gehölzfläche","environment":"urban_green","area_m2":5446}},{"type":"Feature","geometry":{"type":"MultiPolygon","coordinates":[[[[7.165908,50.654109],[7.166251,50.654341],[7.16707,50.654104],[7.167266,50.65427],[7.16714,50.65437],[7.167279,50.654591],[7.167451,50.654526],[7.167507,50.654126],[7.167598,50.65409],[7.167548,50.654008],[7.167546,50.65387],[7.16495,50.654068],[7.164882,50.654215],[7.165908,50.654109]]],[[[7.164907,50.654072],[7.164906,50.654074],[7.164907,50.654072],[7.164907,50.654072]]]]},"properties":{"landuse_id":22851,"landuse_code":2680,"landuse":"sonstige (kl.) Gehölzfläche","environment":"urban_green","area_m2":5386}},{"type":"Feature","geometry":{"type":"MultiPolygon","coordinates":[[[[7.152755,50.703536],[7.152997,50.703488],[7.15244,50.703138],[7.152896,50.702837],[7.152496,50.702676],[7.152423,50.702679],[7.152289,50.702761],[7.152144,50.702914],[7.152114,50.703013],[7.152141,50.703149],[7.152225,50.703269],[7.152522,50.70352],[7.152755,50.703536]]],[[[7.153061,50.702729],[7.152538,50.702539],[7.153023,50.702754],[7.153061,50.702729]]]]},"properties":{"landuse_id":19518,"landuse_code":2645,"landuse":"Grün-/ Parkfläche mit Baumbestand","environment":"urban_green","area_m2":3171}},{"type":"Feature","geometry":{"type":"Polygon","coordinates":[[[7.072377,50.706026],[7.072449,50.706088],[7.072566,50.706067],[7.072582,50.706004],[7.072507,50.705915],[7.072372,50.705955],[7.072377,50.706026]]]},"properties":{"landuse_id":22935,"landuse_code":2680,"landuse":"sonstige (kl.) Gehölzfläche","environment":"urban_green","area_m2":211}},{"type":"Feature","geometry":{"type":"Polygon","coordinates":[[[7.116168,50.670796],[7.116146,50.670519],[7.116021,50.670384],[7.115686,50.670517],[7.115585,50.670583],[7.115517,50.670773],[7.114934,50.67146],[7.114787,50.671561],[7.114571,50.671658],[7.114344,50.671721],[7.114104,50.671747],[7.113294,50.67166],[7.112723,50.67173],[7.112564,50.671709],[7.112371,50.671637],[7.112175,50.671594],[7.111956,50.671574],[7.111363,50.671609],[7.111138,50.671595],[7.1107,50.671511],[7.111257,50.672328],[7.111468,50.672565],[7.111614,50.672658],[7.111934,50.672796],[7.112114,50.672841],[7.112596,50.672888],[7.112827,50.672944],[7.113034,50.673026],[7.113536,50.673286],[7.114283,50.6736],[7.114484,50.673642],[7.114865,50.67367],[7.116168,50.670796]]]},"properties":{"landuse_id":2879,"landuse_code":2600,"landuse":"Wald","environment":"forest","area_m2":57113}},{"type":"Feature","geometry":{"type":"Polygon","coordinates":[[[7.072801,50.744396],[7.072706,50.74425],[7.07274,50.744233],[7.072616,50.743987],[7.07233,50.742651],[7.072587,50.74393],[7.072716,50.744221],[7.072689,50.744226],[7.072801,50.744396]]]},"properties":{"landuse_id":5166,"landuse_code":2670,"landuse":"Verkehrsbegleitgrün mit Baumbestand","environment":"urban_green","area_m2":149}},{"type":"Feature","geometry":{"type":"Polygon","coordinates":[[[7.186516,50.656809],[7.186627,50.656724],[7.186437,50.656628],[7.186442,50.656571],[7.186492,50.656522],[7.185907,50.656624],[7.186345,50.65693],[7.186129,50.657072],[7.186333,50.65725],[7.18644,50.65719],[7.18641,50.657166],[7.186749,50.656928],[7.186516,50.656809]]]},"properties":{"landuse_id":21008,"landuse_code":2600,"landuse":"Wald","environment":"forest","area_m2":2049}},{"type":"Feature","geometry":{"type":"Polygon","coordinates":[[[7.056094,50.726767],[7.05533,50.726007],[7.055867,50.726832],[7.056094,50.726767]]]},"properties":{"landuse_id":13041,"landuse_code":2680,"landuse":"sonstige (kl.) Gehölzfläche","environment":"urban_green","area_m2":872}},{"type":"Feature","geometry":{"type":"Polygon","coordinates":[[[7.06356,50.696205],[7.063778,50.69618],[7.063938,50.696198],[7.064054,50.696244],[7.064181,50.696317],[7.064454,50.696625],[7.064495,50.696405],[7.064502,50.695998],[7.064401,50.695776],[7.063898,50.695225],[7.063383,50.695346],[7.06356,50.696205]]]},"properties":{"landuse_id":1154,"landuse_code":2600,"landuse":"Wald","environment":"forest","area_m2":6904}},{"type":"Feature","geometry":{"type":"Polygon","coordinates":[[[7.146456,50.712359],[7.146599,50.712446],[7.146785,50.712451],[7.146899,50.712381],[7.147005,50.712248],[7.147282,50.712256],[7.147423,50.712235],[7.147709,50.712131],[7.148065,50.712054],[7.148548,50.712013],[7.148539,50.711906],[7.147761,50.71196],[7.146761,50.712144],[7.146563,50.712131],[7.146397,50.712059],[7.146301,50.712057],[7.146266,50.712129],[7.146456,50.712359]]]},"properties":{"landuse_id":7610,"landuse_code":2645,"landuse":"Grün-/ Parkfläche mit Baumbestand","environment":"urban_green","area_m2":3385}},{"type":"Feature","geometry":{"type":"Polygon","coordinates":[[[7.15598,50.722742],[7.156403,50.722779],[7.158034,50.723037],[7.156857,50.722278],[7.156691,50.722176],[7.156673,50.722188],[7.156609,50.722161],[7.156503,50.722176],[7.155768,50.722721],[7.15598,50.722742]]]},"properties":{"landuse_id":5230,"landuse_code":2670,"landuse":"Verkehrsbegleitgrün mit Baumbestand","environment":"urban_green","area_m2":6200}},{"type":"Feature","geometry":{"type":"Polygon","coordinates":[[[7.159903,50.72635],[7.158362,50.726263],[7.158554,50.726423],[7.158314,50.726879],[7.158928,50.727189],[7.16037,50.726369],[7.160008,50.726101],[7.159945,50.7261],[7.159903,50.72635]]]},"properties":{"landuse_id":5494,"landuse_code":2680,"landuse":"sonstige (kl.) Gehölzfläche","environment":"urban_green","area_m2":8702}},{"type":"Feature","geometry":{"type":"MultiPolygon","coordinates":[[[[7.060433,50.702006],[7.060344,50.701957],[7.060056,50.702252],[7.059721,50.703161],[7.059695,50.703156],[7.059676,50.703217],[7.059662,50.703363],[7.0597,50.7035],[7.059764,50.703613],[7.059961,50.703825],[7.060088,50.703893],[7.061216,50.70422],[7.061375,50.704033],[7.061188,50.703859],[7.06074,50.703964],[7.060183,50.703761],[7.059999,50.703562],[7.059903,50.703173],[7.060119,50.702611],[7.060336,50.702569],[7.060282,50.702444],[7.060273,50.702287],[7.060331,50.702133],[7.060433,50.702006]]],[[[7.061401,50.704053],[7.061318,50.704149],[7.061289,50.704235],[7.061864,50.704353],[7.061646,50.7042],[7.06153,50.704234],[7.061392,50.704201],[7.061476,50.704044],[7.06143,50.704008],[7.061401,50.704053]]]]},"properties":{"landuse_id":16107,"landuse_code":2680,"landuse":"sonstige (kl.) Gehölzfläche","environment":"urban_green","area_m2":5639}},{"type":"Feature","geometry":{"type":"Polygon","coordinates":[[[7.062221,50.703217],[7.062199,50.703059],[7.062167,50.703042],[7.062111,50.703109],[7.062059,50.703437],[7.062046,50.703616],[7.062091,50.703776],[7.062232,50.704087],[7.062584,50.704061],[7.062573,50.704102],[7.062081,50.704375],[7.061981,50.704363],[7.062255,50.704455],[7.06251,50.704376],[7.062645,50.70429],[7.062692,50.704176],[7.062712,50.703861],[7.062673,50.703783],[7.06244,50.703694],[7.062341,50.703628],[7.062302,50.70367],[7.062246,50.703681],[7.062215,50.703657],[7.062235,50.703629],[7.062317,50.703605],[7.062243,50.703501],[7.062221,50.703217]]]},"properties":{"landuse_id":19965,"landuse_code":2680,"landuse":"sonstige (kl.) Gehölzfläche","environment":"urban_green","area_m2":3316}},{"type":"Feature","geometry":{"type":"Polygon","coordinates":[[[7.096055,50.681044],[7.099047,50.680275],[7.101159,50.679673],[7.103982,50.678956],[7.102495,50.677523],[7.093808,50.678718],[7.093668,50.678753],[7.096055,50.681044]]]},"properties":{"landuse_id":7325,"landuse_code":2600,"landuse":"Wald","environment":"forest","area_m2":148198}},{"type":"Feature","geometry":{"type":"Polygon","coordinates":[[[7.120632,50.676677],[7.119708,50.674981],[7.119252,50.673997],[7.119135,50.673844],[7.119033,50.673747],[7.118694,50.673562],[7.117881,50.673281],[7.117745,50.673169],[7.117643,50.672969],[7.117667,50.672901],[7.117794,50.672859],[7.11912,50.672666],[7.119302,50.67257],[7.119549,50.672329],[7.118854,50.671703],[7.118711,50.67136],[7.118008,50.671311],[7.117823,50.67137],[7.117557,50.671257],[7.116861,50.671073],[7.116788,50.671024],[7.116521,50.670947],[7.116168,50.670796],[7.114868,50.673665],[7.114942,50.673697],[7.115023,50.673808],[7.115501,50.675612],[7.115851,50.67624],[7.116089,50.676495],[7.116226,50.676524],[7.116668,50.676544],[7.116656,50.676517],[7.120632,50.676677]],[[7.117441,50.671668],[7.117426,50.671779],[7.114996,50.673661],[7.115001,50.673571],[7.117441,50.671668]]]},"properties":{"landuse_id":446,"landuse_code":2600,"landuse":"Wald","environment":"forest","area_m2":163193}},{"type":"Feature","geometry":{"type":"Polygon","coordinates":[[[7.119549,50.672329],[7.119967,50.671868],[7.118711,50.67136],[7.118854,50.671703],[7.119549,50.672329]]]},"properties":{"landuse_id":19959,"landuse_code":2600,"landuse":"Wald","environment":"forest","area_m2":3808}},{"type":"Feature","geometry":{"type":"Polygon","coordinates":[[[7.118711,50.67136],[7.118297,50.671236],[7.118165,50.671251],[7.118008,50.671311],[7.118711,50.67136]]]},"properties":{"landuse_id":19960,"landuse_code":2600,"landuse":"Wald","environment":"forest","area_m2":279}},{"type":"Feature","geometry":{"type":"MultiPolygon","coordinates":[[[[7.064886,50.703513],[7.064772,50.703448],[7.0648,50.703592],[7.064883,50.703735],[7.064964,50.703821],[7.065414,50.704136],[7.065539,50.704283],[7.065618,50.704466],[7.065886,50.704484],[7.06594,50.704654],[7.066039,50.704766],[7.066444,50.704638],[7.064886,50.703513]]],[[[7.067041,50.70519],[7.067051,50.705158],[7.066778,50.705137],[7.067041,50.70519]]],[[[7.067104,50.704991],[7.06613,50.704854],[7.065954,50.704753],[7.065836,50.704537],[7.065798,50.704515],[7.065628,50.704504],[7.065661,50.704626],[7.065793,50.704826],[7.065979,50.704935],[7.066264,50.704998],[7.06708,50.705067],[7.067104,50.704991]]],[[[7.066106,50.70481],[7.066106,50.70481],[7.066112,50.704812],[7.066106,50.70481]]]]},"properties":{"landuse_id":1207,"landuse_code":2670,"landuse":"Verkehrsbegleitgrün mit Baumbestand","environment":"urban_green","area_m2":4998}},{"type":"Feature","geometry":{"type":"Polygon","coordinates":[[[7.077802,50.688698],[7.078499,50.688856],[7.078521,50.688836],[7.078643,50.68884],[7.078753,50.688748],[7.078754,50.688705],[7.078518,50.688585],[7.078577,50.688474],[7.078453,50.688288],[7.078499,50.688255],[7.07862,50.688296],[7.078857,50.688293],[7.078876,50.688184],[7.078648,50.688159],[7.078606,50.688137],[7.0786,50.688093],[7.078728,50.688007],[7.078898,50.687999],[7.07894,50.687955],[7.078853,50.68788],[7.078837,50.687791],[7.078703,50.68758],[7.078823,50.687558],[7.078883,50.687519],[7.07897,50.687512],[7.078988,50.687566],[7.079069,50.68763],[7.079149,50.687652],[7.079186,50.687642],[7.079198,50.687572],[7.07904,50.687493],[7.079145,50.687364],[7.079379,50.687296],[7.079572,50.687148],[7.079644,50.687154],[7.079698,50.687258],[7.079815,50.687282],[7.079914,50.687246],[7.079998,50.687158],[7.080105,50.687119],[7.080104,50.687045],[7.079452,50.686723],[7.079109,50.68658],[7.078596,50.686618],[7.078066,50.686926],[7.077778,50.686991],[7.077757,50.687031],[7.077802,50.687077],[7.077943,50.687066],[7.078259,50.686919],[7.078586,50.686886],[7.07876,50.687122],[7.079052,50.687293],[7.078992,50.68746],[7.078689,50.687522],[7.07866,50.687565],[7.07867,50.687636],[7.078575,50.688062],[7.078294,50.688192],[7.078197,50.688207],[7.078068,50.688445],[7.077865,50.68859],[7.077802,50.688698]]]},"properties":{"landuse_id":6723,"landuse_code":2600,"landuse":"Wald","environment":"forest","area_m2":10913}},{"type":"Feature","geometry":{"type":"Polygon","coordinates":[[[7.1856,50.659653],[7.185942,50.659853],[7.186258,50.659913],[7.186364,50.659958],[7.186426,50.66001],[7.186373,50.660091],[7.186379,50.660337],[7.186421,50.660456],[7.186501,50.660557],[7.186619,50.660633],[7.186839,50.660592],[7.187128,50.660781],[7.187226,50.660672],[7.186646,50.660408],[7.186572,50.660306],[7.186599,50.660083],[7.186703,50.659896],[7.186685,50.659878],[7.185795,50.659571],[7.185634,50.659479],[7.185522,50.659565],[7.1856,50.659653]]]},"properties":{"landuse_id":8318,"landuse_code":2680,"landuse":"sonstige (kl.) Gehölzfläche","environment":"urban_green","area_m2":3216}},{"type":"Feature","geometry":{"type":"Polygon","coordinates":[[[7.101629,50.698436],[7.101628,50.69821],[7.101372,50.698205],[7.101368,50.697877],[7.101125,50.697885],[7.101262,50.698511],[7.101629,50.698436]]]},"properties":{"landuse_id":22567,"landuse_code":2600,"landuse":"Wald","environment":"forest","area_m2":1421}},{"type":"Feature","geometry":{"type":"Polygon","coordinates":[[[7.105468,50.734406],[7.105497,50.734412],[7.105708,50.734161],[7.105932,50.733846],[7.106229,50.733346],[7.106231,50.733287],[7.106189,50.733254],[7.106068,50.733255],[7.104443,50.734082],[7.10455,50.734166],[7.104514,50.734183],[7.105486,50.734379],[7.105468,50.734406]]]},"properties":{"landuse_id":6243,"landuse_code":2645,"landuse":"Grün-/ Parkfläche mit Baumbestand","environment":"urban_green","area_m2":6976}},{"type":"Feature","geometry":{"type":"Polygon","coordinates":[[[7.136188,50.751581],[7.136219,50.751406],[7.135934,50.751371],[7.135548,50.751367],[7.135511,50.751502],[7.136188,50.751581]]]},"properties":{"landuse_id":17067,"landuse_code":2680,"landuse":"sonstige (kl.) Gehölzfläche","environment":"urban_green","area_m2":885}},{"type":"Feature","geometry":{"type":"Polygon","coordinates":[[[7.102903,50.73276],[7.105611,50.731398],[7.105643,50.731357],[7.104812,50.731049],[7.102199,50.732375],[7.102577,50.732393],[7.102342,50.732508],[7.102696,50.732789],[7.102656,50.732811],[7.102714,50.732857],[7.102903,50.73276]]]},"properties":{"landuse_id":16704,"landuse_code":2645,"landuse":"Grün-/ Parkfläche mit Baumbestand","environment":"urban_green","area_m2":16143}},{"type":"Feature","geometry":{"type":"Polygon","coordinates":[[[7.145694,50.741189],[7.145094,50.74179],[7.145144,50.741849],[7.144941,50.742055],[7.145013,50.742084],[7.145485,50.742144],[7.145461,50.741869],[7.146025,50.741312],[7.145694,50.741189]]]},"properties":{"landuse_id":17075,"landuse_code":2680,"landuse":"sonstige (kl.) Gehölzfläche","environment":"urban_green","area_m2":3009}},{"type":"Feature","geometry":{"type":"MultiPolygon","coordinates":[[[[7.157095,50.658041],[7.157046,50.658047],[7.157457,50.658248],[7.158635,50.658687],[7.157445,50.658257],[7.157046,50.658057],[7.156888,50.658138],[7.156104,50.658763],[7.155701,50.659019],[7.155633,50.659152],[7.155569,50.659134],[7.155355,50.65931],[7.155092,50.659571],[7.155115,50.659577],[7.155071,50.659652],[7.155127,50.659707],[7.15558,50.659835],[7.156106,50.659907],[7.156403,50.659915],[7.157611,50.659871],[7.158411,50.659931],[7.159279,50.660063],[7.1601,50.660248],[7.160482,50.660045],[7.160565,50.660026],[7.160849,50.66004],[7.161245,50.659747],[7.16169,50.659895],[7.161813,50.659879],[7.15981,50.65891],[7.159095,50.65859],[7.157095,50.658041]]],[[[7.156037,50.658669],[7.156029,50.658675],[7.156135,50.658604],[7.156287,50.65849],[7.156037,50.658669]]]]},"properties":{"landuse_id":17349,"landuse_code":2600,"landuse":"Wald","environment":"forest","area_m2":59597}},{"type":"Feature","geometry":{"type":"MultiPolygon","coordinates":[[[[7.154534,50.728551],[7.154386,50.728624],[7.154373,50.728636],[7.154534,50.728551]]],[[[7.154335,50.728672],[7.154218,50.728784],[7.154221,50.728784],[7.154231,50.728779],[7.154335,50.728672]]],[[[7.154192,50.728808],[7.153848,50.729165],[7.153608,50.729349],[7.15347,50.729419],[7.153639,50.729347],[7.153876,50.729172],[7.154192,50.728808]]],[[[7.153155,50.729516],[7.152587,50.729903],[7.152544,50.72999],[7.152434,50.730046],[7.152285,50.730069],[7.152027,50.730186],[7.152006,50.730433],[7.151823,50.730435],[7.151827,50.730515],[7.151891,50.730614],[7.152468,50.731104],[7.152535,50.731119],[7.152621,50.7311],[7.152692,50.731045],[7.152744,50.730949],[7.152862,50.731011],[7.152577,50.731229],[7.152659,50.731298],[7.153366,50.730747],[7.152802,50.730464],[7.153147,50.730248],[7.153615,50.730564],[7.154572,50.729839],[7.155199,50.729438],[7.155031,50.729315],[7.154993,50.729186],[7.154826,50.729198],[7.154228,50.728834],[7.153929,50.729169],[7.153686,50.729357],[7.153524,50.729435],[7.153155,50.729516]]],[[[7.157277,50.728135],[7.157141,50.72806],[7.157047,50.728106],[7.156638,50.72844],[7.156657,50.728533],[7.157277,50.728135]]],[[[7.154608,50.72852],[7.154596,50.728522],[7.154599,50.728524],[7.154608,50.72852]]],[[[7.154267,50.728816],[7.154843,50.729172],[7.154961,50.729155],[7.155023,50.729173],[7.155064,50.7293],[7.155231,50.729418],[7.156606,50.72856],[7.156559,50.728504],[7.15658,50.728441],[7.15702,50.728081],[7.156765,50.728099],[7.156174,50.728202],[7.154747,50.728492],[7.154397,50.728653],[7.154251,50.728799],[7.154267,50.728816]]]]},"properties":{"landuse_id":2020,"landuse_code":2600,"landuse":"Wald","environment":"forest","area_m2":37646}},{"type":"Feature","geometry":{"type":"MultiPolygon","coordinates":[[[[7.162983,50.705165],[7.162943,50.705202],[7.162931,50.70545],[7.163145,50.705208],[7.163019,50.705297],[7.163047,50.705217],[7.162983,50.705165]]],[[[7.164848,50.703314],[7.16478,50.703245],[7.164648,50.703421],[7.164189,50.703779],[7.164093,50.703889],[7.163944,50.704211],[7.16382,50.704343],[7.163743,50.704367],[7.163509,50.704691],[7.163017,50.705134],[7.163093,50.705198],[7.163145,50.705208],[7.164848,50.703314]]]]},"properties":{"landuse_id":18252,"landuse_code":2645,"landuse":"Grün-/ Parkfläche mit Baumbestand","environment":"urban_green","area_m2":2401}},{"type":"Feature","geometry":{"type":"Polygon","coordinates":[[[7.17786,50.707916],[7.177809,50.7079],[7.177818,50.708084],[7.17786,50.707916]]]},"properties":{"landuse_id":12510,"landuse_code":2670,"landuse":"Verkehrsbegleitgrün mit Baumbestand","environment":"urban_green","area_m2":52}},{"type":"Feature","geometry":{"type":"Polygon","coordinates":[[[7.141462,50.751686],[7.141492,50.751436],[7.141463,50.751157],[7.141409,50.750977],[7.141292,50.750826],[7.14109,50.750696],[7.140847,50.750632],[7.140562,50.750636],[7.140298,50.750713],[7.140105,50.75085],[7.140019,50.751002],[7.139959,50.751597],[7.140018,50.751882],[7.141156,50.752018],[7.141376,50.752016],[7.141462,50.751686]]]},"properties":{"landuse_id":325,"landuse_code":2670,"landuse":"Verkehrsbegleitgrün mit Baumbestand","environment":"urban_green","area_m2":14137}},{"type":"Feature","geometry":{"type":"MultiPolygon","coordinates":[[[[7.14719,50.668842],[7.147282,50.668912],[7.147195,50.66884],[7.14719,50.668842]]],[[[7.148587,50.669813],[7.149001,50.6697],[7.148907,50.669552],[7.149576,50.669367],[7.14993,50.669831],[7.150186,50.66976],[7.150423,50.670083],[7.150191,50.670156],[7.149448,50.67056],[7.149579,50.670612],[7.14971,50.670623],[7.149799,50.670527],[7.14994,50.670433],[7.150234,50.670305],[7.151266,50.670075],[7.151769,50.669913],[7.152042,50.66971],[7.152292,50.669479],[7.152459,50.669246],[7.152522,50.669063],[7.151957,50.669174],[7.151771,50.668838],[7.151666,50.668861],[7.151485,50.668545],[7.149755,50.668932],[7.148731,50.668071],[7.148198,50.667397],[7.148173,50.667402],[7.148132,50.667364],[7.148157,50.667358],[7.147697,50.666965],[7.147325,50.6666],[7.147341,50.666496],[7.147816,50.665886],[7.148709,50.666091],[7.148906,50.665732],[7.147961,50.665521],[7.147973,50.665351],[7.148038,50.665362],[7.148035,50.665249],[7.147757,50.665216],[7.147277,50.665231],[7.147216,50.66546],[7.147494,50.665577],[7.147046,50.665763],[7.146509,50.665883],[7.146357,50.665955],[7.14583,50.665938],[7.145324,50.665881],[7.144981,50.66576],[7.144178,50.665395],[7.14383,50.665663],[7.143691,50.666408],[7.14464,50.666663],[7.145576,50.667631],[7.147287,50.66882],[7.147259,50.668827],[7.148222,50.669602],[7.148587,50.669813]]]]},"properties":{"landuse_id":2025,"landuse_code":2600,"landuse":"Wald","environment":"forest","area_m2":113129}},{"type":"Feature","geometry":{"type":"Polygon","coordinates":[[[7.161389,50.726422],[7.160989,50.726644],[7.161588,50.726925],[7.162873,50.726592],[7.163304,50.726446],[7.163811,50.726208],[7.164299,50.725882],[7.163913,50.72567],[7.163931,50.725791],[7.163903,50.725901],[7.163835,50.725998],[7.163696,50.726111],[7.163428,50.726194],[7.163136,50.726202],[7.162883,50.726138],[7.162686,50.726015],[7.162593,50.725869],[7.162595,50.725675],[7.161389,50.726422]]]},"properties":{"landuse_id":7115,"landuse_code":2670,"landuse":"Verkehrsbegleitgrün mit Baumbestand","environment":"urban_green","area_m2":11936}},{"type":"Feature","geometry":{"type":"Polygon","coordinates":[[[7.130925,50.670966],[7.131563,50.671102],[7.131788,50.671167],[7.131999,50.671259],[7.132753,50.67061],[7.129719,50.66904],[7.126429,50.668016],[7.124497,50.667203],[7.123709,50.666936],[7.123089,50.666656],[7.12271,50.666543],[7.122407,50.666413],[7.122178,50.666252],[7.116923,50.670245],[7.116212,50.670525],[7.116198,50.670494],[7.116146,50.670519],[7.116438,50.670775],[7.117093,50.670934],[7.117619,50.670903],[7.118257,50.671008],[7.117675,50.671206],[7.117928,50.671286],[7.118206,50.671064],[7.118249,50.671074],[7.117952,50.671293],[7.118008,50.671311],[7.118165,50.671251],[7.118297,50.671236],[7.118841,50.671403],[7.119111,50.671328],[7.119471,50.671291],[7.121079,50.671398],[7.121557,50.671397],[7.12259,50.671189],[7.123083,50.671133],[7.124338,50.67104],[7.124817,50.670977],[7.125089,50.670974],[7.127389,50.671191],[7.128152,50.671147],[7.129411,50.670996],[7.129913,50.671082],[7.13006,50.67114],[7.130437,50.671374],[7.130925,50.670966]],[[7.119275,50.671049],[7.118466,50.671065],[7.118568,50.670955],[7.118584,50.670865],[7.118456,50.670445],[7.118502,50.670381],[7.118618,50.670331],[7.118858,50.670276],[7.118987,50.670279],[7.119081,50.6703],[7.119272,50.670422],[7.119466,50.670648],[7.119491,50.670726],[7.119487,50.670793],[7.119275,50.671049]],[[7.120693,50.668261],[7.121604,50.668412],[7.122306,50.668624],[7.122672,50.668808],[7.120582,50.668523],[7.120693,50.668261]]]},"properties":{"landuse_id":19839,"landuse_code":2600,"landuse":"Wald","environment":"forest","area_m2":346462}},{"type":"Feature","geometry":{"type":"Polygon","coordinates":[[[7.077703,50.708721],[7.077817,50.708308],[7.07762,50.708262],[7.077395,50.708297],[7.077278,50.708677],[7.077703,50.708721]]]},"properties":{"landuse_id":4227,"landuse_code":2680,"landuse":"sonstige (kl.) Gehölzfläche","environment":"urban_green","area_m2":1411}},{"type":"Feature","geometry":{"type":"MultiPolygon","coordinates":[[[[7.090883,50.704231],[7.090842,50.704221],[7.090829,50.70422],[7.090883,50.704231]]],[[[7.090276,50.70415],[7.090156,50.704135],[7.090165,50.704828],[7.090276,50.705336],[7.090578,50.705795],[7.090782,50.70621],[7.091779,50.705871],[7.091964,50.706107],[7.092985,50.705749],[7.094101,50.705747],[7.093874,50.705652],[7.093585,50.705633],[7.092921,50.705426],[7.093255,50.704854],[7.092762,50.704677],[7.091105,50.704298],[7.090338,50.704177],[7.090276,50.70415]]]]},"properties":{"landuse_id":5738,"landuse_code":2600,"landuse":"Wald","environment":"forest","area_m2":34833}},{"type":"Feature","geometry":{"type":"Polygon","coordinates":[[[7.091189,50.662883],[7.088119,50.661796],[7.087594,50.663608],[7.086319,50.66634],[7.086152,50.66658],[7.084168,50.668985],[7.084188,50.669013],[7.086346,50.669712],[7.089966,50.670928],[7.091027,50.671258],[7.091093,50.671231],[7.096136,50.664614],[7.091189,50.662883]],[[7.088874,50.668014],[7.089996,50.668209],[7.089902,50.668415],[7.089775,50.668389],[7.089561,50.66886],[7.089081,50.66878],[7.089247,50.668341],[7.088648,50.668284],[7.088874,50.668014]],[[7.089188,50.668821],[7.089442,50.668863],[7.08944,50.668917],[7.089192,50.668878],[7.089188,50.668821]],[[7.089779,50.670357],[7.089878,50.670319],[7.089938,50.67034],[7.08999,50.670526],[7.089824,50.670528],[7.089779,50.670357]]]},"properties":{"landuse_id":22574,"landuse_code":2600,"landuse":"Wald","environment":"forest","area_m2":468612}},{"type":"Feature","geometry":{"type":"Polygon","coordinates":[[[7.076128,50.761497],[7.076383,50.761482],[7.07617,50.76148],[7.076128,50.761497]]]},"properties":{"landuse_id":5859,"landuse_code":2680,"landuse":"sonstige (kl.) Gehölzfläche","environment":"urban_green","area_m2":2}},{"type":"Feature","geometry":{"type":"Polygon","coordinates":[[[7.163976,50.670097],[7.164087,50.669959],[7.16401,50.669968],[7.162924,50.669572],[7.162779,50.669571],[7.162665,50.669609],[7.162025,50.670178],[7.161535,50.670467],[7.161787,50.670621],[7.162243,50.670357],[7.162354,50.670331],[7.162397,50.670375],[7.162389,50.670483],[7.162294,50.670615],[7.162262,50.670992],[7.162186,50.671087],[7.162077,50.671129],[7.162009,50.671127],[7.161867,50.67109],[7.161786,50.671041],[7.161222,50.671403],[7.161712,50.671659],[7.161806,50.671676],[7.161963,50.67166],[7.162082,50.671621],[7.162184,50.671554],[7.162342,50.671388],[7.162606,50.671439],[7.162898,50.670929],[7.162864,50.670922],[7.163034,50.670655],[7.163217,50.670508],[7.163159,50.670468],[7.163341,50.670325],[7.163551,50.670436],[7.163976,50.670097]]]},"properties":{"landuse_id":2039,"landuse_code":2680,"landuse":"sonstige (kl.) Gehölzfläche","environment":"urban_green","area_m2":18254}},{"type":"Feature","geometry":{"type":"MultiPolygon","coordinates":[[[[7.175429,50.674603],[7.17544,50.674592],[7.175424,50.674586],[7.175414,50.674597],[7.175429,50.674603]]],[[[7.175836,50.674141],[7.175933,50.674118],[7.17588,50.674096],[7.175836,50.674141]]],[[[7.173173,50.675306],[7.173972,50.675681],[7.174385,50.675193],[7.174681,50.675034],[7.174179,50.675125],[7.17348,50.675142],[7.173383,50.675168],[7.173173,50.675306]]],[[[7.174765,50.675013],[7.176234,50.675536],[7.176664,50.675051],[7.176554,50.67501],[7.176163,50.674966],[7.175557,50.674759],[7.175536,50.674789],[7.175333,50.674719],[7.175125,50.674855],[7.174765,50.675013]]]]},"properties":{"landuse_id":2075,"landuse_code":2680,"landuse":"sonstige (kl.) Gehölzfläche","environment":"urban_green","area_m2":8908}},{"type":"Feature","geometry":{"type":"Polygon","coordinates":[[[7.124528,50.725925],[7.124683,50.72586],[7.124706,50.725706],[7.124849,50.725574],[7.125783,50.725184],[7.125991,50.725146],[7.126204,50.725167],[7.126378,50.72524],[7.12649,50.725351],[7.126524,50.725472],[7.126642,50.725583],[7.126853,50.725657],[7.12701,50.725818],[7.127046,50.725803],[7.126115,50.724909],[7.124907,50.72546],[7.124412,50.725596],[7.124161,50.725796],[7.124468,50.726128],[7.124474,50.726169],[7.124418,50.726216],[7.124302,50.726235],[7.12416,50.72633],[7.124565,50.726576],[7.124625,50.726654],[7.12474,50.726943],[7.125053,50.727147],[7.125515,50.726886],[7.124528,50.725925]]]},"properties":{"landuse_id":9797,"landuse_code":2645,"landuse":"Grün-/ Parkfläche mit Baumbestand","environment":"urban_green","area_m2":8544}},{"type":"Feature","geometry":{"type":"MultiPolygon","coordinates":[[[[7.07137,50.690318],[7.071396,50.690341],[7.071377,50.690311],[7.07137,50.690318]]],[[[7.071635,50.690707],[7.071623,50.690754],[7.07168,50.690774],[7.071635,50.690707]]],[[[7.072303,50.690244],[7.07215,50.690281],[7.07197,50.690281],[7.071673,50.690244],[7.071526,50.690179],[7.071503,50.690189],[7.071443,50.690271],[7.071735,50.690733],[7.072153,50.690333],[7.072303,50.690244]]]]},"properties":{"landuse_id":16408,"landuse_code":2600,"landuse":"Wald","environment":"forest","area_m2":1539}},{"type":"Feature","geometry":{"type":"MultiPolygon","coordinates":[[[[7.101082,50.65674],[7.101089,50.656743],[7.101098,50.656747],[7.101106,50.65675],[7.101114,50.656754],[7.101123,50.656758],[7.101131,50.656761],[7.10114,50.656765],[7.101149,50.656768],[7.101157,50.656772],[7.101166,50.656775],[7.101175,50.656779],[7.101183,50.656782],[7.101192,50.656785],[7.101201,50.656788],[7.10121,50.656791],[7.101219,50.656795],[7.101228,50.656798],[7.101237,50.656801],[7.101246,50.656804],[7.101255,50.656807],[7.101264,50.656809],[7.101273,50.656812],[7.101283,50.656815],[7.101292,50.656818],[7.101301,50.65682],[7.101311,50.656823],[7.10132,50.656826],[7.101329,50.656828],[7.101712,50.65695],[7.101082,50.65674]]],[[[7.099109,50.656278],[7.100791,50.65667],[7.100906,50.656696],[7.100971,50.656711],[7.100967,50.656709],[7.099109,50.656278]]],[[[7.087422,50.653541],[7.087426,50.65356],[7.087731,50.653632],[7.087422,50.653541]]],[[[7.087497,50.653833],[7.087878,50.655205],[7.088215,50.657826],[7.088246,50.657871],[7.096049,50.659401],[7.098685,50.661133],[7.098742,50.661147],[7.098801,50.661132],[7.101909,50.657115],[7.101908,50.657054],[7.101049,50.656762],[7.087433,50.653586],[7.087497,50.653833]],[[7.096337,50.656261],[7.096375,50.656259],[7.096452,50.656349],[7.096505,50.656464],[7.096482,50.656529],[7.096441,50.656529],[7.096406,50.65649],[7.096347,50.656371],[7.096337,50.656261]]]]},"properties":{"landuse_id":22577,"landuse_code":2600,"landuse":"Wald","environment":"forest","area_m2":409480}},{"type":"Feature","geometry":{"type":"MultiPolygon","coordinates":[[[[7.093101,50.651285],[7.093144,50.651304],[7.093161,50.651311],[7.093101,50.651285]]],[[[7.087422,50.653541],[7.087731,50.653632],[7.100967,50.656709],[7.099888,50.656133],[7.098552,50.655224],[7.097485,50.653851],[7.096643,50.653201],[7.095778,50.652485],[7.094481,50.651698],[7.09419,50.651575],[7.093222,50.651365],[7.092828,50.651185],[7.091647,50.650711],[7.091272,50.650609],[7.090774,50.650361],[7.090216,50.65017],[7.089331,50.649684],[7.088093,50.649109],[7.087648,50.648966],[7.087097,50.648854],[7.087015,50.651142],[7.087033,50.651932],[7.087118,50.652424],[7.087422,50.653541]],[[7.093609,50.653365],[7.093709,50.653703],[7.093192,50.654518],[7.092751,50.654393],[7.093473,50.653334],[7.093609,50.653365]],[[7.094811,50.653326],[7.095361,50.653529],[7.09515,50.653672],[7.094672,50.653509],[7.094811,50.653326]],[[7.093498,50.652019],[7.094061,50.65243],[7.093893,50.652491],[7.093342,50.652078],[7.093498,50.652019]]],[[[7.100812,50.656589],[7.100873,50.656629],[7.100901,50.656642],[7.100812,50.656589]]],[[[7.100671,50.656506],[7.099804,50.656041],[7.10069,50.656517],[7.100671,50.656506]]],[[[7.09752,50.653831],[7.097515,50.653827],[7.097527,50.653839],[7.09752,50.653831]]],[[[7.095804,50.652451],[7.09568,50.652376],[7.095825,50.652469],[7.095804,50.652451]]]]},"properties":{"landuse_id":22578,"landuse_code":2600,"landuse":"Wald","environment":"forest","area_m2":316008}},{"type":"Feature","geometry":{"type":"Polygon","coordinates":[[[7.075434,50.747856],[7.075331,50.747939],[7.075415,50.74792],[7.07696,50.74865],[7.077271,50.748756],[7.07875,50.749485],[7.078791,50.749461],[7.076217,50.748209],[7.075434,50.747856]]]},"properties":{"landuse_id":16198,"landuse_code":2670,"landuse":"Verkehrsbegleitgrün mit Baumbestand","environment":"urban_green","area_m2":1704}},{"type":"Feature","geometry":{"type":"MultiPolygon","coordinates":[[[[7.18486,50.71221],[7.185172,50.712412],[7.184977,50.7126],[7.184877,50.712591],[7.184709,50.712967],[7.184647,50.713214],[7.18446,50.713208],[7.184336,50.71316],[7.183828,50.713272],[7.184046,50.7137],[7.183855,50.71379],[7.183463,50.713752],[7.183659,50.714275],[7.183908,50.714471],[7.184077,50.714864],[7.184576,50.715326],[7.184762,50.715685],[7.185421,50.715957],[7.185597,50.71599],[7.185964,50.716164],[7.186698,50.716744],[7.186794,50.71679],[7.187667,50.717012],[7.188121,50.716829],[7.188561,50.716584],[7.188758,50.716448],[7.189156,50.716063],[7.189251,50.715933],[7.18937,50.715852],[7.191909,50.714741],[7.193235,50.714268],[7.194837,50.713583],[7.195663,50.713189],[7.195987,50.713119],[7.196738,50.713106],[7.196166,50.712531],[7.195932,50.712531],[7.195382,50.712072],[7.195531,50.712031],[7.195201,50.711574],[7.195277,50.711534],[7.194917,50.71127],[7.193838,50.711726],[7.193142,50.711985],[7.192876,50.711944],[7.192569,50.711797],[7.192488,50.711713],[7.192537,50.711588],[7.192771,50.711505],[7.193656,50.711276],[7.193854,50.711181],[7.194004,50.710981],[7.19389,50.710822],[7.193786,50.710806],[7.193512,50.710803],[7.192186,50.710937],[7.192326,50.711186],[7.191999,50.711423],[7.191324,50.711368],[7.191214,50.711059],[7.190411,50.711183],[7.18864,50.711662],[7.187799,50.711806],[7.187356,50.711865],[7.186972,50.711882],[7.186787,50.71193],[7.186315,50.711916],[7.185849,50.711856],[7.185634,50.711882],[7.185452,50.711931],[7.18486,50.71221]],[[7.190353,50.713436],[7.19109,50.713286],[7.191246,50.713423],[7.19054,50.713641],[7.190353,50.713436]]],[[[7.184746,50.715758],[7.184874,50.715823],[7.185207,50.715915],[7.184746,50.715758]]],[[[7.186713,50.716801],[7.186758,50.716839],[7.187072,50.716908],[7.186713,50.716801]]]]},"properties":{"landuse_id":20260,"landuse_code":2600,"landuse":"Wald","environment":"forest","area_m2":339818}},{"type":"Feature","geometry":{"type":"MultiPolygon","coordinates":[[[[7.148047,50.720055],[7.147997,50.720087],[7.148493,50.720124],[7.148047,50.720055]]],[[[7.147969,50.720107],[7.147913,50.72015],[7.147921,50.720204],[7.148021,50.720316],[7.148091,50.720347],[7.148411,50.720233],[7.148474,50.720183],[7.148448,50.720149],[7.147969,50.720107]]],[[[7.148624,50.720216],[7.148525,50.720293],[7.14856,50.720419],[7.148538,50.720524],[7.148486,50.720613],[7.148383,50.720653],[7.148018,50.720687],[7.146902,50.720683],[7.147033,50.720809],[7.1478,50.721166],[7.148223,50.721057],[7.148504,50.720951],[7.148601,50.720861],[7.148721,50.720648],[7.149125,50.720418],[7.149044,50.720307],[7.148945,50.720247],[7.148811,50.720216],[7.148624,50.720216]]],[[[7.150531,50.719725],[7.149965,50.719537],[7.149652,50.719366],[7.148374,50.718516],[7.147262,50.718879],[7.147156,50.718942],[7.147069,50.719053],[7.147043,50.719264],[7.147387,50.71935],[7.147594,50.719333],[7.147828,50.719389],[7.148111,50.719514],[7.148343,50.719519],[7.148614,50.719644],[7.148798,50.719658],[7.148996,50.719811],[7.149603,50.719932],[7.149707,50.71992],[7.149604,50.719983],[7.14905,50.719988],[7.148916,50.720024],[7.148824,50.720117],[7.149209,50.720156],[7.149484,50.72013],[7.150122,50.719929],[7.150531,50.719725]]],[[[7.148788,50.718348],[7.148744,50.718314],[7.147342,50.71877],[7.147266,50.718831],[7.148788,50.718348]]],[[[7.148721,50.718294],[7.14855,50.718129],[7.14792,50.718346],[7.147399,50.718487],[7.146577,50.718748],[7.146531,50.718773],[7.146432,50.718968],[7.146327,50.719087],[7.146974,50.719247],[7.147012,50.71898],[7.146905,50.718954],[7.146769,50.718974],[7.146727,50.71894],[7.14675,50.718891],[7.147041,50.718848],[7.148721,50.718294]]],[[[7.148786,50.720112],[7.148739,50.720018],[7.148634,50.71995],[7.148129,50.719749],[7.147982,50.719724],[7.147821,50.719828],[7.146665,50.719539],[7.145851,50.719574],[7.146367,50.71974],[7.146884,50.719857],[7.148786,50.720112]]],[[[7.146515,50.7195],[7.145745,50.719302],[7.145554,50.719298],[7.14494,50.719222],[7.144812,50.719227],[7.144939,50.719412],[7.145278,50.719439],[7.145651,50.719529],[7.146515,50.7195]]],[[[7.146089,50.720056],[7.146259,50.720093],[7.146379,50.720073],[7.146439,50.719964],[7.146419,50.71989],[7.145711,50.719644],[7.14603,50.719911],[7.146089,50.720056]]],[[[7.146393,50.719857],[7.146319,50.719763],[7.14574,50.719601],[7.145739,50.719621],[7.145965,50.719714],[7.146393,50.719857]]],[[[7.146646,50.721098],[7.146872,50.721234],[7.147118,50.721338],[7.147255,50.721283],[7.147251,50.721247],[7.146878,50.720835],[7.146392,50.720462],[7.146107,50.720296],[7.145616,50.720061],[7.145111,50.719716],[7.14536,50.720034],[7.145675,50.720345],[7.146287,50.72086],[7.146646,50.721098]]],[[[7.14913,50.720358],[7.14919,50.72039],[7.149852,50.720058],[7.149536,50.720162],[7.149329,50.720195],[7.148701,50.720156],[7.148722,50.720184],[7.1489,50.720209],[7.149005,50.720247],[7.14913,50.720358]]],[[[7.146986,50.718887],[7.146884,50.718921],[7.14706,50.718952],[7.147188,50.718849],[7.147151,50.718841],[7.146986,50.718887]]],[[[7.144969,50.719454],[7.145192,50.719739],[7.145577,50.720002],[7.145795,50.720109],[7.145883,50.720111],[7.145988,50.72007],[7.146041,50.720008],[7.146015,50.719929],[7.145691,50.719678],[7.14542,50.719545],[7.14512,50.719467],[7.144969,50.719454]]],[[[7.148578,50.720153],[7.148537,50.720175],[7.148636,50.720168],[7.148578,50.720153]]]]},"properties":{"landuse_id":17134,"landuse_code":2645,"landuse":"Grün-/ Parkfläche mit Baumbestand","environment":"urban_green","area_m2":46779}},{"type":"Feature","geometry":{"type":"MultiPolygon","coordinates":[[[[7.14855,50.718129],[7.148721,50.718294],[7.149728,50.717978],[7.150017,50.717939],[7.150175,50.717878],[7.150008,50.717655],[7.14855,50.718129]]],[[[7.148744,50.718314],[7.148788,50.718348],[7.149838,50.717995],[7.149736,50.718003],[7.148744,50.718314]]]]},"properties":{"landuse_id":20359,"landuse_code":2645,"landuse":"Grün-/ Parkfläche mit Baumbestand","environment":"urban_green","area_m2":3043}},{"type":"Feature","geometry":{"type":"Polygon","coordinates":[[[7.186464,50.671784],[7.186306,50.671679],[7.186249,50.671754],[7.186293,50.671865],[7.186166,50.67193],[7.18612,50.671982],[7.185922,50.67201],[7.185829,50.672045],[7.185595,50.672311],[7.185466,50.67229],[7.185403,50.672336],[7.185013,50.672232],[7.184955,50.672244],[7.184825,50.672353],[7.185088,50.672538],[7.185221,50.672692],[7.185164,50.672849],[7.185413,50.672959],[7.18558,50.67307],[7.185576,50.673104],[7.185463,50.673318],[7.184471,50.673871],[7.184337,50.673851],[7.183906,50.674681],[7.18159,50.673877],[7.180467,50.673564],[7.179984,50.674207],[7.180005,50.674211],[7.17998,50.674247],[7.180447,50.674419],[7.180262,50.67483],[7.181657,50.675225],[7.18159,50.675323],[7.183665,50.675907],[7.184871,50.674537],[7.185553,50.673708],[7.187286,50.671501],[7.187157,50.671554],[7.186955,50.671581],[7.186482,50.671809],[7.186464,50.671784]]]},"properties":{"landuse_id":22722,"landuse_code":2680,"landuse":"sonstige (kl.) Gehölzfläche","environment":"urban_green","area_m2":63291}},{"type":"Feature","geometry":{"type":"MultiPolygon","coordinates":[[[[7.08578,50.688249],[7.085873,50.688257],[7.086086,50.688062],[7.08614,50.688053],[7.086158,50.688011],[7.086084,50.687993],[7.086203,50.687769],[7.086448,50.687824],[7.087269,50.686408],[7.086302,50.685933],[7.08591,50.687678],[7.086033,50.687724],[7.086063,50.687812],[7.08601,50.687879],[7.085841,50.687974],[7.08578,50.688249]]],[[[7.085897,50.687733],[7.085963,50.687754],[7.085992,50.6878],[7.085961,50.687745],[7.085897,50.687733]]],[[[7.085975,50.687837],[7.085962,50.687846],[7.085944,50.687855],[7.085864,50.687893],[7.085911,50.687878],[7.085925,50.687872],[7.085931,50.687868],[7.085941,50.687863],[7.085948,50.687859],[7.085954,50.687855],[7.08596,50.687851],[7.085964,50.687848],[7.085968,50.687844],[7.085972,50.687841],[7.085975,50.687838],[7.085975,50.687837]]]]},"properties":{"landuse_id":265,"landuse_code":2600,"landuse":"Wald","environment":"forest","area_m2":11629}},{"type":"Feature","geometry":{"type":"Polygon","coordinates":[[[7.059407,50.722552],[7.058869,50.722223],[7.058605,50.722445],[7.058929,50.722747],[7.059407,50.722552]]]},"properties":{"landuse_id":6267,"landuse_code":2680,"landuse":"sonstige (kl.) Gehölzfläche","environment":"urban_green","area_m2":1625}},{"type":"Feature","geometry":{"type":"Polygon","coordinates":[[[7.149644,50.7448],[7.149202,50.744596],[7.14897,50.744759],[7.149189,50.744907],[7.14891,50.745065],[7.149094,50.745185],[7.149303,50.745467],[7.14955,50.745636],[7.149644,50.7448]]]},"properties":{"landuse_id":20320,"landuse_code":2600,"landuse":"Wald","environment":"forest","area_m2":3303}},{"type":"Feature","geometry":{"type":"MultiPolygon","coordinates":[[[[7.169206,50.747674],[7.168222,50.747793],[7.168252,50.747681],[7.166927,50.747685],[7.166819,50.747665],[7.166494,50.747539],[7.166144,50.747907],[7.166327,50.747903],[7.166773,50.748025],[7.168242,50.747877],[7.168408,50.748084],[7.168754,50.747884],[7.16931,50.747829],[7.169323,50.747737],[7.169249,50.747567],[7.169206,50.747674]]],[[[7.169456,50.747826],[7.169863,50.747825],[7.170225,50.747872],[7.17023,50.747786],[7.17019,50.747769],[7.169359,50.747733],[7.169363,50.747816],[7.169456,50.747826]]]]},"properties":{"landuse_id":20980,"landuse_code":2680,"landuse":"sonstige (kl.) Gehölzfläche","environment":"urban_green","area_m2":6622}},{"type":"Feature","geometry":{"type":"Polygon","coordinates":[[[7.189587,50.650715],[7.189255,50.650375],[7.188073,50.650905],[7.187938,50.650734],[7.189096,50.650212],[7.189,50.650105],[7.188593,50.650196],[7.188216,50.65025],[7.188023,50.650249],[7.187775,50.650178],[7.187467,50.64996],[7.187373,50.649966],[7.187306,50.650008],[7.187393,50.651138],[7.187576,50.65143],[7.187782,50.651603],[7.187874,50.651731],[7.18849,50.651433],[7.188357,50.651266],[7.189587,50.650715]],[[7.188065,50.651249],[7.187987,50.65125],[7.187968,50.651192],[7.187913,50.651166],[7.187888,50.651101],[7.187909,50.651054],[7.188024,50.651119],[7.188034,50.651081],[7.188068,50.651072],[7.188065,50.651249]]]},"properties":{"landuse_id":2161,"landuse_code":2680,"landuse":"sonstige (kl.) Gehölzfläche","environment":"urban_green","area_m2":15421}},{"type":"Feature","geometry":{"type":"MultiPolygon","coordinates":[[[[7.102697,50.671432],[7.108528,50.669219],[7.108567,50.669165],[7.105755,50.666036],[7.105416,50.665701],[7.098819,50.661267],[7.09878,50.661265],[7.09873,50.66129],[7.093552,50.668076],[7.102697,50.671432]],[[7.100654,50.665416],[7.100673,50.665463],[7.100189,50.665883],[7.100037,50.665895],[7.099745,50.665704],[7.099761,50.665639],[7.099809,50.665612],[7.099922,50.665602],[7.100411,50.66527],[7.100654,50.665416]],[[7.100048,50.667379],[7.100147,50.667592],[7.098959,50.668011],[7.098783,50.667821],[7.100048,50.667379]],[[7.101277,50.668326],[7.101539,50.668407],[7.101801,50.668602],[7.101625,50.668882],[7.101316,50.668854],[7.101036,50.668785],[7.101277,50.668326]],[[7.104288,50.665993],[7.104605,50.666295],[7.104153,50.666695],[7.103522,50.666242],[7.104288,50.665993]],[[7.10525,50.666075],[7.105279,50.666192],[7.1051,50.666244],[7.105056,50.666132],[7.10525,50.666075]]],[[[7.108585,50.669239],[7.108582,50.669239],[7.108576,50.669239],[7.10857,50.66924],[7.108564,50.66924],[7.108558,50.669241],[7.108552,50.669242],[7.108547,50.669244],[7.108536,50.669247],[7.107616,50.669594],[7.108585,50.669239]]],[[[7.108254,50.668755],[7.108614,50.669155],[7.108621,50.669162],[7.108629,50.669167],[7.108631,50.669168],[7.108254,50.668755]]]]},"properties":{"landuse_id":22582,"landuse_code":2600,"landuse":"Wald","environment":"forest","area_m2":612492}},{"type":"Feature","geometry":{"type":"Polygon","coordinates":[[[7.202057,50.652736],[7.200531,50.652286],[7.199401,50.653823],[7.199428,50.65387],[7.200861,50.654294],[7.200932,50.654278],[7.202057,50.652736]]]},"properties":{"landuse_id":2189,"landuse_code":2600,"landuse":"Wald","environment":"forest","area_m2":22880}},{"type":"Feature","geometry":{"type":"Polygon","coordinates":[[[7.168055,50.709511],[7.168011,50.70955],[7.168784,50.709874],[7.16894,50.709743],[7.169216,50.709851],[7.16962,50.709442],[7.169541,50.709409],[7.169576,50.709366],[7.168491,50.708926],[7.16794,50.709459],[7.168055,50.709511]]]},"properties":{"landuse_id":18258,"landuse_code":2680,"landuse":"sonstige (kl.) Gehölzfläche","environment":"urban_green","area_m2":7115}},{"type":"Feature","geometry":{"type":"MultiPolygon","coordinates":[[[[7.137017,50.765225],[7.137017,50.765225],[7.136913,50.765282],[7.137017,50.765225]]],[[[7.136913,50.765282],[7.136722,50.765238],[7.136729,50.765224],[7.136346,50.765152],[7.135429,50.765039],[7.134656,50.765006],[7.133633,50.76502],[7.135251,50.765328],[7.135865,50.765413],[7.136497,50.765424],[7.13678,50.7654],[7.137126,50.765338],[7.136913,50.765282]]]]},"properties":{"landuse_id":2467,"landuse_code":2670,"landuse":"Verkehrsbegleitgrün mit Baumbestand","environment":"urban_green","area_m2":5698}},{"type":"Feature","geometry":{"type":"Polygon","coordinates":[[[7.160833,50.661302],[7.161499,50.661285],[7.161426,50.661137],[7.161174,50.661156],[7.160899,50.66122],[7.160443,50.661021],[7.160021,50.660925],[7.159945,50.660926],[7.159917,50.660944],[7.159925,50.661232],[7.159321,50.661238],[7.159327,50.661478],[7.158585,50.661625],[7.158302,50.661619],[7.158053,50.661516],[7.158366,50.66179],[7.158458,50.661807],[7.159083,50.661815],[7.159587,50.661919],[7.159832,50.661926],[7.160094,50.661868],[7.160357,50.661762],[7.160833,50.661302]]]},"properties":{"landuse_id":2226,"landuse_code":2680,"landuse":"sonstige (kl.) Gehölzfläche","environment":"urban_green","area_m2":10519}},{"type":"Feature","geometry":{"type":"Polygon","coordinates":[[[7.039143,50.738887],[7.039094,50.738733],[7.038801,50.73829],[7.03878,50.738178],[7.038821,50.738069],[7.038645,50.738123],[7.03842,50.737568],[7.038194,50.737531],[7.037959,50.737569],[7.03854,50.73903],[7.039025,50.73901],[7.039143,50.738887]]]},"properties":{"landuse_id":15889,"landuse_code":2645,"landuse":"Grün-/ Parkfläche mit Baumbestand","environment":"urban_green","area_m2":6424}},{"type":"Feature","geometry":{"type":"Polygon","coordinates":[[[7.068304,50.634744],[7.06777,50.63476],[7.067574,50.634724],[7.067335,50.634738],[7.062772,50.635162],[7.060145,50.63539],[7.059387,50.635437],[7.059233,50.635475],[7.058948,50.635686],[7.059147,50.635808],[7.059172,50.635924],[7.059128,50.635973],[7.058637,50.636255],[7.05863,50.63635],[7.058647,50.636654],[7.059388,50.63839],[7.067615,50.637355],[7.068036,50.635636],[7.068304,50.634744]]]},"properties":{"landuse_id":2253,"landuse_code":2600,"landuse":"Wald","environment":"forest","area_m2":196520}},{"type":"Feature","geometry":{"type":"Polygon","coordinates":[[[7.113876,50.721013],[7.113583,50.721286],[7.113382,50.721212],[7.11306,50.721515],[7.113781,50.721726],[7.113844,50.72167],[7.114003,50.721706],[7.114117,50.721593],[7.114364,50.721682],[7.114655,50.721329],[7.114655,50.721289],[7.113876,50.721013]]]},"properties":{"landuse_id":2264,"landuse_code":2680,"landuse":"sonstige (kl.) Gehölzfläche","environment":"urban_green","area_m2":5119}},{"type":"Feature","geometry":{"type":"Polygon","coordinates":[[[7.060626,50.641797],[7.050881,50.644107],[7.050835,50.644141],[7.050833,50.644186],[7.054962,50.651715],[7.05502,50.651744],[7.062172,50.650765],[7.0608,50.642569],[7.060668,50.641831],[7.060626,50.641797]],[[7.056425,50.645401],[7.057198,50.645336],[7.057855,50.645046],[7.05839,50.645422],[7.057775,50.645636],[7.057862,50.645707],[7.057254,50.645957],[7.056425,50.645401]]]},"properties":{"landuse_id":16163,"landuse_code":2600,"landuse":"Wald","environment":"forest","area_m2":588617}},{"type":"Feature","geometry":{"type":"Polygon","coordinates":[[[7.069676,50.720522],[7.069626,50.720754],[7.06964,50.720822],[7.069668,50.720857],[7.069796,50.720878],[7.06977,50.720981],[7.069837,50.721221],[7.069892,50.721267],[7.069998,50.72128],[7.069987,50.721103],[7.069809,50.720698],[7.069816,50.720512],[7.069697,50.7205],[7.069676,50.720522]]]},"properties":{"landuse_id":16618,"landuse_code":2645,"landuse":"Grün-/ Parkfläche mit Baumbestand","environment":"urban_green","area_m2":991}},{"type":"Feature","geometry":{"type":"Polygon","coordinates":[[[7.141654,50.750894],[7.141616,50.750509],[7.141581,50.750439],[7.141519,50.750384],[7.141389,50.750348],[7.141066,50.750327],[7.140511,50.75045],[7.140217,50.750564],[7.140012,50.750754],[7.139941,50.750962],[7.140047,50.750787],[7.140195,50.750681],[7.140373,50.750604],[7.140626,50.750562],[7.140999,50.750591],[7.141281,50.750717],[7.141484,50.750928],[7.141582,50.751248],[7.141654,50.750894]]]},"properties":{"landuse_id":4574,"landuse_code":2670,"landuse":"Verkehrsbegleitgrün mit Baumbestand","environment":"urban_green","area_m2":3314}},{"type":"Feature","geometry":{"type":"Polygon","coordinates":[[[7.111138,50.671595],[7.111567,50.671605],[7.111956,50.671574],[7.112175,50.671594],[7.112371,50.671637],[7.112564,50.671709],[7.112723,50.67173],[7.113294,50.67166],[7.114104,50.671747],[7.114344,50.671721],[7.114571,50.671658],[7.114787,50.671561],[7.114934,50.67146],[7.115517,50.670773],[7.115585,50.670583],[7.115686,50.670517],[7.116021,50.670384],[7.116142,50.670494],[7.115818,50.668546],[7.115433,50.668115],[7.114824,50.668138],[7.114516,50.667772],[7.114369,50.667511],[7.114241,50.66711],[7.108695,50.669209],[7.108688,50.669231],[7.109108,50.669708],[7.110733,50.671517],[7.111138,50.671595]],[[7.112429,50.668598],[7.112806,50.66879],[7.112266,50.669003],[7.112028,50.668793],[7.112429,50.668598]],[[7.113838,50.670128],[7.114476,50.670677],[7.114326,50.670721],[7.114156,50.670692],[7.11382,50.670478],[7.113693,50.67035],[7.113688,50.670158],[7.113838,50.670128]]]},"properties":{"landuse_id":4053,"landuse_code":2600,"landuse":"Wald","environment":"forest","area_m2":171272}},{"type":"Feature","geometry":{"type":"MultiPolygon","coordinates":[[[[7.166826,50.745342],[7.166573,50.745416],[7.166581,50.745429],[7.166836,50.745356],[7.166826,50.745342]]],[[[7.165878,50.744088],[7.165661,50.743802],[7.165452,50.743841],[7.165973,50.744525],[7.166553,50.745386],[7.166632,50.745379],[7.166812,50.745324],[7.165878,50.744088]]]]},"properties":{"landuse_id":14654,"landuse_code":2680,"landuse":"sonstige (kl.) Gehölzfläche","environment":"urban_green","area_m2":3076}},{"type":"Feature","geometry":{"type":"Polygon","coordinates":[[[7.189303,50.729477],[7.189224,50.730136],[7.189099,50.730443],[7.189013,50.730545],[7.189002,50.730961],[7.188987,50.731016],[7.18886,50.731095],[7.188805,50.731185],[7.18875,50.731396],[7.188788,50.731479],[7.188738,50.731594],[7.188807,50.731822],[7.189198,50.732129],[7.189162,50.731862],[7.189178,50.731681],[7.189331,50.731414],[7.189593,50.730796],[7.189625,50.729513],[7.189303,50.729477]]]},"properties":{"landuse_id":20343,"landuse_code":2600,"landuse":"Wald","environment":"forest","area_m2":9107}},{"type":"Feature","geometry":{"type":"MultiPolygon","coordinates":[[[[7.14178,50.757789],[7.142331,50.757976],[7.142472,50.758003],[7.142553,50.757997],[7.142314,50.757956],[7.142218,50.757926],[7.142237,50.7579],[7.142586,50.757973],[7.142898,50.757949],[7.142879,50.75789],[7.14296,50.757868],[7.143083,50.757787],[7.14303,50.757756],[7.14265,50.75785],[7.142466,50.757841],[7.142303,50.75766],[7.142249,50.757741],[7.141906,50.757629],[7.14178,50.757789]]],[[[7.14285,50.75799],[7.142855,50.75799],[7.142856,50.757989],[7.14285,50.75799]]]]},"properties":{"landuse_id":20333,"landuse_code":2680,"landuse":"sonstige (kl.) Gehölzfläche","environment":"urban_green","area_m2":1572}},{"type":"Feature","geometry":{"type":"Polygon","coordinates":[[[7.037188,50.700649],[7.037189,50.70053],[7.03734,50.700465],[7.037042,50.700275],[7.036782,50.700322],[7.0369,50.700627],[7.03651,50.700731],[7.035382,50.700528],[7.035528,50.700241],[7.035434,50.700193],[7.034891,50.700174],[7.034917,50.699845],[7.034692,50.699836],[7.034926,50.699551],[7.034604,50.699428],[7.034331,50.699375],[7.034178,50.700878],[7.036476,50.700972],[7.037138,50.700639],[7.037188,50.700649]]]},"properties":{"landuse_id":16038,"landuse_code":2600,"landuse":"Wald","environment":"forest","area_m2":14653}},{"type":"Feature","geometry":{"type":"Polygon","coordinates":[[[7.08871,50.711376],[7.088736,50.711673],[7.088646,50.711746],[7.0887,50.71196],[7.088652,50.712005],[7.08881,50.712133],[7.088815,50.712369],[7.088888,50.712489],[7.088959,50.712511],[7.089081,50.712599],[7.08911,50.712666],[7.089218,50.712736],[7.089202,50.712969],[7.089245,50.713031],[7.089257,50.713219],[7.089229,50.713624],[7.090076,50.713729],[7.089994,50.713696],[7.089945,50.713636],[7.089938,50.71355],[7.090001,50.713423],[7.090019,50.712873],[7.090783,50.712885],[7.090853,50.712614],[7.090882,50.712036],[7.090244,50.711958],[7.089893,50.711273],[7.089295,50.711408],[7.089108,50.711322],[7.08871,50.711376]]]},"properties":{"landuse_id":2552,"landuse_code":2600,"landuse":"Wald","environment":"forest","area_m2":25057}},{"type":"Feature","geometry":{"type":"Polygon","coordinates":[[[7.187872,50.6549],[7.187541,50.654989],[7.187667,50.655119],[7.187993,50.655323],[7.188122,50.655246],[7.188135,50.655207],[7.187872,50.6549]]]},"properties":{"landuse_id":8995,"landuse_code":2680,"landuse":"sonstige (kl.) Gehölzfläche","environment":"urban_green","area_m2":973}},{"type":"Feature","geometry":{"type":"MultiPolygon","coordinates":[[[[7.138107,50.66173],[7.138188,50.661697],[7.13828,50.661723],[7.141523,50.662717],[7.141152,50.662279],[7.14075,50.661993],[7.140527,50.661782],[7.140385,50.661699],[7.140128,50.661449],[7.139975,50.661144],[7.139695,50.660969],[7.139722,50.660954],[7.140002,50.661129],[7.140157,50.661437],[7.140412,50.661683],[7.140556,50.661767],[7.14078,50.661978],[7.141184,50.662266],[7.141596,50.662738],[7.141665,50.662781],[7.14184,50.662828],[7.143287,50.663067],[7.144549,50.663033],[7.145476,50.663269],[7.145903,50.663323],[7.146535,50.663507],[7.146067,50.663068],[7.145808,50.662907],[7.145756,50.662886],[7.145738,50.662901],[7.145393,50.662644],[7.145392,50.66259],[7.145233,50.662477],[7.144857,50.662308],[7.144369,50.662219],[7.144124,50.662142],[7.143825,50.66195],[7.143416,50.661756],[7.143195,50.661509],[7.142656,50.661123],[7.142407,50.660858],[7.141831,50.660375],[7.14149,50.660035],[7.141282,50.659888],[7.140982,50.65975],[7.140395,50.659312],[7.140298,50.659134],[7.14007,50.65901],[7.139955,50.658865],[7.139476,50.658812],[7.138952,50.658791],[7.138883,50.659121],[7.138021,50.659253],[7.137243,50.659572],[7.1363,50.660027],[7.135498,50.66104],[7.134599,50.661698],[7.133977,50.66202],[7.133744,50.662182],[7.134526,50.662629],[7.134868,50.662509],[7.13497,50.662624],[7.135473,50.662312],[7.135829,50.662666],[7.138107,50.66173]]],[[[7.144931,50.662307],[7.144906,50.662294],[7.14486,50.662284],[7.144873,50.662288],[7.144907,50.6623],[7.144931,50.662307]]],[[[7.144406,50.662203],[7.144162,50.662122],[7.143912,50.661974],[7.144145,50.662123],[7.144406,50.662203]]],[[[7.140927,50.659667],[7.140792,50.659567],[7.140797,50.659572],[7.140807,50.659582],[7.140927,50.659667]]],[[[7.138924,50.658791],[7.138923,50.658791],[7.13892,50.658814],[7.138924,50.658791]]],[[[7.136467,50.659924],[7.136325,50.659991],[7.136323,50.659994],[7.136467,50.659924]]],[[[7.134587,50.661679],[7.134308,50.661827],[7.13443,50.661765],[7.134579,50.661685],[7.134587,50.661679]]],[[[7.133863,50.662067],[7.133703,50.662159],[7.133723,50.66217],[7.133863,50.662067]]]]},"properties":{"landuse_id":17322,"landuse_code":2600,"landuse":"Wald","environment":"forest","area_m2":185388}},{"type":"Feature","geometry":{"type":"Polygon","coordinates":[[[7.109451,50.676144],[7.108417,50.675275],[7.108285,50.675215],[7.108244,50.675146],[7.108371,50.675011],[7.108455,50.674553],[7.108804,50.673976],[7.108801,50.673824],[7.108704,50.673681],[7.108539,50.673576],[7.102738,50.671447],[7.097591,50.673398],[7.097611,50.67343],[7.106739,50.676415],[7.10692,50.676517],[7.107238,50.676794],[7.107306,50.676822],[7.107511,50.676831],[7.109257,50.676597],[7.109451,50.676144]],[[7.103274,50.675092],[7.103241,50.675051],[7.10329,50.674961],[7.103345,50.674936],[7.103458,50.674943],[7.103524,50.675027],[7.103519,50.675117],[7.103333,50.675125],[7.103274,50.675092]]]},"properties":{"landuse_id":4236,"landuse_code":2600,"landuse":"Wald","environment":"forest","area_m2":242421}},{"type":"Feature","geometry":{"type":"Polygon","coordinates":[[[7.105383,50.72089],[7.105514,50.720259],[7.10524,50.720261],[7.105187,50.720138],[7.105194,50.719929],[7.105261,50.719772],[7.105147,50.719767],[7.105103,50.720699],[7.105307,50.720698],[7.105329,50.720897],[7.105383,50.72089]]]},"properties":{"landuse_id":20701,"landuse_code":2645,"landuse":"Grün-/ Parkfläche mit Baumbestand","environment":"urban_green","area_m2":1740}},{"type":"Feature","geometry":{"type":"Polygon","coordinates":[[[7.046269,50.694425],[7.046228,50.694524],[7.046137,50.694626],[7.046147,50.694662],[7.04682,50.695194],[7.046894,50.695216],[7.04716,50.695204],[7.047285,50.695161],[7.047315,50.695189],[7.048319,50.694634],[7.048833,50.694428],[7.049465,50.694305],[7.050509,50.694227],[7.050585,50.6942],[7.050606,50.694157],[7.0473,50.69433],[7.046269,50.694425]]]},"properties":{"landuse_id":16093,"landuse_code":2600,"landuse":"Wald","environment":"forest","area_m2":13092}},{"type":"Feature","geometry":{"type":"Polygon","coordinates":[[[7.040277,50.696075],[7.041281,50.696264],[7.044456,50.696004],[7.045276,50.695965],[7.047621,50.69605],[7.047156,50.695687],[7.046754,50.695596],[7.046326,50.695695],[7.045796,50.695775],[7.0438,50.695863],[7.043835,50.69601],[7.043751,50.696018],[7.043715,50.695866],[7.041748,50.695942],[7.041218,50.695919],[7.040897,50.695882],[7.040826,50.695992],[7.040447,50.696069],[7.04043,50.696104],[7.040277,50.696075]]]},"properties":{"landuse_id":16095,"landuse_code":2680,"landuse":"sonstige (kl.) Gehölzfläche","environment":"urban_green","area_m2":13325}},{"type":"Feature","geometry":{"type":"Polygon","coordinates":[[[7.108353,50.752159],[7.108216,50.752187],[7.108177,50.752349],[7.10828,50.752412],[7.108423,50.752377],[7.108508,50.75229],[7.108502,50.752186],[7.108353,50.752159]]]},"properties":{"landuse_id":16645,"landuse_code":2680,"landuse":"sonstige (kl.) Gehölzfläche","environment":"urban_green","area_m2":493}},{"type":"Feature","geometry":{"type":"Polygon","coordinates":[[[7.112015,50.746648],[7.112189,50.746679],[7.112229,50.746403],[7.112165,50.746379],[7.112115,50.746382],[7.112015,50.746648]]]},"properties":{"landuse_id":16646,"landuse_code":2680,"landuse":"sonstige (kl.) Gehölzfläche","environment":"urban_green","area_m2":325}},{"type":"Feature","geometry":{"type":"Polygon","coordinates":[[[7.044739,50.695627],[7.044722,50.695499],[7.043137,50.695562],[7.043036,50.694629],[7.041236,50.69481],[7.04061,50.69493],[7.040508,50.695023],[7.040571,50.695483],[7.040851,50.69562],[7.040882,50.695611],[7.040936,50.695693],[7.041447,50.695744],[7.041443,50.695772],[7.042083,50.695775],[7.044628,50.695679],[7.044672,50.69563],[7.044739,50.695627]]]},"properties":{"landuse_id":6063,"landuse_code":2600,"landuse":"Wald","environment":"forest","area_m2":21692}},{"type":"Feature","geometry":{"type":"MultiPolygon","coordinates":[[[[7.045356,50.684241],[7.045509,50.684691],[7.045614,50.684877],[7.045984,50.685241],[7.046118,50.685445],[7.046216,50.685764],[7.046325,50.686422],[7.046611,50.686813],[7.046615,50.686874],[7.046794,50.687155],[7.050766,50.685696],[7.051093,50.685161],[7.051358,50.684914],[7.051519,50.684653],[7.051776,50.684107],[7.052236,50.683528],[7.05301,50.683003],[7.053819,50.682656],[7.051978,50.678402],[7.044353,50.679078],[7.045298,50.680973],[7.04529,50.681165],[7.045077,50.681718],[7.045049,50.681904],[7.045356,50.684241]]],[[[7.045761,50.685073],[7.045851,50.685171],[7.045941,50.685261],[7.045994,50.68532],[7.046037,50.685378],[7.046036,50.685376],[7.04602,50.685351],[7.046003,50.685327],[7.045985,50.685302],[7.045966,50.685278],[7.045946,50.685255],[7.045925,50.685231],[7.045903,50.685208],[7.045881,50.685185],[7.045833,50.68514],[7.04576,50.685072],[7.045761,50.685073]]],[[[7.050973,50.685521],[7.050942,50.685569],[7.050889,50.685652],[7.050911,50.685644],[7.050973,50.685521]]],[[[7.053186,50.683007],[7.053166,50.683015],[7.053071,50.683053],[7.053048,50.683069],[7.053186,50.683007]]],[[[7.044308,50.679082],[7.044447,50.679346],[7.044407,50.679267],[7.044312,50.679081],[7.044308,50.679082]]],[[[7.045081,50.681602],[7.045074,50.68163],[7.045135,50.681468],[7.045081,50.681602]]],[[[7.045012,50.681926],[7.045014,50.681944],[7.045014,50.681939],[7.045013,50.681925],[7.045012,50.68192],[7.045012,50.681926]]]]},"properties":{"landuse_id":21122,"landuse_code":2600,"landuse":"Wald","environment":"forest","area_m2":428682}},{"type":"Feature","geometry":{"type":"Polygon","coordinates":[[[7.168018,50.717581],[7.168027,50.717701],[7.168538,50.717822],[7.168579,50.717697],[7.168533,50.717646],[7.168018,50.717581]]]},"properties":{"landuse_id":6188,"landuse_code":2680,"landuse":"sonstige (kl.) Gehölzfläche","environment":"urban_green","area_m2":632}},{"type":"Feature","geometry":{"type":"Polygon","coordinates":[[[7.070555,50.721923],[7.070417,50.721947],[7.070563,50.722326],[7.070523,50.722661],[7.070801,50.723042],[7.071012,50.723186],[7.071009,50.723289],[7.071265,50.723853],[7.071921,50.723734],[7.072056,50.723679],[7.071859,50.723557],[7.071653,50.723359],[7.071528,50.722949],[7.07148,50.722883],[7.071225,50.72278],[7.071058,50.722571],[7.070913,50.72229],[7.070688,50.722137],[7.070714,50.722049],[7.070696,50.721778],[7.070594,50.721622],[7.070309,50.721327],[7.070131,50.721277],[7.069998,50.72128],[7.069976,50.721375],[7.070265,50.721438],[7.070526,50.721833],[7.070555,50.721923]]]},"properties":{"landuse_id":4052,"landuse_code":2680,"landuse":"sonstige (kl.) Gehölzfläche","environment":"urban_green","area_m2":9398}},{"type":"Feature","geometry":{"type":"Polygon","coordinates":[[[7.140982,50.713594],[7.141252,50.713626],[7.141391,50.713615],[7.141561,50.713568],[7.141687,50.713494],[7.141763,50.713409],[7.141766,50.713339],[7.141723,50.713286],[7.14164,50.713255],[7.141486,50.713239],[7.141306,50.713247],[7.140981,50.713348],[7.14087,50.713431],[7.140982,50.713594]]]},"properties":{"landuse_id":9945,"landuse_code":2645,"landuse":"Grün-/ Parkfläche mit Baumbestand","environment":"urban_green","area_m2":2016}},{"type":"Feature","geometry":{"type":"MultiPolygon","coordinates":[[[[7.172029,50.675619],[7.172161,50.675706],[7.17219,50.675686],[7.172029,50.675619]]],[[[7.173205,50.674984],[7.173205,50.674984],[7.173205,50.674984],[7.173205,50.674984]]]]},"properties":{"landuse_id":246,"landuse_code":2670,"landuse":"Verkehrsbegleitgrün mit Baumbestand","environment":"urban_green","area_m2":20}},{"type":"Feature","geometry":{"type":"MultiPolygon","coordinates":[[[[7.064747,50.700292],[7.064747,50.700294],[7.064747,50.700293],[7.064747,50.700292]]],[[[7.06473,50.700685],[7.064595,50.701013],[7.064681,50.700898],[7.06473,50.700685]]],[[[7.064534,50.701112],[7.064397,50.701371],[7.064302,50.70164],[7.064032,50.701994],[7.063648,50.702377],[7.064456,50.702558],[7.064739,50.701933],[7.06488,50.701404],[7.06496,50.700708],[7.064912,50.70003],[7.064694,50.700082],[7.064801,50.70032],[7.064815,50.700492],[7.064734,50.700983],[7.064655,50.70101],[7.064534,50.701112]]],[[[7.064312,50.701524],[7.064287,50.701561],[7.064243,50.70165],[7.064267,50.701617],[7.064296,50.701568],[7.064311,50.701535],[7.064312,50.701524]]]]},"properties":{"landuse_id":2596,"landuse_code":2670,"landuse":"Verkehrsbegleitgrün mit Baumbestand","environment":"urban_green","area_m2":8312}},{"type":"Feature","geometry":{"type":"Polygon","coordinates":[[[7.061353,50.760052],[7.064354,50.761926],[7.06522,50.762028],[7.065225,50.761931],[7.061869,50.759747],[7.061353,50.760052]]]},"properties":{"landuse_id":5683,"landuse_code":2680,"landuse":"sonstige (kl.) Gehölzfläche","environment":"urban_green","area_m2":15135}},{"type":"Feature","geometry":{"type":"Polygon","coordinates":[[[7.093903,50.754575],[7.094154,50.754428],[7.093536,50.754324],[7.093903,50.754575]]]},"properties":{"landuse_id":7815,"landuse_code":2680,"landuse":"sonstige (kl.) Gehölzfläche","environment":"urban_green","area_m2":459}},{"type":"Feature","geometry":{"type":"Polygon","coordinates":[[[7.079076,50.709085],[7.079001,50.709243],[7.079534,50.709308],[7.079619,50.70928],[7.079828,50.709277],[7.07974,50.709209],[7.079596,50.709191],[7.079574,50.709137],[7.079286,50.709127],[7.079076,50.709085]]]},"properties":{"landuse_id":15445,"landuse_code":2680,"landuse":"sonstige (kl.) Gehölzfläche","environment":"urban_green","area_m2":819}},{"type":"Feature","geometry":{"type":"Polygon","coordinates":[[[7.080578,50.709017],[7.080285,50.709255],[7.080245,50.709359],[7.080174,50.709395],[7.079987,50.709389],[7.079939,50.709427],[7.080235,50.709684],[7.080335,50.709536],[7.080578,50.709017]]]},"properties":{"landuse_id":15444,"landuse_code":2600,"landuse":"Wald","environment":"forest","area_m2":916}},{"type":"Feature","geometry":{"type":"Polygon","coordinates":[[[7.061376,50.709743],[7.061638,50.709674],[7.061992,50.708918],[7.061995,50.708285],[7.06232,50.708293],[7.062472,50.708085],[7.062667,50.707892],[7.062626,50.707845],[7.06239,50.707742],[7.061714,50.707504],[7.061535,50.708229],[7.06145,50.708854],[7.061345,50.708853],[7.061335,50.709342],[7.061376,50.709743]]]},"properties":{"landuse_id":16599,"landuse_code":2670,"landuse":"Verkehrsbegleitgrün mit Baumbestand","environment":"urban_green","area_m2":10115}},{"type":"Feature","geometry":{"type":"MultiPolygon","coordinates":[[[[7.137915,50.677501],[7.138064,50.677336],[7.137668,50.677123],[7.137531,50.676958],[7.137458,50.677014],[7.137236,50.676442],[7.137409,50.676014],[7.137245,50.67572],[7.137266,50.675713],[7.137127,50.675503],[7.136811,50.675446],[7.136521,50.67578],[7.136569,50.67585],[7.136375,50.676261],[7.136019,50.676672],[7.135508,50.676714],[7.135383,50.676652],[7.1353,50.676655],[7.135234,50.676732],[7.134309,50.676788],[7.133827,50.676768],[7.133592,50.676894],[7.133013,50.677138],[7.132751,50.677324],[7.132464,50.677574],[7.132611,50.677679],[7.132797,50.677764],[7.132924,50.677873],[7.133037,50.678021],[7.133366,50.678195],[7.133624,50.678285],[7.134306,50.678349],[7.134916,50.678201],[7.135521,50.678219],[7.136074,50.678201],[7.136798,50.678372],[7.137,50.678463],[7.137477,50.678777],[7.138717,50.678111],[7.138313,50.677804],[7.138748,50.677619],[7.138457,50.677454],[7.138069,50.677618],[7.137915,50.677501]]],[[[7.133753,50.676764],[7.133743,50.676763],[7.133721,50.676781],[7.133753,50.676764]]],[[[7.134512,50.678332],[7.13453,50.678328],[7.134548,50.678321],[7.134512,50.678332]]]]},"properties":{"landuse_id":2629,"landuse_code":2600,"landuse":"Wald","environment":"forest","area_m2":73259}},{"type":"Feature","geometry":{"type":"Polygon","coordinates":[[[7.101547,50.695868],[7.101256,50.695826],[7.101063,50.695834],[7.100213,50.695967],[7.09982,50.69607],[7.09996,50.696306],[7.099989,50.696653],[7.100137,50.697113],[7.100303,50.697402],[7.10035,50.697598],[7.100471,50.697837],[7.100534,50.698131],[7.100529,50.69841],[7.100463,50.698673],[7.100537,50.698834],[7.100707,50.699017],[7.100808,50.699308],[7.10085,50.699917],[7.100587,50.700284],[7.100782,50.700404],[7.10102,50.70047],[7.101144,50.700465],[7.101438,50.700338],[7.10155,50.70026],[7.101579,50.700195],[7.10157,50.700127],[7.10151,50.700057],[7.101082,50.698485],[7.100883,50.697604],[7.100941,50.696987],[7.101041,50.696628],[7.101219,50.696281],[7.101547,50.695868]]]},"properties":{"landuse_id":1412,"landuse_code":2600,"landuse":"Wald","environment":"forest","area_m2":26641}},{"type":"Feature","geometry":{"type":"Polygon","coordinates":[[[7.064688,50.748663],[7.064633,50.748674],[7.064688,50.748661],[7.064687,50.748581],[7.064016,50.748731],[7.063938,50.74877],[7.063939,50.748748],[7.063115,50.74893],[7.062178,50.748911],[7.062023,50.748925],[7.061767,50.749002],[7.06127,50.749242],[7.060846,50.749337],[7.060518,50.749352],[7.059511,50.749315],[7.059416,50.749334],[7.05933,50.749385],[7.059948,50.749776],[7.064689,50.748739],[7.064688,50.748663]]]},"properties":{"landuse_id":37,"landuse_code":2670,"landuse":"Verkehrsbegleitgrün mit Baumbestand","environment":"urban_green","area_m2":10532}},{"type":"Feature","geometry":{"type":"MultiPolygon","coordinates":[[[[7.059993,50.71154],[7.059463,50.711716],[7.060057,50.711552],[7.059993,50.71154]]],[[[7.059431,50.711768],[7.05943,50.711783],[7.059681,50.711709],[7.059431,50.711768]]]]},"properties":{"landuse_id":7957,"landuse_code":2670,"landuse":"Verkehrsbegleitgrün mit Baumbestand","environment":"urban_green","area_m2":104}},{"type":"Feature","geometry":{"type":"Polygon","coordinates":[[[7.178794,50.708216],[7.178295,50.708056],[7.178088,50.708718],[7.178115,50.708721],[7.178104,50.708762],[7.178573,50.708813],[7.178794,50.708216]]]},"properties":{"landuse_id":2000,"landuse_code":2670,"landuse":"Verkehrsbegleitgrün mit Baumbestand","environment":"urban_green","area_m2":2781}},{"type":"Feature","geometry":{"type":"Polygon","coordinates":[[[7.134262,50.755153],[7.134676,50.755344],[7.134691,50.755311],[7.133652,50.753624],[7.133644,50.753564],[7.13326,50.75354],[7.132234,50.753662],[7.131973,50.75366],[7.1313,50.753737],[7.130816,50.753729],[7.130516,50.75365],[7.130063,50.753709],[7.130122,50.753891],[7.130939,50.755],[7.132486,50.754574],[7.132791,50.754572],[7.1332,50.754633],[7.134262,50.755153]]]},"properties":{"landuse_id":3996,"landuse_code":2680,"landuse":"sonstige (kl.) Gehölzfläche","environment":"urban_green","area_m2":33349}},{"type":"Feature","geometry":{"type":"Polygon","coordinates":[[[7.177704,50.708221],[7.177615,50.708661],[7.177638,50.708664],[7.177704,50.708221]]]},"properties":{"landuse_id":2286,"landuse_code":2670,"landuse":"Verkehrsbegleitgrün mit Baumbestand","environment":"urban_green","area_m2":59}},{"type":"Feature","geometry":{"type":"Polygon","coordinates":[[[7.076606,50.709157],[7.076412,50.709522],[7.076297,50.709595],[7.076205,50.709986],[7.076179,50.710271],[7.076251,50.710281],[7.076362,50.709828],[7.076473,50.709556],[7.076684,50.709178],[7.076606,50.709157]]]},"properties":{"landuse_id":2723,"landuse_code":2680,"landuse":"sonstige (kl.) Gehölzfläche","environment":"urban_green","area_m2":934}},{"type":"Feature","geometry":{"type":"Polygon","coordinates":[[[7.090057,50.71828],[7.090036,50.71816],[7.090084,50.717984],[7.090072,50.717702],[7.09003,50.717862],[7.090024,50.717708],[7.090069,50.717638],[7.08979,50.717617],[7.089658,50.717668],[7.089385,50.717839],[7.08905,50.718099],[7.088644,50.718367],[7.0882,50.718585],[7.088631,50.718613],[7.089019,50.718578],[7.089365,50.718497],[7.090057,50.71828]]]},"properties":{"landuse_id":15938,"landuse_code":2600,"landuse":"Wald","environment":"forest","area_m2":6858}},{"type":"Feature","geometry":{"type":"MultiPolygon","coordinates":[[[[7.066616,50.717909],[7.066948,50.717921],[7.067532,50.718012],[7.068229,50.718022],[7.06819,50.717863],[7.068021,50.717895],[7.067738,50.717903],[7.067065,50.717758],[7.066791,50.717796],[7.066616,50.717909]]],[[[7.066822,50.717944],[7.067454,50.718051],[7.067915,50.718051],[7.06738,50.718031],[7.066822,50.717944]]]]},"properties":{"landuse_id":16226,"landuse_code":2670,"landuse":"Verkehrsbegleitgrün mit Baumbestand","environment":"urban_green","area_m2":1797}},{"type":"Feature","geometry":{"type":"Polygon","coordinates":[[[7.150123,50.733026],[7.149893,50.732929],[7.149701,50.733128],[7.149471,50.733044],[7.148658,50.73366],[7.148178,50.73357],[7.148123,50.733628],[7.148122,50.733681],[7.148288,50.733946],[7.148393,50.734033],[7.148993,50.733748],[7.149136,50.733853],[7.148531,50.734134],[7.148727,50.734312],[7.148776,50.734456],[7.148744,50.73454],[7.148668,50.734616],[7.148463,50.734683],[7.14883,50.734828],[7.150502,50.733165],[7.151603,50.73218],[7.151376,50.731872],[7.15113,50.732044],[7.150828,50.73198],[7.150811,50.732151],[7.150902,50.732188],[7.150586,50.732654],[7.150471,50.732615],[7.150206,50.732876],[7.150123,50.733026]]]},"properties":{"landuse_id":20267,"landuse_code":2600,"landuse":"Wald","environment":"forest","area_m2":18699}},{"type":"Feature","geometry":{"type":"Polygon","coordinates":[[[7.164623,50.724146],[7.164372,50.724605],[7.164291,50.724935],[7.164359,50.725302],[7.164452,50.725471],[7.164579,50.725607],[7.1648,50.725234],[7.164882,50.724843],[7.164867,50.724612],[7.164812,50.724422],[7.164649,50.724103],[7.164623,50.724146]]]},"properties":{"landuse_id":8717,"landuse_code":2670,"landuse":"Verkehrsbegleitgrün mit Baumbestand","environment":"urban_green","area_m2":4579}},{"type":"Feature","geometry":{"type":"Polygon","coordinates":[[[7.185048,50.659244],[7.185522,50.659447],[7.185301,50.659283],[7.185232,50.659114],[7.185048,50.659244]]]},"properties":{"landuse_id":9084,"landuse_code":2680,"landuse":"sonstige (kl.) Gehölzfläche","environment":"urban_green","area_m2":296}},{"type":"Feature","geometry":{"type":"Polygon","coordinates":[[[7.114237,50.667097],[7.117873,50.665743],[7.120106,50.664947],[7.116807,50.663137],[7.116409,50.662248],[7.116381,50.661891],[7.116245,50.661746],[7.111808,50.663381],[7.111731,50.663282],[7.111677,50.663302],[7.11183,50.663481],[7.111715,50.663726],[7.111804,50.664178],[7.111985,50.664544],[7.112891,50.665451],[7.113082,50.665574],[7.114167,50.66614],[7.114174,50.666795],[7.114237,50.667097]]]},"properties":{"landuse_id":2541,"landuse_code":2600,"landuse":"Wald","environment":"forest","area_m2":176269}},{"type":"Feature","geometry":{"type":"MultiPolygon","coordinates":[[[[7.126621,50.686581],[7.126734,50.686589],[7.127035,50.686698],[7.127173,50.686718],[7.127311,50.686706],[7.127411,50.68673],[7.127573,50.686791],[7.12772,50.686906],[7.128005,50.687037],[7.128204,50.68727],[7.128328,50.68736],[7.128364,50.687507],[7.128607,50.687723],[7.12866,50.687859],[7.128634,50.68794],[7.128724,50.687992],[7.128719,50.68802],[7.12867,50.688027],[7.128777,50.688139],[7.128833,50.688152],[7.128856,50.688302],[7.128983,50.688462],[7.12905,50.68851],[7.129132,50.688509],[7.129226,50.688562],[7.129483,50.688872],[7.12957,50.689043],[7.129581,50.689267],[7.129631,50.689349],[7.130581,50.689638],[7.130204,50.689303],[7.129951,50.689017],[7.129818,50.688707],[7.129813,50.688492],[7.12986,50.688318],[7.129815,50.688141],[7.12976,50.68808],[7.12946,50.687907],[7.129109,50.687649],[7.128402,50.686931],[7.128288,50.686844],[7.128053,50.686745],[7.127486,50.686583],[7.127082,50.686495],[7.126783,50.68649],[7.126698,50.686516],[7.126621,50.686581]]],[[[7.129114,50.688548],[7.129161,50.68857],[7.129159,50.688568],[7.129131,50.688552],[7.129119,50.688547],[7.129114,50.688548]]]]},"properties":{"landuse_id":8959,"landuse_code":2600,"landuse":"Wald","environment":"forest","area_m2":15112}},{"type":"Feature","geometry":{"type":"MultiPolygon","coordinates":[[[[7.049863,50.655977],[7.049865,50.655976],[7.049865,50.655976],[7.049863,50.655977]]],[[[7.047888,50.653389],[7.047889,50.653491],[7.047961,50.653619],[7.048659,50.654424],[7.049079,50.654269],[7.048517,50.653627],[7.048218,50.653223],[7.048126,50.653199],[7.048028,50.653231],[7.047947,50.653291],[7.047888,50.653389]]]]},"properties":{"landuse_id":2686,"landuse_code":2670,"landuse":"Verkehrsbegleitgrün mit Baumbestand","environment":"urban_green","area_m2":4575}},{"type":"Feature","geometry":{"type":"MultiPolygon","coordinates":[[[[7.149533,50.735888],[7.149557,50.736061],[7.149701,50.736285],[7.149995,50.73656],[7.150156,50.736675],[7.150132,50.736876],[7.150162,50.736932],[7.150486,50.736728],[7.150791,50.736395],[7.151142,50.736525],[7.150845,50.736845],[7.150835,50.737041],[7.151036,50.736972],[7.151252,50.736958],[7.15207,50.737055],[7.152689,50.737077],[7.152868,50.737102],[7.153996,50.73739],[7.154063,50.737326],[7.154487,50.736324],[7.154426,50.736264],[7.153646,50.736124],[7.152603,50.735995],[7.151915,50.735871],[7.151348,50.735718],[7.151076,50.736056],[7.150725,50.735939],[7.151015,50.735616],[7.150751,50.735513],[7.150456,50.735847],[7.150235,50.735766],[7.149986,50.73605],[7.149533,50.735888]]],[[[7.151222,50.736973],[7.151407,50.736981],[7.15148,50.736988],[7.15143,50.736982],[7.151246,50.736972],[7.151222,50.736973]]],[[[7.153905,50.736132],[7.153704,50.736092],[7.153708,50.736093],[7.15375,50.736104],[7.153773,50.736111],[7.153806,50.736118],[7.153856,50.736127],[7.153881,50.73613],[7.153905,50.736132]]],[[[7.153413,50.736051],[7.153032,50.736005],[7.153051,50.736015],[7.153413,50.736051]]],[[[7.152867,50.735984],[7.151987,50.735846],[7.152627,50.735967],[7.152863,50.736001],[7.152867,50.735984]]],[[[7.15104,50.735587],[7.151042,50.735584],[7.150925,50.73554],[7.15104,50.735587]]]]},"properties":{"landuse_id":2936,"landuse_code":2600,"landuse":"Wald","environment":"forest","area_m2":37524}},{"type":"Feature","geometry":{"type":"Polygon","coordinates":[[[7.139334,50.714132],[7.139432,50.714158],[7.139712,50.71415],[7.13994,50.714082],[7.140294,50.71392],[7.140369,50.713818],[7.140203,50.713598],[7.140091,50.713595],[7.139862,50.713633],[7.13954,50.713767],[7.139325,50.713976],[7.139295,50.714048],[7.139334,50.714132]]]},"properties":{"landuse_id":7955,"landuse_code":2645,"landuse":"Grün-/ Parkfläche mit Baumbestand","environment":"urban_green","area_m2":3081}},{"type":"Feature","geometry":{"type":"MultiPolygon","coordinates":[[[[7.050596,50.705107],[7.050852,50.705145],[7.051072,50.705113],[7.051132,50.705075],[7.051122,50.704998],[7.05099,50.704913],[7.050994,50.70485],[7.051057,50.704794],[7.051412,50.704658],[7.051635,50.704641],[7.051846,50.704697],[7.052093,50.704812],[7.05225,50.704928],[7.052629,50.70533],[7.052961,50.705523],[7.05326,50.705586],[7.053427,50.705723],[7.053465,50.705806],[7.053888,50.705764],[7.054336,50.705789],[7.054435,50.705817],[7.055112,50.706155],[7.055368,50.706223],[7.055516,50.70597],[7.054972,50.705862],[7.05444,50.705716],[7.053664,50.705413],[7.053013,50.705042],[7.052666,50.704781],[7.052267,50.704389],[7.052108,50.704343],[7.050466,50.704745],[7.050462,50.704791],[7.050572,50.704963],[7.050596,50.705107]]],[[[7.05541,50.706229],[7.055761,50.706226],[7.05618,50.706119],[7.0564,50.70612],[7.056649,50.706173],[7.056875,50.706251],[7.056999,50.70633],[7.057063,50.706406],[7.057079,50.706526],[7.057038,50.706688],[7.05694,50.706848],[7.056852,50.706928],[7.056976,50.706955],[7.057055,50.706949],[7.057069,50.706977],[7.05746,50.707053],[7.057481,50.707025],[7.057405,50.70687],[7.057407,50.706631],[7.05749,50.706173],[7.057405,50.706022],[7.055842,50.705997],[7.055567,50.70597],[7.05541,50.706229]]]]},"properties":{"landuse_id":2722,"landuse_code":2670,"landuse":"Verkehrsbegleitgrün mit Baumbestand","environment":"urban_green","area_m2":18507}},{"type":"Feature","geometry":{"type":"Polygon","coordinates":[[[7.072255,50.700656],[7.071947,50.700598],[7.071994,50.700691],[7.071992,50.700765],[7.071681,50.701007],[7.071381,50.701319],[7.0716,50.70149],[7.071705,50.701737],[7.071732,50.701899],[7.071609,50.702154],[7.07165,50.702242],[7.071634,50.702348],[7.071471,50.702391],[7.071178,50.702301],[7.071181,50.702227],[7.070911,50.70206],[7.070747,50.702086],[7.070662,50.702231],[7.070512,50.702292],[7.070309,50.70242],[7.070208,50.702603],[7.070225,50.702758],[7.07068,50.702829],[7.071051,50.702778],[7.071337,50.702791],[7.07181,50.703113],[7.0718,50.703169],[7.071841,50.703232],[7.071821,50.703728],[7.071777,50.703853],[7.071587,50.703949],[7.071582,50.704599],[7.071336,50.704953],[7.071229,50.704936],[7.071077,50.705353],[7.071421,50.70537],[7.071483,50.705529],[7.071423,50.705571],[7.071401,50.705633],[7.071451,50.705764],[7.071648,50.705963],[7.071833,50.70596],[7.071945,50.705886],[7.07223,50.705855],[7.072245,50.705619],[7.072728,50.705529],[7.072799,50.705229],[7.07275,50.705177],[7.072844,50.704896],[7.073054,50.704904],[7.073128,50.704496],[7.073275,50.704461],[7.073186,50.704102],[7.072824,50.703921],[7.072739,50.703851],[7.072669,50.703694],[7.072575,50.703607],[7.072507,50.703582],[7.072438,50.703348],[7.072501,50.70332],[7.072452,50.703011],[7.072165,50.702984],[7.071854,50.702804],[7.071974,50.702692],[7.072269,50.702074],[7.072351,50.701969],[7.072,50.701321],[7.072157,50.701147],[7.072251,50.701164],[7.072309,50.701326],[7.072544,50.701495],[7.072634,50.701399],[7.072672,50.700948],[7.072515,50.700911],[7.072509,50.70072],[7.072255,50.700656]]]},"properties":{"landuse_id":2818,"landuse_code":2600,"landuse":"Wald","environment":"forest","area_m2":44814}},{"type":"Feature","geometry":{"type":"MultiPolygon","coordinates":[[[[7.152179,50.759928],[7.152125,50.759933],[7.152124,50.759933],[7.152149,50.759936],[7.152179,50.759928]]],[[[7.149421,50.760851],[7.149486,50.760892],[7.149595,50.760859],[7.152002,50.760001],[7.151928,50.759961],[7.151199,50.759896],[7.151193,50.759914],[7.150896,50.759919],[7.150161,50.760461],[7.149421,50.760851]]]]},"properties":{"landuse_id":3186,"landuse_code":2680,"landuse":"sonstige (kl.) Gehölzfläche","environment":"urban_green","area_m2":4871}},{"type":"Feature","geometry":{"type":"MultiPolygon","coordinates":[[[[7.08685,50.749151],[7.086834,50.749198],[7.086837,50.749198],[7.08685,50.749151]]],[[[7.086879,50.749207],[7.086971,50.749225],[7.087394,50.747841],[7.087292,50.747829],[7.086879,50.749207]]]]},"properties":{"landuse_id":2907,"landuse_code":2680,"landuse":"sonstige (kl.) Gehölzfläche","environment":"urban_green","area_m2":1076}},{"type":"Feature","geometry":{"type":"Polygon","coordinates":[[[7.165592,50.693976],[7.165753,50.693833],[7.165792,50.693729],[7.16679,50.693801],[7.166779,50.693472],[7.166687,50.693264],[7.166888,50.693073],[7.16696,50.693062],[7.167151,50.693218],[7.167621,50.693441],[7.167695,50.6935],[7.167674,50.693553],[7.167467,50.693659],[7.168079,50.693764],[7.1681,50.693742],[7.168192,50.69379],[7.16821,50.693629],[7.167948,50.693064],[7.167776,50.693149],[7.167543,50.693117],[7.167398,50.693033],[7.167198,50.692835],[7.167036,50.692886],[7.166808,50.692914],[7.166641,50.693009],[7.166508,50.693053],[7.166337,50.693068],[7.166193,50.693144],[7.166177,50.693237],[7.16609,50.693271],[7.165935,50.693249],[7.165515,50.693099],[7.16514,50.693538],[7.165649,50.693717],[7.165602,50.693834],[7.165505,50.69393],[7.165341,50.694008],[7.165078,50.694028],[7.164795,50.693967],[7.164748,50.694037],[7.165562,50.694147],[7.165592,50.693976]]]},"properties":{"landuse_id":18262,"landuse_code":2680,"landuse":"sonstige (kl.) Gehölzfläche","environment":"urban_green","area_m2":12094}},{"type":"Feature","geometry":{"type":"MultiPolygon","coordinates":[[[[7.151654,50.721956],[7.150954,50.722363],[7.151604,50.722448],[7.152466,50.72251],[7.15363,50.722404],[7.152556,50.722176],[7.151654,50.721956]]],[[[7.153532,50.722576],[7.153912,50.722591],[7.153947,50.722528],[7.153532,50.722576]]]]},"properties":{"landuse_id":15051,"landuse_code":2670,"landuse":"Verkehrsbegleitgrün mit Baumbestand","environment":"urban_green","area_m2":5841}},{"type":"Feature","geometry":{"type":"MultiPolygon","coordinates":[[[[7.0961,50.714705],[7.09561,50.714419],[7.095436,50.714185],[7.095035,50.714618],[7.094193,50.715394],[7.093986,50.715514],[7.092862,50.715989],[7.09274,50.716273],[7.092557,50.716565],[7.092689,50.716547],[7.09286,50.716322],[7.09311,50.716208],[7.093303,50.716257],[7.093496,50.716424],[7.093675,50.716445],[7.093652,50.716566],[7.093936,50.716608],[7.094028,50.716356],[7.094382,50.71641],[7.094288,50.716665],[7.095517,50.716882],[7.094983,50.717911],[7.094475,50.717979],[7.0944,50.717779],[7.094552,50.717745],[7.094557,50.717614],[7.094495,50.717379],[7.094278,50.717408],[7.093771,50.717538],[7.093983,50.717725],[7.094156,50.717996],[7.094227,50.718166],[7.094758,50.718143],[7.094928,50.718097],[7.095056,50.718026],[7.095188,50.717875],[7.095297,50.717501],[7.095413,50.717268],[7.095455,50.717279],[7.095656,50.717068],[7.095895,50.716913],[7.096304,50.716734],[7.096496,50.716623],[7.096655,50.716483],[7.096851,50.716236],[7.097053,50.716081],[7.097395,50.715895],[7.097878,50.715721],[7.098008,50.715652],[7.098131,50.715511],[7.09837,50.715042],[7.09844,50.714947],[7.098659,50.714757],[7.098883,50.714598],[7.099627,50.714287],[7.099679,50.714232],[7.09965,50.714211],[7.099566,50.714216],[7.099299,50.714336],[7.099078,50.714391],[7.098309,50.71448],[7.097568,50.714616],[7.096521,50.714865],[7.09642,50.714868],[7.096283,50.714833],[7.096089,50.714744],[7.0961,50.714705]]],[[[7.095355,50.71421],[7.095203,50.714281],[7.095138,50.714347],[7.094996,50.714565],[7.094792,50.714782],[7.095355,50.71421]]]]},"properties":{"landuse_id":12251,"landuse_code":2600,"landuse":"Wald","environment":"forest","area_m2":70246}},{"type":"Feature","geometry":{"type":"MultiPolygon","coordinates":[[[[7.130024,50.723772],[7.130358,50.723663],[7.130551,50.723575],[7.130697,50.723451],[7.130868,50.72323],[7.130711,50.723261],[7.130428,50.723554],[7.130147,50.723685],[7.129473,50.723783],[7.129266,50.723835],[7.128787,50.724018],[7.128324,50.724272],[7.128094,50.724315],[7.127732,50.724317],[7.127562,50.724355],[7.126876,50.724688],[7.126957,50.724745],[7.127188,50.724644],[7.127366,50.724527],[7.127246,50.724776],[7.127248,50.724861],[7.127379,50.725056],[7.127522,50.725164],[7.1277,50.725236],[7.127971,50.725293],[7.128194,50.725302],[7.128179,50.725224],[7.128634,50.725005],[7.128408,50.724812],[7.12844,50.724675],[7.128401,50.724374],[7.128416,50.724242],[7.129464,50.72386],[7.130024,50.723772]],[[7.127362,50.724811],[7.127656,50.724634],[7.1282,50.724973],[7.127913,50.725162],[7.127362,50.724811]]],[[[7.130672,50.723268],[7.128576,50.723914],[7.128199,50.724047],[7.127679,50.724287],[7.128041,50.724278],[7.128241,50.724243],[7.128437,50.724179],[7.128865,50.723961],[7.129239,50.723823],[7.130199,50.723638],[7.130352,50.723576],[7.130474,50.723486],[7.130672,50.723268]]],[[[7.127642,50.724294],[7.12789,50.723912],[7.127617,50.724037],[7.126473,50.724463],[7.126692,50.724558],[7.126846,50.724666],[7.127642,50.724294]]]]},"properties":{"landuse_id":2968,"landuse_code":2645,"landuse":"Grün-/ Parkfläche mit Baumbestand","environment":"urban_green","area_m2":14519}},{"type":"Feature","geometry":{"type":"Polygon","coordinates":[[[7.07906,50.74967],[7.08244,50.751234],[7.08254,50.751147],[7.08221,50.751006],[7.082089,50.750927],[7.07912,50.749634],[7.07906,50.74967]]]},"properties":{"landuse_id":3336,"landuse_code":2670,"landuse":"Verkehrsbegleitgrün mit Baumbestand","environment":"urban_green","area_m2":2689}},{"type":"Feature","geometry":{"type":"MultiPolygon","coordinates":[[[[7.098072,50.707671],[7.097944,50.707671],[7.097945,50.707671],[7.097952,50.707671],[7.09796,50.707672],[7.097969,50.707673],[7.097977,50.707673],[7.097986,50.707674],[7.097995,50.707674],[7.098004,50.707673],[7.098013,50.707673],[7.098022,50.707673],[7.098072,50.707671]]],[[[7.097707,50.707986],[7.098572,50.708002],[7.09852,50.708598],[7.098662,50.708494],[7.098867,50.708427],[7.099068,50.708423],[7.09955,50.708475],[7.099673,50.708504],[7.100045,50.708658],[7.100241,50.708813],[7.100228,50.708925],[7.100379,50.708827],[7.100731,50.708503],[7.10072,50.708417],[7.099467,50.708378],[7.099442,50.707911],[7.099498,50.70791],[7.099472,50.707794],[7.099162,50.707648],[7.098593,50.707693],[7.097869,50.707714],[7.097707,50.707986]]],[[[7.098494,50.708624],[7.098001,50.708539],[7.098192,50.708637],[7.098439,50.708682],[7.098494,50.708624]]],[[[7.097933,50.70851],[7.097941,50.708333],[7.097705,50.708326],[7.097704,50.708428],[7.097933,50.70851]]],[[[7.099606,50.70791],[7.099677,50.70791],[7.099656,50.707874],[7.099606,50.707879],[7.099606,50.70791]]],[[[7.098647,50.710112],[7.098527,50.710129],[7.098189,50.710308],[7.09811,50.710305],[7.098057,50.710279],[7.09797,50.710164],[7.09799,50.710018],[7.098407,50.709576],[7.098453,50.709546],[7.098593,50.709536],[7.09865,50.70955],[7.09876,50.709644],[7.098762,50.709728],[7.098504,50.709941],[7.098719,50.710059],[7.100058,50.709046],[7.100175,50.708934],[7.1002,50.708836],[7.10016,50.708788],[7.099975,50.708659],[7.09961,50.708522],[7.099059,50.708455],[7.098838,50.708465],[7.098638,50.708553],[7.098442,50.708754],[7.097919,50.70992],[7.09785,50.710164],[7.097873,50.710306],[7.098001,50.710393],[7.098172,50.710388],[7.098414,50.710267],[7.098647,50.710112]],[[7.099305,50.708616],[7.0998,50.708801],[7.099087,50.709573],[7.098278,50.709279],[7.098977,50.708493],[7.099305,50.708616]]],[[[7.097694,50.710372],[7.097692,50.710741],[7.097744,50.710785],[7.097817,50.710789],[7.098279,50.710575],[7.098222,50.710493],[7.098237,50.710412],[7.098031,50.710431],[7.097944,50.71041],[7.09786,50.710351],[7.097694,50.710372]]],[[[7.097701,50.708944],[7.097694,50.710352],[7.097736,50.710355],[7.097841,50.710338],[7.097797,50.710187],[7.097873,50.709909],[7.098245,50.709035],[7.097701,50.708944]]],[[[7.097704,50.708448],[7.097701,50.708917],[7.098257,50.709011],[7.098427,50.708699],[7.098171,50.708652],[7.097969,50.708545],[7.097704,50.708448]]],[[[7.098272,50.710412],[7.09825,50.710481],[7.098301,50.710563],[7.100854,50.709267],[7.100884,50.709172],[7.100876,50.70892],[7.100734,50.708532],[7.100387,50.708852],[7.100209,50.70896],[7.09867,50.710145],[7.098272,50.710412]]]]},"properties":{"landuse_id":19741,"landuse_code":2600,"landuse":"Wald","environment":"forest","area_m2":35294}},{"type":"Feature","geometry":{"type":"MultiPolygon","coordinates":[[[[7.097754,50.717286],[7.097784,50.717274],[7.097809,50.71705],[7.098151,50.716858],[7.098612,50.716466],[7.099211,50.716089],[7.100005,50.716663],[7.100779,50.716301],[7.100728,50.716255],[7.100779,50.716204],[7.100754,50.71615],[7.100812,50.716123],[7.100843,50.716143],[7.10091,50.716111],[7.100717,50.71594],[7.099979,50.716239],[7.099602,50.716137],[7.099276,50.715948],[7.099756,50.715708],[7.09978,50.715672],[7.099698,50.715667],[7.099531,50.715591],[7.099415,50.715637],[7.098761,50.715715],[7.09823,50.715882],[7.097703,50.715973],[7.097334,50.716086],[7.09714,50.716234],[7.097122,50.716221],[7.097307,50.716077],[7.097692,50.715957],[7.098205,50.715871],[7.098758,50.715699],[7.099394,50.715621],[7.099528,50.71558],[7.099413,50.715284],[7.099528,50.714985],[7.099567,50.714661],[7.099721,50.714535],[7.100197,50.714853],[7.100361,50.714716],[7.100588,50.714582],[7.101068,50.714767],[7.10167,50.71421],[7.100894,50.713973],[7.100452,50.713259],[7.100291,50.713316],[7.100168,50.713135],[7.099846,50.713258],[7.09978,50.713166],[7.099719,50.713163],[7.099694,50.713111],[7.099642,50.713111],[7.099623,50.71304],[7.099842,50.712962],[7.099855,50.712936],[7.099535,50.712734],[7.099534,50.712602],[7.100047,50.712447],[7.099387,50.71231],[7.09925,50.712329],[7.098773,50.712535],[7.098621,50.712473],[7.098255,50.71214],[7.0983,50.712299],[7.098333,50.713106],[7.098584,50.713265],[7.09871,50.713398],[7.099023,50.713595],[7.099146,50.71395],[7.099161,50.714033],[7.099112,50.714167],[7.099032,50.71428],[7.098913,50.714361],[7.099244,50.714289],[7.099599,50.714122],[7.099698,50.714136],[7.099768,50.714173],[7.099803,50.714229],[7.099785,50.71428],[7.099694,50.71435],[7.099321,50.714469],[7.098844,50.714696],[7.098502,50.715011],[7.098357,50.715208],[7.098181,50.715572],[7.098082,50.715677],[7.097931,50.715763],[7.09749,50.715918],[7.097126,50.716108],[7.096956,50.716234],[7.096702,50.716538],[7.096556,50.716661],[7.095949,50.716957],[7.095748,50.71708],[7.095592,50.717218],[7.095426,50.717422],[7.09527,50.717897],[7.095117,50.71806],[7.094987,50.718137],[7.094786,50.718199],[7.094203,50.71824],[7.094043,50.718272],[7.094343,50.718321],[7.094626,50.718336],[7.095179,50.718292],[7.09551,50.718236],[7.0957,50.718179],[7.09588,50.718091],[7.096048,50.717955],[7.096215,50.717751],[7.096372,50.71765],[7.096773,50.717503],[7.097351,50.717366],[7.097482,50.717312],[7.097754,50.717286]]],[[[7.101635,50.715378],[7.100748,50.715926],[7.100946,50.715839],[7.101644,50.715396],[7.101635,50.715378]]],[[[7.100762,50.715952],[7.100931,50.716102],[7.101327,50.715917],[7.101357,50.715943],[7.101967,50.715664],[7.101982,50.715622],[7.101666,50.71541],[7.100977,50.71585],[7.100762,50.715952]]]]},"properties":{"landuse_id":16440,"landuse_code":2600,"landuse":"Wald","environment":"forest","area_m2":79467}},{"type":"Feature","geometry":{"type":"MultiPolygon","coordinates":[[[[7.06537,50.69934],[7.064995,50.698521],[7.064666,50.6981],[7.064557,50.697699],[7.064374,50.697356],[7.06439,50.69716],[7.063852,50.696763],[7.063506,50.696695],[7.06341,50.696715],[7.063816,50.697096],[7.064072,50.697379],[7.064694,50.698204],[7.065063,50.698921],[7.065259,50.699499],[7.065342,50.699881],[7.06551,50.699841],[7.065579,50.699795],[7.065601,50.699713],[7.065568,50.699591],[7.06537,50.69934]]],[[[7.063663,50.696698],[7.06364,50.69669],[7.063611,50.69669],[7.063663,50.696698]]],[[[7.063537,50.696546],[7.063333,50.69632],[7.061242,50.69445],[7.060333,50.693558],[7.058993,50.692092],[7.058731,50.691747],[7.058324,50.691111],[7.058234,50.691129],[7.058874,50.692082],[7.060176,50.693532],[7.061235,50.694574],[7.062763,50.695936],[7.062904,50.69619],[7.063374,50.696679],[7.063448,50.696663],[7.063501,50.696621],[7.063537,50.696546]]],[[[7.063257,50.696564],[7.063143,50.696587],[7.063084,50.696599],[7.063257,50.696564]]]]},"properties":{"landuse_id":16322,"landuse_code":2670,"landuse":"Verkehrsbegleitgrün mit Baumbestand","environment":"urban_green","area_m2":11285}},{"type":"Feature","geometry":{"type":"Polygon","coordinates":[[[7.124699,50.660474],[7.124657,50.660398],[7.124915,50.660224],[7.124519,50.659928],[7.124068,50.65955],[7.124,50.659458],[7.124086,50.659409],[7.12401,50.659309],[7.124259,50.659213],[7.124219,50.65903],[7.124491,50.658883],[7.124349,50.658721],[7.121564,50.659741],[7.12176,50.659813],[7.122764,50.660361],[7.123134,50.660479],[7.123403,50.660511],[7.123766,50.660468],[7.124699,50.660474]]]},"properties":{"landuse_id":1976,"landuse_code":2600,"landuse":"Wald","environment":"forest","area_m2":23804}},{"type":"Feature","geometry":{"type":"Polygon","coordinates":[[[7.113989,50.67738],[7.112362,50.67731],[7.111939,50.677188],[7.111881,50.676899],[7.111951,50.676375],[7.111583,50.676361],[7.111137,50.676375],[7.107456,50.676869],[7.107393,50.676915],[7.113521,50.682625],[7.114481,50.683491],[7.116719,50.682554],[7.117759,50.682052],[7.118053,50.681986],[7.118585,50.68196],[7.118648,50.681906],[7.118271,50.681464],[7.118427,50.681315],[7.117046,50.677525],[7.116112,50.676563],[7.116048,50.676545],[7.113762,50.676456],[7.113989,50.67738]],[[7.114801,50.682962],[7.115027,50.68303],[7.115076,50.683073],[7.114956,50.683112],[7.114891,50.683079],[7.114801,50.682962]],[[7.112984,50.679693],[7.113128,50.679659],[7.113177,50.679675],[7.113264,50.679747],[7.113283,50.679825],[7.112784,50.679997],[7.112658,50.679998],[7.112547,50.679913],[7.112529,50.67984],[7.112984,50.679693]],[[7.110862,50.676628],[7.110886,50.676652],[7.110994,50.676669],[7.111074,50.67665],[7.111098,50.676685],[7.110631,50.676758],[7.11057,50.67675],[7.110611,50.676702],[7.110544,50.676649],[7.110571,50.676589],[7.110726,50.67652],[7.110803,50.676516],[7.110862,50.676628]],[[7.113223,50.680107],[7.113202,50.680145],[7.113155,50.680142],[7.113031,50.68003],[7.113147,50.679994],[7.113221,50.680039],[7.113223,50.680107]]]},"properties":{"landuse_id":22591,"landuse_code":2600,"landuse":"Wald","environment":"forest","area_m2":345682}},{"type":"Feature","geometry":{"type":"MultiPolygon","coordinates":[[[[7.064397,50.701371],[7.064518,50.701138],[7.064534,50.701112],[7.064524,50.701124],[7.064497,50.701158],[7.064472,50.701196],[7.064447,50.701238],[7.064421,50.70129],[7.064408,50.701319],[7.064397,50.701371]]],[[[7.064595,50.701013],[7.064627,50.700961],[7.064175,50.700846],[7.063828,50.701225],[7.064317,50.701441],[7.064442,50.701164],[7.064595,50.701013]]]]},"properties":{"landuse_id":4287,"landuse_code":2680,"landuse":"sonstige (kl.) Gehölzfläche","environment":"urban_green","area_m2":1951}},{"type":"Feature","geometry":{"type":"Polygon","coordinates":[[[7.125498,50.657626],[7.125573,50.658219],[7.12595,50.658572],[7.125994,50.658712],[7.126137,50.658708],[7.126253,50.658751],[7.126249,50.658788],[7.126161,50.658872],[7.126232,50.658978],[7.126184,50.659024],[7.126009,50.659088],[7.125862,50.659191],[7.126396,50.659426],[7.127931,50.659964],[7.128914,50.66041],[7.130559,50.6613],[7.130993,50.661611],[7.131398,50.661998],[7.131561,50.661624],[7.131542,50.661487],[7.131471,50.661333],[7.131306,50.661172],[7.130863,50.660963],[7.130522,50.660958],[7.130465,50.660898],[7.13077,50.660564],[7.130464,50.660408],[7.129737,50.66023],[7.129419,50.660081],[7.128877,50.659965],[7.128816,50.65992],[7.128654,50.659863],[7.128623,50.659821],[7.127493,50.659405],[7.127303,50.659296],[7.127108,50.659464],[7.126861,50.659383],[7.126759,50.659308],[7.126378,50.659155],[7.126431,50.65901],[7.126404,50.658643],[7.126127,50.658622],[7.126094,50.658238],[7.125858,50.658166],[7.125769,50.658117],[7.125802,50.658051],[7.125953,50.657914],[7.126031,50.657725],[7.125875,50.657545],[7.125714,50.657042],[7.126225,50.656962],[7.126037,50.656592],[7.125832,50.656298],[7.125636,50.656132],[7.125495,50.656049],[7.124724,50.656431],[7.124966,50.656652],[7.125246,50.657056],[7.125498,50.657626]]]},"properties":{"landuse_id":23096,"landuse_code":2600,"landuse":"Wald","environment":"forest","area_m2":33635}},{"type":"Feature","geometry":{"type":"Polygon","coordinates":[[[7.183293,50.71757],[7.183674,50.71754],[7.184358,50.717536],[7.185731,50.717376],[7.185741,50.717405],[7.186103,50.717352],[7.186623,50.717197],[7.186538,50.717292],[7.186991,50.717209],[7.187571,50.717044],[7.186758,50.716839],[7.186435,50.716833],[7.183694,50.717019],[7.183437,50.717007],[7.183215,50.716989],[7.18237,50.716818],[7.180889,50.716684],[7.180219,50.716602],[7.180446,50.717025],[7.181477,50.717831],[7.181483,50.717867],[7.182283,50.717706],[7.182977,50.717596],[7.183293,50.71757]]]},"properties":{"landuse_id":7406,"landuse_code":2600,"landuse":"Wald","environment":"forest","area_m2":33988}},{"type":"Feature","geometry":{"type":"Polygon","coordinates":[[[7.183544,50.671941],[7.183112,50.671729],[7.182493,50.672132],[7.183199,50.672334],[7.183544,50.671941]]]},"properties":{"landuse_id":18286,"landuse_code":2680,"landuse":"sonstige (kl.) Gehölzfläche","environment":"urban_green","area_m2":2564}},{"type":"Feature","geometry":{"type":"Polygon","coordinates":[[[7.071418,50.706794],[7.071459,50.706817],[7.071651,50.70683],[7.071735,50.706949],[7.071736,50.706981],[7.07157,50.707036],[7.071611,50.707161],[7.071583,50.7072],[7.071477,50.70723],[7.071433,50.707288],[7.07146,50.707361],[7.071575,50.707254],[7.071926,50.707141],[7.072204,50.706971],[7.071847,50.706936],[7.071607,50.706691],[7.071638,50.706611],[7.071884,50.706606],[7.071903,50.706556],[7.071297,50.706523],[7.071418,50.706794]]]},"properties":{"landuse_id":16288,"landuse_code":2680,"landuse":"sonstige (kl.) Gehölzfläche","environment":"urban_green","area_m2":1755}},{"type":"Feature","geometry":{"type":"MultiPolygon","coordinates":[[[[7.032641,50.697089],[7.033571,50.696809],[7.034077,50.697482],[7.034293,50.697467],[7.034328,50.697325],[7.034281,50.69719],[7.033477,50.69648],[7.03337,50.696348],[7.032289,50.696619],[7.032641,50.697089]]],[[[7.033787,50.697521],[7.033059,50.697574],[7.033032,50.697608],[7.032953,50.697845],[7.032185,50.701476],[7.03236,50.701959],[7.032532,50.702232],[7.033535,50.704491],[7.034212,50.705105],[7.034156,50.70482],[7.033894,50.70427],[7.033748,50.7033],[7.03371,50.703283],[7.033694,50.703216],[7.033732,50.703183],[7.03345,50.701955],[7.033185,50.701887],[7.032462,50.701871],[7.032472,50.701705],[7.03342,50.701716],[7.033389,50.701191],[7.033484,50.700388],[7.033451,50.699929],[7.033674,50.699483],[7.033831,50.699059],[7.033971,50.698446],[7.033687,50.698411],[7.033691,50.698367],[7.033826,50.69799],[7.034122,50.698034],[7.034287,50.697488],[7.033787,50.697521]]],[[[7.032982,50.697583],[7.032778,50.697829],[7.03267,50.697909],[7.03208,50.699092],[7.031418,50.699002],[7.031078,50.69898],[7.029779,50.698765],[7.029655,50.699135],[7.02957,50.699131],[7.029411,50.699189],[7.029292,50.699439],[7.029328,50.699626],[7.02943,50.699645],[7.029308,50.699718],[7.029283,50.699688],[7.029132,50.699757],[7.029072,50.699752],[7.029045,50.699782],[7.029091,50.699843],[7.029073,50.699881],[7.028979,50.699873],[7.028929,50.699892],[7.028901,50.699939],[7.028884,50.70002],[7.028928,50.700081],[7.029094,50.70017],[7.029089,50.700216],[7.028896,50.700299],[7.028861,50.700259],[7.028818,50.70026],[7.028762,50.700331],[7.028577,50.700363],[7.028573,50.700415],[7.028704,50.700459],[7.028665,50.700517],[7.028678,50.700543],[7.028791,50.700588],[7.028788,50.700666],[7.028744,50.700681],[7.028597,50.700645],[7.028301,50.700866],[7.028136,50.700968],[7.028076,50.700979],[7.028033,50.701052],[7.028023,50.701202],[7.027903,50.701471],[7.027928,50.701533],[7.028086,50.701597],[7.027987,50.701673],[7.027878,50.701682],[7.027841,50.701764],[7.027855,50.701801],[7.027956,50.701807],[7.028032,50.701835],[7.028066,50.701878],[7.027816,50.701992],[7.027837,50.702046],[7.027752,50.702194],[7.027515,50.70228],[7.027572,50.70231],[7.027608,50.702457],[7.027418,50.702595],[7.027446,50.702695],[7.027403,50.702718],[7.027304,50.702657],[7.027176,50.702713],[7.026866,50.702926],[7.026842,50.702975],[7.026726,50.702993],[7.026666,50.703025],[7.026678,50.703041],[7.026837,50.703047],[7.026673,50.703181],[7.026618,50.703177],[7.026616,50.703091],[7.026459,50.703127],[7.026311,50.703204],[7.026131,50.703234],[7.025906,50.703241],[7.025842,50.703185],[7.025693,50.703207],[7.025685,50.703275],[7.025577,50.703386],[7.025514,50.703387],[7.025461,50.703441],[7.025489,50.703494],[7.02543,50.703545],[7.025413,50.703662],[7.025215,50.703781],[7.025077,50.703919],[7.024985,50.703919],[7.024845,50.70398],[7.024865,50.704011],[7.024988,50.704019],[7.025097,50.704196],[7.024648,50.704285],[7.024427,50.704392],[7.024323,50.704367],[7.024857,50.704749],[7.024839,50.704803],[7.023721,50.70542],[7.023254,50.705525],[7.023221,50.70557],[7.023262,50.705593],[7.022814,50.706203],[7.02508,50.707435],[7.025149,50.707383],[7.025839,50.707802],[7.02579,50.707838],[7.026396,50.708304],[7.026345,50.708345],[7.026612,50.70849],[7.026843,50.708655],[7.026912,50.708753],[7.027112,50.708825],[7.027111,50.708876],[7.029401,50.709417],[7.032599,50.709049],[7.032604,50.709219],[7.032994,50.709232],[7.033,50.70909],[7.033156,50.708757],[7.033282,50.708122],[7.033234,50.708075],[7.033017,50.708244],[7.032818,50.70832],[7.032445,50.708407],[7.032428,50.708473],[7.032284,50.708521],[7.03181,50.708602],[7.031237,50.708607],[7.031028,50.708529],[7.031018,50.708358],[7.030702,50.708363],[7.030685,50.708013],[7.030303,50.708012],[7.030173,50.707877],[7.030176,50.707615],[7.030405,50.707167],[7.031073,50.706909],[7.031165,50.706889],[7.031524,50.706898],[7.032363,50.707001],[7.033398,50.707083],[7.033396,50.707104],[7.033581,50.707109],[7.033593,50.707068],[7.033526,50.707063],[7.033468,50.705968],[7.033518,50.7057],[7.033442,50.704526],[7.03347,50.704475],[7.032474,50.702229],[7.032323,50.70196],[7.032143,50.701474],[7.032912,50.697841],[7.033,50.697623],[7.032982,50.697583]]],[[[7.033233,50.709581],[7.033231,50.709587],[7.033234,50.709587],[7.033233,50.709581]]],[[[7.033301,50.709588],[7.03344,50.709591],[7.034076,50.709473],[7.034286,50.709397],[7.034828,50.709342],[7.034895,50.708461],[7.035385,50.708442],[7.035204,50.708351],[7.035122,50.708187],[7.034937,50.707217],[7.034298,50.706966],[7.034283,50.706799],[7.034551,50.706748],[7.035401,50.706412],[7.035258,50.706297],[7.034397,50.705361],[7.034314,50.705326],[7.034152,50.705369],[7.033976,50.705454],[7.033779,50.705623],[7.033676,50.705823],[7.033673,50.706068],[7.033758,50.706208],[7.034028,50.706369],[7.034055,50.706836],[7.034118,50.706866],[7.03385,50.706973],[7.034242,50.706968],[7.034245,50.707177],[7.034168,50.707177],[7.03417,50.707247],[7.034386,50.707245],[7.034403,50.707487],[7.034513,50.707489],[7.03452,50.707854],[7.034391,50.707967],[7.034648,50.708225],[7.034667,50.708545],[7.034346,50.708589],[7.034317,50.70863],[7.034258,50.708601],[7.033913,50.70866],[7.033271,50.708375],[7.033196,50.708776],[7.033052,50.709091],[7.033044,50.709251],[7.033276,50.709501],[7.033301,50.709588]]],[[[7.033477,50.696325],[7.033474,50.696322],[7.033459,50.696326],[7.03346,50.696328],[7.033477,50.696325]]],[[[7.033565,50.705617],[7.033789,50.705396],[7.033939,50.705308],[7.034211,50.705204],[7.034226,50.705175],[7.033504,50.704522],[7.033565,50.705617]]]]},"properties":{"landuse_id":20368,"landuse_code":2600,"landuse":"Wald","environment":"forest","area_m2":600681}},{"type":"Feature","geometry":{"type":"MultiPolygon","coordinates":[[[[7.033347,50.695989],[7.033251,50.69603],[7.033459,50.696326],[7.033347,50.695989]]],[[[7.033204,50.69605],[7.032212,50.696471],[7.032289,50.696619],[7.03337,50.696348],[7.033327,50.696227],[7.033204,50.69605]]]]},"properties":{"landuse_id":20369,"landuse_code":2600,"landuse":"Wald","environment":"forest","area_m2":2330}},{"type":"Feature","geometry":{"type":"Polygon","coordinates":[[[7.039034,50.701077],[7.039699,50.701099],[7.038792,50.700936],[7.039034,50.701077]]]},"properties":{"landuse_id":4311,"landuse_code":2600,"landuse":"Wald","environment":"forest","area_m2":345}},{"type":"Feature","geometry":{"type":"Polygon","coordinates":[[[7.167342,50.654689],[7.167483,50.654891],[7.167519,50.654614],[7.167397,50.654639],[7.167342,50.654689]]]},"properties":{"landuse_id":22848,"landuse_code":2680,"landuse":"sonstige (kl.) Gehölzfläche","environment":"urban_green","area_m2":208}},{"type":"Feature","geometry":{"type":"Polygon","coordinates":[[[7.051329,50.735604],[7.051342,50.735647],[7.052037,50.735652],[7.052057,50.735722],[7.052529,50.735659],[7.054454,50.735555],[7.054458,50.735582],[7.054478,50.735562],[7.054453,50.735548],[7.053482,50.735582],[7.053209,50.735604],[7.05321,50.73562],[7.052818,50.735633],[7.052759,50.735599],[7.051494,50.735586],[7.051329,50.735604]]]},"properties":{"landuse_id":7686,"landuse_code":2670,"landuse":"Verkehrsbegleitgrün mit Baumbestand","environment":"urban_green","area_m2":952}},{"type":"Feature","geometry":{"type":"Polygon","coordinates":[[[7.040062,50.741196],[7.040209,50.741197],[7.040307,50.741104],[7.040382,50.740222],[7.040239,50.740217],[7.040145,50.740184],[7.039878,50.740184],[7.03986,50.740382],[7.039672,50.740376],[7.039633,50.740827],[7.039703,50.740924],[7.039709,50.740829],[7.040092,50.740847],[7.040062,50.741196]],[[7.03997,50.740301],[7.039951,50.74022],[7.040031,50.740207],[7.040152,50.740344],[7.040103,50.740364],[7.03997,50.740301]]]},"properties":{"landuse_id":10175,"landuse_code":2680,"landuse":"sonstige (kl.) Gehölzfläche","environment":"urban_green","area_m2":3744}},{"type":"Feature","geometry":{"type":"MultiPolygon","coordinates":[[[[7.164186,50.739249],[7.16508,50.739298],[7.165123,50.739233],[7.165918,50.739323],[7.166638,50.740308],[7.166739,50.740602],[7.167076,50.74089],[7.167695,50.741762],[7.167673,50.741819],[7.167564,50.741883],[7.167138,50.741885],[7.167255,50.742291],[7.16725,50.742392],[7.167235,50.742487],[7.167081,50.742597],[7.167911,50.74262],[7.167949,50.742281],[7.167814,50.74216],[7.167799,50.742096],[7.167836,50.742047],[7.168037,50.741937],[7.167284,50.741032],[7.167226,50.740795],[7.166837,50.740377],[7.166337,50.739769],[7.165885,50.739139],[7.165886,50.739103],[7.165848,50.739122],[7.164277,50.73906],[7.164215,50.739091],[7.164186,50.739249]],[[7.167731,50.742095],[7.167724,50.742165],[7.16777,50.742206],[7.16732,50.74219],[7.167323,50.742157],[7.167282,50.742155],[7.167302,50.741983],[7.16774,50.742004],[7.167731,50.742095]]],[[[7.166745,50.740192],[7.16674,50.740185],[7.16674,50.740185],[7.166745,50.740192]]],[[[7.166435,50.739801],[7.166366,50.739713],[7.166389,50.739755],[7.166435,50.739801]]],[[[7.165875,50.739089],[7.165868,50.739081],[7.165368,50.739068],[7.165875,50.739089]]]]},"properties":{"landuse_id":19666,"landuse_code":2600,"landuse":"Wald","environment":"forest","area_m2":9070}},{"type":"Feature","geometry":{"type":"MultiPolygon","coordinates":[[[[7.133099,50.705355],[7.133274,50.705275],[7.133964,50.70467],[7.134015,50.704592],[7.134026,50.704498],[7.133544,50.704901],[7.133099,50.705355]]],[[[7.134592,50.706868],[7.135244,50.707366],[7.136635,50.708522],[7.136643,50.708431],[7.136392,50.708224],[7.136289,50.708025],[7.136143,50.707964],[7.136118,50.707833],[7.135736,50.707671],[7.135403,50.707473],[7.135212,50.707312],[7.13473,50.706765],[7.134145,50.70637],[7.133795,50.706058],[7.133476,50.705872],[7.133239,50.705695],[7.133969,50.706297],[7.134592,50.706868]]],[[[7.136769,50.708624],[7.137887,50.709366],[7.137323,50.708898],[7.13677,50.708519],[7.136769,50.708624]]]]},"properties":{"landuse_id":3078,"landuse_code":2670,"landuse":"Verkehrsbegleitgrün mit Baumbestand","environment":"urban_green","area_m2":4361}},{"type":"Feature","geometry":{"type":"Polygon","coordinates":[[[7.065401,50.662846],[7.070773,50.664637],[7.070995,50.658478],[7.064149,50.658593],[7.064154,50.658609],[7.064112,50.658609],[7.065401,50.662846]]]},"properties":{"landuse_id":7733,"landuse_code":2600,"landuse":"Wald","environment":"forest","area_m2":247722}},{"type":"Feature","geometry":{"type":"Polygon","coordinates":[[[7.070813,50.704576],[7.070773,50.704757],[7.071121,50.704804],[7.071141,50.704745],[7.071233,50.704744],[7.071283,50.704553],[7.071249,50.704485],[7.070978,50.704459],[7.070986,50.704293],[7.070863,50.704289],[7.070813,50.704576]]]},"properties":{"landuse_id":16275,"landuse_code":2680,"landuse":"sonstige (kl.) Gehölzfläche","environment":"urban_green","area_m2":1268}},{"type":"Feature","geometry":{"type":"MultiPolygon","coordinates":[[[[7.108862,50.760128],[7.10882,50.760025],[7.107789,50.759824],[7.106547,50.759492],[7.105288,50.759045],[7.104679,50.758753],[7.104048,50.758524],[7.1046,50.758846],[7.104603,50.758882],[7.104541,50.758891],[7.10393,50.758665],[7.105118,50.75916],[7.1065,50.759612],[7.107657,50.759907],[7.108862,50.760128]]],[[[7.103854,50.758584],[7.104556,50.758851],[7.104015,50.75854],[7.103938,50.758524],[7.103854,50.758584]]]]},"properties":{"landuse_id":19710,"landuse_code":2670,"landuse":"Verkehrsbegleitgrün mit Baumbestand","environment":"urban_green","area_m2":5531}},{"type":"Feature","geometry":{"type":"Polygon","coordinates":[[[7.097753,50.707663],[7.097711,50.707661],[7.097708,50.707894],[7.097834,50.707681],[7.097753,50.707663]]]},"properties":{"landuse_id":19722,"landuse_code":2600,"landuse":"Wald","environment":"forest","area_m2":114}},{"type":"Feature","geometry":{"type":"Polygon","coordinates":[[[7.03881,50.701076],[7.039034,50.701077],[7.038665,50.700867],[7.038343,50.700817],[7.038024,50.700679],[7.03767,50.70057],[7.037469,50.700464],[7.03734,50.700465],[7.037189,50.70053],[7.037188,50.700649],[7.038599,50.700938],[7.03881,50.701076]]]},"properties":{"landuse_id":10202,"landuse_code":2600,"landuse":"Wald","environment":"forest","area_m2":1927}},{"type":"Feature","geometry":{"type":"Polygon","coordinates":[[[7.166542,50.655668],[7.167,50.65577],[7.16707,50.655651],[7.167062,50.655498],[7.166904,50.655372],[7.166884,50.655286],[7.167038,50.655195],[7.166771,50.655085],[7.166303,50.655328],[7.166594,50.655525],[7.166542,50.655668]]]},"properties":{"landuse_id":17650,"landuse_code":2680,"landuse":"sonstige (kl.) Gehölzfläche","environment":"urban_green","area_m2":2326}},{"type":"Feature","geometry":{"type":"Polygon","coordinates":[[[7.11317,50.691431],[7.112835,50.69122],[7.113276,50.690951],[7.113039,50.690759],[7.112156,50.691292],[7.114254,50.693035],[7.114439,50.693076],[7.114471,50.69285],[7.114504,50.692811],[7.114367,50.692725],[7.1143,50.692569],[7.114366,50.692473],[7.114535,50.6924],[7.11408,50.692117],[7.113619,50.69193],[7.113559,50.691863],[7.113555,50.691756],[7.113639,50.691685],[7.11381,50.691643],[7.114612,50.691839],[7.114894,50.69179],[7.115026,50.691744],[7.115517,50.691294],[7.115528,50.691151],[7.115484,50.691035],[7.115405,50.690955],[7.115053,50.690844],[7.114911,50.690929],[7.115183,50.691129],[7.114405,50.691553],[7.114045,50.691399],[7.113641,50.691364],[7.11317,50.691431]]]},"properties":{"landuse_id":20871,"landuse_code":2600,"landuse":"Wald","environment":"forest","area_m2":18946}},{"type":"Feature","geometry":{"type":"Polygon","coordinates":[[[7.107131,50.688835],[7.10699,50.688877],[7.106097,50.688934],[7.10551,50.689053],[7.105643,50.689276],[7.105727,50.689575],[7.105822,50.689773],[7.105939,50.68994],[7.10607,50.690216],[7.106118,50.690516],[7.106047,50.690687],[7.106056,50.690746],[7.106102,50.690799],[7.106411,50.690944],[7.106745,50.691043],[7.106828,50.690938],[7.107252,50.690737],[7.107343,50.690645],[7.107365,50.690547],[7.107371,50.69046],[7.107136,50.68982],[7.107404,50.689399],[7.107429,50.689192],[7.107283,50.688777],[7.107131,50.688835]]]},"properties":{"landuse_id":5622,"landuse_code":2600,"landuse":"Wald","environment":"forest","area_m2":22340}},{"type":"Feature","geometry":{"type":"MultiPolygon","coordinates":[[[[7.09757,50.7078],[7.097165,50.707801],[7.097164,50.707898],[7.09689,50.707896],[7.09688,50.708104],[7.096323,50.708098],[7.096329,50.70777],[7.096576,50.707582],[7.096512,50.707338],[7.096705,50.707209],[7.096686,50.707155],[7.096095,50.707274],[7.095718,50.707453],[7.095566,50.707639],[7.095501,50.707949],[7.095529,50.708048],[7.095494,50.708049],[7.095465,50.707981],[7.095529,50.707681],[7.095322,50.707909],[7.094968,50.708151],[7.094912,50.708302],[7.094763,50.708492],[7.094718,50.708497],[7.094877,50.708297],[7.094934,50.708143],[7.095291,50.707898],[7.095692,50.707437],[7.09593,50.707308],[7.096084,50.707253],[7.096678,50.707133],[7.096669,50.707108],[7.096028,50.707231],[7.095731,50.707334],[7.095474,50.707472],[7.09525,50.707632],[7.095027,50.707864],[7.094474,50.708876],[7.094281,50.70911],[7.094071,50.709294],[7.093875,50.709531],[7.093572,50.709655],[7.093306,50.709812],[7.093104,50.709976],[7.092784,50.710355],[7.092704,50.71049],[7.092608,50.71081],[7.092652,50.711317],[7.09274,50.711669],[7.092706,50.711674],[7.092806,50.71209],[7.092876,50.712115],[7.093,50.712114],[7.09297,50.712143],[7.093121,50.712167],[7.093247,50.712364],[7.093386,50.71249],[7.093966,50.71272],[7.094146,50.712807],[7.094304,50.712919],[7.09469,50.713432],[7.095037,50.713617],[7.095228,50.713648],[7.095469,50.713809],[7.095655,50.713873],[7.095738,50.713677],[7.095892,50.713453],[7.096102,50.712779],[7.096172,50.712641],[7.096255,50.712516],[7.096861,50.711933],[7.097061,50.711686],[7.097102,50.711564],[7.097475,50.711107],[7.097107,50.710992],[7.096317,50.710896],[7.09619,50.711464],[7.096145,50.711459],[7.09626,50.710893],[7.095594,50.710904],[7.094899,50.710829],[7.094754,50.710783],[7.094736,50.710572],[7.094773,50.710247],[7.094712,50.710033],[7.094805,50.710213],[7.094759,50.71071],[7.094813,50.710787],[7.095737,50.710889],[7.096274,50.710867],[7.096486,50.710288],[7.096887,50.709785],[7.097025,50.709395],[7.097076,50.709081],[7.097173,50.708858],[7.096261,50.708751],[7.095731,50.708782],[7.095529,50.708774],[7.095143,50.708649],[7.094966,50.709135],[7.095009,50.709299],[7.094744,50.7096],[7.094751,50.709524],[7.094973,50.7093],[7.094931,50.709133],[7.095013,50.708968],[7.095101,50.708646],[7.094924,50.708542],[7.09493,50.708518],[7.095122,50.708626],[7.095409,50.708368],[7.095511,50.708107],[7.095546,50.708106],[7.095455,50.708361],[7.09515,50.70864],[7.095183,50.708655],[7.09554,50.708765],[7.096298,50.708744],[7.097178,50.708849],[7.097251,50.708709],[7.09728,50.708739],[7.097213,50.708866],[7.097565,50.708931],[7.097576,50.708118],[7.09732,50.708669],[7.097291,50.708639],[7.097512,50.70814],[7.097575,50.708074],[7.09757,50.7078]],[[7.095224,50.710251],[7.095379,50.710078],[7.095761,50.70975],[7.095891,50.709707],[7.095952,50.709709],[7.096103,50.709729],[7.09624,50.70979],[7.096271,50.709882],[7.096239,50.710135],[7.096176,50.710252],[7.096024,50.710385],[7.095875,50.710419],[7.095214,50.710437],[7.094951,50.710407],[7.094935,50.710338],[7.095004,50.710275],[7.095055,50.710254],[7.095224,50.710251]]],[[[7.095969,50.713349],[7.095992,50.713317],[7.096045,50.713173],[7.096055,50.713078],[7.096037,50.713135],[7.095969,50.713349]]],[[[7.09715,50.711576],[7.09746,50.711364],[7.097514,50.71113],[7.09715,50.711576]]],[[[7.097565,50.708951],[7.097204,50.708884],[7.097109,50.70911],[7.097074,50.709375],[7.096935,50.709779],[7.096524,50.710303],[7.096335,50.710827],[7.096367,50.710867],[7.097122,50.710967],[7.097484,50.711078],[7.097555,50.71102],[7.097565,50.708951]]]]},"properties":{"landuse_id":19748,"landuse_code":2600,"landuse":"Wald","environment":"forest","area_m2":154126}},{"type":"Feature","geometry":{"type":"MultiPolygon","coordinates":[[[[7.127638,50.654388],[7.127556,50.65424],[7.127425,50.654165],[7.124737,50.653524],[7.124567,50.653503],[7.122915,50.653706],[7.122816,50.653732],[7.122721,50.653871],[7.122643,50.653901],[7.122532,50.653913],[7.121897,50.653865],[7.121424,50.654186],[7.121983,50.654339],[7.122444,50.654431],[7.123706,50.654546],[7.123367,50.654963],[7.123908,50.655176],[7.123645,50.655345],[7.124164,50.655664],[7.124964,50.655719],[7.125305,50.655855],[7.125473,50.655973],[7.125495,50.656049],[7.125636,50.656132],[7.125832,50.656298],[7.126037,50.656592],[7.126225,50.656962],[7.126272,50.657125],[7.126273,50.657508],[7.12632,50.65789],[7.126644,50.658613],[7.126866,50.658968],[7.127303,50.659296],[7.127493,50.659405],[7.128314,50.659698],[7.128717,50.659374],[7.128885,50.659113],[7.128574,50.658976],[7.128346,50.658845],[7.128339,50.65861],[7.128556,50.65822],[7.128828,50.65791],[7.128796,50.657512],[7.128835,50.657219],[7.129131,50.657022],[7.12944,50.656882],[7.129772,50.656553],[7.130039,50.656397],[7.130344,50.656273],[7.13056,50.655895],[7.130751,50.655641],[7.130742,50.655572],[7.130493,50.655328],[7.130421,50.655193],[7.13053,50.65504],[7.13025,50.654955],[7.129735,50.654545],[7.129447,50.654418],[7.128864,50.654578],[7.128706,50.654782],[7.128524,50.655104],[7.12796,50.655519],[7.127852,50.655524],[7.127855,50.655502],[7.127954,50.655497],[7.128495,50.655091],[7.128665,50.654782],[7.128832,50.654563],[7.129378,50.654403],[7.129246,50.654347],[7.128829,50.65434],[7.12859,50.654346],[7.127939,50.654448],[7.12747,50.65439],[7.127228,50.654444],[7.126707,50.65471],[7.126577,50.654753],[7.126554,50.654734],[7.126682,50.654692],[7.126826,50.654601],[7.127206,50.654429],[7.127465,50.654367],[7.127638,50.654388]]],[[[7.130543,50.656019],[7.130745,50.655818],[7.130893,50.655716],[7.130826,50.655647],[7.130789,50.655656],[7.130543,50.656019]]],[[[7.1308,50.65562],[7.130796,50.655615],[7.130796,50.655621],[7.1308,50.65562]]]]},"properties":{"landuse_id":20485,"landuse_code":2600,"landuse":"Wald","environment":"forest","area_m2":181535}},{"type":"Feature","geometry":{"type":"Polygon","coordinates":[[[7.129663,50.691253],[7.129735,50.691117],[7.129738,50.690992],[7.130028,50.690817],[7.129983,50.69071],[7.130016,50.690579],[7.129726,50.690247],[7.130021,50.69014],[7.129674,50.689773],[7.129591,50.689383],[7.129538,50.689268],[7.12952,50.68905],[7.129449,50.688906],[7.129271,50.68867],[7.129161,50.68857],[7.129114,50.688548],[7.129015,50.688556],[7.128892,50.688531],[7.128745,50.688407],[7.128639,50.688265],[7.128435,50.687858],[7.128104,50.687541],[7.127451,50.68707],[7.127024,50.686831],[7.126936,50.686795],[7.126754,50.6868],[7.126694,50.686771],[7.126968,50.686995],[7.127077,50.687202],[7.127058,50.687308],[7.126951,50.687428],[7.126847,50.687482],[7.126499,50.687589],[7.126418,50.687641],[7.126361,50.68774],[7.126633,50.688458],[7.126639,50.688806],[7.126606,50.688869],[7.126456,50.688937],[7.126711,50.689351],[7.127027,50.689417],[7.127808,50.68918],[7.127995,50.689381],[7.128337,50.689919],[7.128473,50.690341],[7.128865,50.690248],[7.128886,50.690167],[7.129325,50.69007],[7.129492,50.690408],[7.129119,50.690489],[7.128417,50.690544],[7.128148,50.690663],[7.127761,50.690747],[7.128996,50.69192],[7.129235,50.691816],[7.128959,50.69162],[7.128956,50.691515],[7.128864,50.691379],[7.128843,50.69129],[7.128929,50.691153],[7.129115,50.691231],[7.12924,50.691097],[7.129663,50.691253]],[[7.127978,50.688085],[7.12775,50.68815],[7.12764,50.688004],[7.127698,50.687868],[7.127686,50.687785],[7.128016,50.687677],[7.128289,50.688139],[7.12841,50.688111],[7.128623,50.688392],[7.128982,50.688701],[7.128756,50.688852],[7.128146,50.688611],[7.127771,50.688409],[7.128081,50.688254],[7.127978,50.688085]]]},"properties":{"landuse_id":20945,"landuse_code":2600,"landuse":"Wald","environment":"forest","area_m2":55195}},{"type":"Feature","geometry":{"type":"Polygon","coordinates":[[[7.17282,50.655599],[7.174792,50.65497],[7.173898,50.654297],[7.173657,50.654059],[7.173516,50.654395],[7.173228,50.654893],[7.172854,50.655363],[7.17282,50.655599]]]},"properties":{"landuse_id":3142,"landuse_code":2600,"landuse":"Wald","environment":"forest","area_m2":9746}},{"type":"Feature","geometry":{"type":"Polygon","coordinates":[[[7.122722,50.662216],[7.122688,50.661786],[7.123084,50.66137],[7.122664,50.661206],[7.122486,50.661006],[7.122364,50.660965],[7.12245,50.660966],[7.123331,50.660679],[7.123236,50.660634],[7.12329,50.660532],[7.123112,50.660499],[7.12273,50.660372],[7.121743,50.659834],[7.121585,50.659777],[7.116314,50.661718],[7.116488,50.661874],[7.11653,50.662238],[7.116919,50.6631],[7.118253,50.663826],[7.118425,50.663706],[7.119349,50.663603],[7.11943,50.663619],[7.119598,50.663383],[7.120962,50.662924],[7.121551,50.662634],[7.121851,50.662458],[7.122722,50.662216]],[[7.119628,50.661163],[7.118457,50.661363],[7.118412,50.661251],[7.119397,50.660861],[7.119628,50.661163]]]},"properties":{"landuse_id":16741,"landuse_code":2600,"landuse":"Wald","environment":"forest","area_m2":123021}},{"type":"Feature","geometry":{"type":"Polygon","coordinates":[[[7.199698,50.748],[7.199709,50.748006],[7.199714,50.747987],[7.199698,50.748]]]},"properties":{"landuse_id":8781,"landuse_code":2600,"landuse":"Wald","environment":"forest","area_m2":1}},{"type":"Feature","geometry":{"type":"MultiPolygon","coordinates":[[[[7.124861,50.661],[7.124803,50.661024],[7.124344,50.660804],[7.124649,50.660577],[7.124695,50.660498],[7.124584,50.660489],[7.124132,50.660505],[7.123767,50.660492],[7.12329,50.660532],[7.123236,50.660634],[7.123331,50.660679],[7.122441,50.660956],[7.122601,50.661016],[7.122795,50.661056],[7.123,50.661138],[7.123629,50.661191],[7.12414,50.661163],[7.124457,50.661095],[7.124962,50.66105],[7.125497,50.660904],[7.124988,50.661028],[7.124903,50.661027],[7.124861,50.661]]],[[[7.122486,50.661006],[7.122664,50.661206],[7.123084,50.66137],[7.123274,50.661389],[7.123523,50.661309],[7.123744,50.661518],[7.124247,50.66144],[7.124209,50.661197],[7.124433,50.661123],[7.124144,50.661184],[7.123627,50.661213],[7.122979,50.661157],[7.12277,50.661075],[7.122486,50.661006]]],[[[7.124449,50.66112],[7.124614,50.661368],[7.124712,50.661371],[7.124856,50.661334],[7.125168,50.661343],[7.12619,50.661152],[7.125836,50.660837],[7.124974,50.661071],[7.124449,50.66112]]]]},"properties":{"landuse_id":20488,"landuse_code":2600,"landuse":"Wald","environment":"forest","area_m2":14937}},{"type":"Feature","geometry":{"type":"Polygon","coordinates":[[[7.134223,50.665506],[7.134051,50.665236],[7.133888,50.664765],[7.133786,50.664576],[7.133478,50.663795],[7.133327,50.663571],[7.133167,50.663618],[7.133311,50.663923],[7.13339,50.664023],[7.133934,50.66543],[7.134271,50.666003],[7.134505,50.666267],[7.134639,50.666322],[7.134863,50.666514],[7.13491,50.666952],[7.135046,50.667169],[7.136745,50.669082],[7.136898,50.67019],[7.13685,50.670403],[7.136678,50.670842],[7.13669,50.670884],[7.136737,50.670884],[7.136737,50.671046],[7.136795,50.671187],[7.136915,50.671398],[7.137057,50.67154],[7.137088,50.671654],[7.137324,50.671989],[7.137489,50.671929],[7.13693,50.671156],[7.136868,50.671005],[7.136894,50.670675],[7.137044,50.670551],[7.137092,50.67039],[7.137002,50.670132],[7.136975,50.669959],[7.137039,50.669754],[7.136921,50.669478],[7.136932,50.669231],[7.136874,50.669008],[7.136134,50.668233],[7.136062,50.668095],[7.135702,50.667756],[7.135442,50.667399],[7.135254,50.667273],[7.135037,50.667005],[7.135088,50.666555],[7.135062,50.666451],[7.134648,50.666214],[7.134625,50.666077],[7.134476,50.66599],[7.134306,50.665788],[7.134202,50.66571],[7.134178,50.665579],[7.134223,50.665506]]]},"properties":{"landuse_id":20491,"landuse_code":2680,"landuse":"sonstige (kl.) Gehölzfläche","environment":"urban_green","area_m2":11522}},{"type":"Feature","geometry":{"type":"Polygon","coordinates":[[[7.11181,50.697109],[7.112028,50.696722],[7.111997,50.696678],[7.112014,50.696632],[7.112072,50.696599],[7.112409,50.696582],[7.112704,50.696461],[7.1128,50.696381],[7.112847,50.696295],[7.11283,50.696205],[7.112762,50.696157],[7.112197,50.696138],[7.111841,50.696053],[7.111644,50.69606],[7.111461,50.696111],[7.111275,50.696202],[7.111053,50.696425],[7.110781,50.696554],[7.110558,50.696581],[7.109894,50.696532],[7.109281,50.696565],[7.109481,50.697068],[7.109592,50.69708],[7.110275,50.696972],[7.110878,50.696945],[7.111376,50.69698],[7.11181,50.697109]]]},"properties":{"landuse_id":9314,"landuse_code":2600,"landuse":"Wald","environment":"forest","area_m2":15000}},{"type":"Feature","geometry":{"type":"MultiPolygon","coordinates":[[[[7.136678,50.670842],[7.136457,50.670848],[7.13669,50.670884],[7.136678,50.670842]]],[[[7.137319,50.671989],[7.137088,50.671654],[7.137057,50.67154],[7.136915,50.671398],[7.136737,50.671044],[7.136693,50.671137],[7.136969,50.671472],[7.136957,50.671529],[7.137205,50.672026],[7.137256,50.67199],[7.137319,50.671989]]]]},"properties":{"landuse_id":20492,"landuse_code":2680,"landuse":"sonstige (kl.) Gehölzfläche","environment":"urban_green","area_m2":576}},{"type":"Feature","geometry":{"type":"MultiPolygon","coordinates":[[[[7.150245,50.723524],[7.150204,50.723488],[7.150214,50.7235],[7.15024,50.723521],[7.150245,50.723524]]],[[[7.150039,50.72336],[7.149981,50.723317],[7.149717,50.723424],[7.149426,50.723606],[7.148995,50.723973],[7.149558,50.723765],[7.149616,50.723651],[7.149794,50.723588],[7.149744,50.723528],[7.14999,50.723442],[7.150022,50.723478],[7.150108,50.723446],[7.150039,50.72336]]],[[[7.149128,50.723965],[7.149727,50.724621],[7.150859,50.724195],[7.150748,50.724107],[7.150828,50.724055],[7.150168,50.723521],[7.150118,50.723509],[7.149651,50.723675],[7.149593,50.723794],[7.149128,50.723965]],[[7.150141,50.723529],[7.150619,50.724118],[7.150157,50.724276],[7.149686,50.723688],[7.150141,50.723529]]]]},"properties":{"landuse_id":10232,"landuse_code":2680,"landuse":"sonstige (kl.) Gehölzfläche","environment":"urban_green","area_m2":6822}},{"type":"Feature","geometry":{"type":"Polygon","coordinates":[[[7.198766,50.648907],[7.199044,50.649014],[7.199186,50.648854],[7.199987,50.649179],[7.200219,50.648934],[7.199437,50.648652],[7.19956,50.648515],[7.199214,50.648413],[7.198712,50.648896],[7.198714,50.648912],[7.198766,50.648907]]]},"properties":{"landuse_id":20494,"landuse_code":2680,"landuse":"sonstige (kl.) Gehölzfläche","environment":"urban_green","area_m2":3720}},{"type":"Feature","geometry":{"type":"MultiPolygon","coordinates":[[[[7.102464,50.707572],[7.102457,50.707587],[7.102491,50.707598],[7.102504,50.707603],[7.102504,50.707602],[7.102504,50.7076],[7.102505,50.707598],[7.102504,50.707596],[7.102502,50.707593],[7.102501,50.707591],[7.1025,50.70759],[7.102499,50.707589],[7.102497,50.707587],[7.102496,50.707585],[7.102492,50.707584],[7.102489,50.707582],[7.102485,50.70758],[7.102479,50.707578],[7.102474,50.707575],[7.102464,50.707572]]],[[[7.101733,50.709938],[7.102563,50.710056],[7.102648,50.709634],[7.102639,50.709167],[7.102578,50.709009],[7.102687,50.708595],[7.103607,50.708668],[7.103683,50.708657],[7.103679,50.708511],[7.103961,50.708511],[7.103999,50.708537],[7.104709,50.708659],[7.104627,50.708528],[7.104617,50.708402],[7.10454,50.708307],[7.104317,50.708236],[7.103444,50.708188],[7.103118,50.708084],[7.102491,50.707598],[7.102466,50.707688],[7.102563,50.707805],[7.102571,50.707905],[7.102488,50.707998],[7.10229,50.708122],[7.102186,50.708243],[7.102164,50.708412],[7.102289,50.708619],[7.102273,50.708707],[7.1022,50.708762],[7.101972,50.708849],[7.101895,50.708933],[7.101854,50.70924],[7.101728,50.709465],[7.101771,50.709878],[7.10176,50.709942],[7.101733,50.709938]]],[[[7.103812,50.708169],[7.104352,50.708195],[7.104463,50.708233],[7.104494,50.707999],[7.104711,50.70767],[7.104671,50.707659],[7.104592,50.707686],[7.104402,50.707791],[7.104081,50.707886],[7.103859,50.707871],[7.103481,50.707702],[7.102809,50.707685],[7.102617,50.707644],[7.103168,50.708037],[7.103488,50.708145],[7.103812,50.708169]]],[[[7.10522,50.70864],[7.10546,50.708594],[7.105744,50.708327],[7.105755,50.708237],[7.1057,50.708193],[7.10562,50.708179],[7.105547,50.708194],[7.105462,50.708321],[7.105321,50.708411],[7.105102,50.708446],[7.104827,50.708452],[7.104905,50.708657],[7.104957,50.708673],[7.10522,50.70864]]]]},"properties":{"landuse_id":5711,"landuse_code":2600,"landuse":"Wald","environment":"forest","area_m2":24087}},{"type":"Feature","geometry":{"type":"Polygon","coordinates":[[[7.190896,50.742469],[7.191368,50.742588],[7.191639,50.742301],[7.191692,50.742187],[7.191319,50.74211],[7.190896,50.742469]],[[7.191548,50.742287],[7.191549,50.742351],[7.191422,50.742488],[7.191246,50.742504],[7.191097,50.742445],[7.191113,50.74241],[7.191359,50.74225],[7.191435,50.742246],[7.191548,50.742287]]]},"properties":{"landuse_id":7174,"landuse_code":2680,"landuse":"sonstige (kl.) Gehölzfläche","environment":"urban_green","area_m2":1005}},{"type":"Feature","geometry":{"type":"Polygon","coordinates":[[[7.190097,50.721431],[7.18974,50.722121],[7.190322,50.722175],[7.190344,50.722143],[7.19046,50.722111],[7.190527,50.722048],[7.190527,50.721986],[7.190464,50.721937],[7.190166,50.721881],[7.190096,50.721833],[7.190053,50.72176],[7.190214,50.721451],[7.190097,50.721431]]]},"properties":{"landuse_id":17731,"landuse_code":2680,"landuse":"sonstige (kl.) Gehölzfläche","environment":"urban_green","area_m2":1887}},{"type":"Feature","geometry":{"type":"Polygon","coordinates":[[[7.191596,50.651053],[7.191884,50.651274],[7.192906,50.650922],[7.193034,50.651026],[7.19368,50.65037],[7.192511,50.649441],[7.191836,50.650061],[7.19224,50.650378],[7.191293,50.650821],[7.191358,50.650869],[7.190283,50.651378],[7.19048,50.651578],[7.191596,50.651053]]]},"properties":{"landuse_id":3238,"landuse_code":2680,"landuse":"sonstige (kl.) Gehölzfläche","environment":"urban_green","area_m2":19177}},{"type":"Feature","geometry":{"type":"Polygon","coordinates":[[[7.172643,50.740286],[7.172545,50.740146],[7.171689,50.7404],[7.171317,50.740439],[7.170855,50.740372],[7.170315,50.740219],[7.170044,50.740113],[7.169808,50.739933],[7.169678,50.739721],[7.16953,50.739374],[7.168768,50.739421],[7.167807,50.739774],[7.166712,50.740106],[7.166745,50.740192],[7.167281,50.740783],[7.167339,50.741021],[7.168075,50.741905],[7.168993,50.741874],[7.168941,50.742572],[7.168896,50.742668],[7.16974,50.74262],[7.169736,50.74255],[7.171075,50.742468],[7.171121,50.742949],[7.171247,50.742987],[7.171661,50.743193],[7.171797,50.743223],[7.17194,50.743216],[7.172562,50.743045],[7.172354,50.742745],[7.172623,50.742667],[7.172367,50.742303],[7.172834,50.742097],[7.173143,50.74186],[7.173546,50.741692],[7.173884,50.741602],[7.173454,50.741342],[7.173155,50.741083],[7.172896,50.740742],[7.172811,50.740248],[7.172643,50.740286]]]},"properties":{"landuse_id":4433,"landuse_code":2600,"landuse":"Wald","environment":"forest","area_m2":112652}},{"type":"Feature","geometry":{"type":"Polygon","coordinates":[[[7.134587,50.715914],[7.134797,50.715879],[7.134875,50.715834],[7.134939,50.715741],[7.13488,50.715545],[7.13478,50.715486],[7.134554,50.715435],[7.134448,50.715534],[7.134178,50.715525],[7.134307,50.715682],[7.134332,50.715819],[7.134587,50.715914]]]},"properties":{"landuse_id":3237,"landuse_code":2645,"landuse":"Grün-/ Parkfläche mit Baumbestand","environment":"urban_green","area_m2":1868}},{"type":"Feature","geometry":{"type":"Polygon","coordinates":[[[7.068938,50.699686],[7.06914,50.699778],[7.069355,50.699834],[7.069375,50.699715],[7.069273,50.699562],[7.069147,50.699563],[7.069038,50.699624],[7.068964,50.699637],[7.068938,50.699686]]]},"properties":{"landuse_id":22768,"landuse_code":2680,"landuse":"sonstige (kl.) Gehölzfläche","environment":"urban_green","area_m2":574}},{"type":"Feature","geometry":{"type":"Polygon","coordinates":[[[7.199214,50.648413],[7.199232,50.648362],[7.199011,50.648267],[7.199214,50.648413]]]},"properties":{"landuse_id":10393,"landuse_code":2680,"landuse":"sonstige (kl.) Gehölzfläche","environment":"urban_green","area_m2":52}},{"type":"Feature","geometry":{"type":"MultiPolygon","coordinates":[[[[7.102393,50.707461],[7.102447,50.707523],[7.102449,50.707524],[7.102484,50.707537],[7.102393,50.707461]]],[[[7.103268,50.707594],[7.10328,50.707533],[7.103788,50.706901],[7.103861,50.706707],[7.103664,50.706574],[7.103769,50.706445],[7.103743,50.706467],[7.103548,50.706506],[7.103349,50.706645],[7.103177,50.706802],[7.103082,50.70697],[7.102996,50.707054],[7.102668,50.707171],[7.102434,50.707217],[7.102334,50.707289],[7.102398,50.707423],[7.102636,50.707595],[7.102806,50.707631],[7.103007,50.707638],[7.103235,50.707636],[7.103268,50.707594]]]]},"properties":{"landuse_id":7626,"landuse_code":2600,"landuse":"Wald","environment":"forest","area_m2":6449}},{"type":"Feature","geometry":{"type":"Polygon","coordinates":[[[7.183823,50.656088],[7.18365,50.655418],[7.182861,50.655756],[7.1834,50.656233],[7.183823,50.656088]]]},"properties":{"landuse_id":5162,"landuse_code":2600,"landuse":"Wald","environment":"forest","area_m2":3414}},{"type":"Feature","geometry":{"type":"MultiPolygon","coordinates":[[[[7.171466,50.73362],[7.171457,50.733844],[7.171679,50.733907],[7.173346,50.734],[7.173802,50.733811],[7.17436,50.733453],[7.174372,50.73349],[7.176325,50.732235],[7.174357,50.732371],[7.173319,50.73248],[7.173066,50.732764],[7.172982,50.732795],[7.171658,50.733007],[7.171518,50.733154],[7.171466,50.73362]]],[[[7.173553,50.734022],[7.173558,50.734007],[7.173528,50.734019],[7.173553,50.734022]]],[[[7.175987,50.732512],[7.176389,50.732261],[7.176357,50.732273],[7.176252,50.732343],[7.175987,50.732512]]]]},"properties":{"landuse_id":11224,"landuse_code":2600,"landuse":"Wald","environment":"forest","area_m2":35073}},{"type":"Feature","geometry":{"type":"Polygon","coordinates":[[[7.161592,50.744276],[7.162134,50.74422],[7.162132,50.743566],[7.161651,50.743622],[7.161592,50.744276]],[[7.161832,50.743745],[7.161964,50.743766],[7.162013,50.743838],[7.161927,50.743994],[7.161911,50.744191],[7.161877,50.744224],[7.161804,50.744241],[7.161674,50.744193],[7.161659,50.744075],[7.161723,50.74382],[7.161773,50.743763],[7.161832,50.743745]]]},"properties":{"landuse_id":19506,"landuse_code":2680,"landuse":"sonstige (kl.) Gehölzfläche","environment":"urban_green","area_m2":1642}},{"type":"Feature","geometry":{"type":"MultiPolygon","coordinates":[[[[7.035726,50.735975],[7.034972,50.73425],[7.033676,50.734017],[7.033288,50.734011],[7.033092,50.734096],[7.033157,50.733997],[7.033206,50.733978],[7.033118,50.734035],[7.033063,50.734163],[7.032865,50.734941],[7.03312,50.735228],[7.033238,50.735444],[7.033436,50.735957],[7.033545,50.736325],[7.033548,50.736457],[7.033607,50.736558],[7.035481,50.736232],[7.036441,50.736126],[7.037213,50.736075],[7.038085,50.736049],[7.040079,50.736093],[7.039839,50.735854],[7.039638,50.735894],[7.036875,50.735943],[7.036389,50.736004],[7.035726,50.735975]]],[[[7.033315,50.73394],[7.033315,50.73394],[7.033303,50.733976],[7.033303,50.733976],[7.033311,50.733953],[7.033315,50.73394]]]]},"properties":{"landuse_id":19021,"landuse_code":2680,"landuse":"sonstige (kl.) Gehölzfläche","environment":"urban_green","area_m2":44707}},{"type":"Feature","geometry":{"type":"MultiPolygon","coordinates":[[[[7.126824,50.692791],[7.127716,50.692397],[7.127848,50.692507],[7.128303,50.692365],[7.128634,50.692015],[7.128729,50.691827],[7.128844,50.691763],[7.127761,50.690747],[7.127508,50.690559],[7.12752,50.690472],[7.127474,50.690297],[7.126794,50.690344],[7.126586,50.690215],[7.126542,50.69],[7.1271,50.689843],[7.126724,50.689432],[7.126711,50.689351],[7.126456,50.688937],[7.126346,50.688906],[7.126153,50.688799],[7.125598,50.688323],[7.124573,50.687689],[7.124234,50.687446],[7.123455,50.686751],[7.123131,50.686503],[7.122088,50.68588],[7.120781,50.685148],[7.119223,50.682708],[7.118716,50.681988],[7.118644,50.682018],[7.118648,50.68197],[7.118136,50.681993],[7.117838,50.682044],[7.116558,50.682642],[7.1145,50.683493],[7.115865,50.684825],[7.116017,50.684991],[7.116161,50.685272],[7.116236,50.685727],[7.116182,50.687283],[7.116162,50.687368],[7.116062,50.687379],[7.115851,50.687331],[7.115746,50.687331],[7.115706,50.687352],[7.115979,50.687674],[7.116087,50.687909],[7.11604,50.688061],[7.115969,50.688105],[7.115808,50.688172],[7.115278,50.688306],[7.11523,50.688271],[7.115819,50.688115],[7.116013,50.687968],[7.116001,50.687871],[7.115835,50.687601],[7.115594,50.687351],[7.115629,50.687297],[7.115726,50.687267],[7.11605,50.687285],[7.116085,50.687233],[7.11614,50.685731],[7.116073,50.685297],[7.115907,50.68502],[7.115781,50.68488],[7.114418,50.683578],[7.110335,50.686098],[7.112037,50.687266],[7.112182,50.687423],[7.112257,50.687554],[7.112534,50.688483],[7.1125,50.68861],[7.112398,50.688729],[7.112394,50.688774],[7.113039,50.688944],[7.113472,50.689115],[7.113673,50.688893],[7.114202,50.68908],[7.114692,50.688636],[7.114777,50.688655],[7.113878,50.68947],[7.113821,50.689541],[7.113728,50.689813],[7.113551,50.690069],[7.113532,50.690178],[7.113577,50.690249],[7.114134,50.690633],[7.115282,50.690833],[7.11545,50.690898],[7.115567,50.691014],[7.115621,50.691158],[7.115584,50.691339],[7.115132,50.691758],[7.115021,50.691816],[7.114696,50.691885],[7.114504,50.691894],[7.113871,50.691718],[7.113805,50.69171],[7.113693,50.691754],[7.113699,50.691847],[7.113757,50.69189],[7.114056,50.692003],[7.11422,50.692092],[7.114565,50.69235],[7.116664,50.692541],[7.116838,50.69254],[7.117289,50.69263],[7.117403,50.692526],[7.117544,50.692492],[7.11821,50.69255],[7.118789,50.692551],[7.11922,50.692735],[7.119311,50.692695],[7.11947,50.692837],[7.119344,50.692892],[7.119406,50.692909],[7.119757,50.693146],[7.119977,50.692888],[7.120278,50.693049],[7.120061,50.693281],[7.120691,50.693406],[7.1209,50.693404],[7.121037,50.693338],[7.121058,50.693312],[7.12095,50.693279],[7.120796,50.693176],[7.120676,50.69326],[7.120468,50.693155],[7.120331,50.692942],[7.120401,50.692902],[7.120526,50.692885],[7.120159,50.692379],[7.120137,50.692262],[7.120199,50.692098],[7.120606,50.691708],[7.120676,50.691522],[7.120706,50.691204],[7.120629,50.691031],[7.120681,50.690657],[7.120823,50.690369],[7.120615,50.690174],[7.120561,50.68992],[7.119886,50.689289],[7.119851,50.689114],[7.119537,50.688762],[7.118952,50.688192],[7.118845,50.687854],[7.118911,50.6879],[7.119001,50.688174],[7.119585,50.688747],[7.119903,50.689103],[7.119946,50.68928],[7.120621,50.689897],[7.120662,50.690162],[7.120876,50.690368],[7.120734,50.690658],[7.120677,50.691029],[7.120757,50.691201],[7.120732,50.69153],[7.12066,50.691717],[7.120247,50.692113],[7.120191,50.692264],[7.120211,50.692364],[7.120572,50.692874],[7.12076,50.692827],[7.120956,50.692857],[7.121057,50.692953],[7.121164,50.692958],[7.121237,50.692992],[7.121262,50.693041],[7.121239,50.693103],[7.121608,50.693199],[7.122248,50.693149],[7.122282,50.693434],[7.12236,50.693415],[7.122653,50.693657],[7.12285,50.693203],[7.123537,50.693277],[7.123257,50.693806],[7.12374,50.693828],[7.124295,50.693711],[7.124498,50.693907],[7.125271,50.693586],[7.125201,50.693534],[7.125934,50.693176],[7.126237,50.692995],[7.126633,50.692876],[7.126824,50.692791]],[[7.112568,50.686679],[7.1126,50.686633],[7.112683,50.686615],[7.112749,50.686632],[7.112795,50.686674],[7.11279,50.686726],[7.112747,50.686765],[7.11267,50.686777],[7.112581,50.686746],[7.112568,50.686679]],[[7.113464,50.687612],[7.11355,50.687568],[7.113753,50.687531],[7.113932,50.687444],[7.113993,50.687443],[7.11404,50.687474],[7.114034,50.687512],[7.113853,50.687667],[7.113723,50.687838],[7.113532,50.687836],[7.113373,50.687796],[7.11332,50.68766],[7.113421,50.687649],[7.113464,50.687612]],[[7.115051,50.688344],[7.115209,50.688279],[7.115259,50.688314],[7.115034,50.688437],[7.11479,50.688643],[7.114706,50.688623],[7.115051,50.688344]]],[[[7.122397,50.693458],[7.122464,50.693515],[7.122437,50.693487],[7.122397,50.693458]]],[[[7.122621,50.69365],[7.122646,50.693672],[7.122648,50.693668],[7.122621,50.69365]]],[[[7.12105,50.692999],[7.120828,50.693154],[7.12097,50.693252],[7.121079,50.693285],[7.121192,50.693049],[7.121147,50.693004],[7.12105,50.692999]]]]},"properties":{"landuse_id":20946,"landuse_code":2600,"landuse":"Wald","environment":"forest","area_m2":895882}},{"type":"Feature","geometry":{"type":"Polygon","coordinates":[[[7.041895,50.736079],[7.041878,50.735787],[7.040298,50.735834],[7.040148,50.735813],[7.039839,50.735854],[7.040079,50.736093],[7.040214,50.736039],[7.04042,50.73602],[7.041559,50.736043],[7.041681,50.735979],[7.041737,50.735987],[7.041819,50.736065],[7.041895,50.736079]]]},"properties":{"landuse_id":19990,"landuse_code":2680,"landuse":"sonstige (kl.) Gehölzfläche","environment":"urban_green","area_m2":3347}},{"type":"Feature","geometry":{"type":"MultiPolygon","coordinates":[[[[7.112551,50.765316],[7.113133,50.765902],[7.113263,50.765773],[7.113117,50.765032],[7.113057,50.765083],[7.112636,50.76526],[7.112551,50.765316]]],[[[7.113287,50.76572],[7.113273,50.765658],[7.113274,50.765666],[7.113276,50.765677],[7.113278,50.765687],[7.113281,50.765698],[7.113284,50.765708],[7.113287,50.765719],[7.113287,50.76572]]],[[[7.113242,50.765437],[7.113231,50.765175],[7.113175,50.76492],[7.113156,50.765001],[7.113242,50.765437]]],[[[7.11256,50.764785],[7.112382,50.764745],[7.112377,50.764755],[7.112383,50.764756],[7.11256,50.764785]]],[[[7.112365,50.764781],[7.112274,50.764972],[7.11253,50.765295],[7.113038,50.765054],[7.113088,50.765003],[7.113094,50.764946],[7.113012,50.764889],[7.112365,50.764781]]]]},"properties":{"landuse_id":16834,"landuse_code":2680,"landuse":"sonstige (kl.) Gehölzfläche","environment":"urban_green","area_m2":4442}},{"type":"Feature","geometry":{"type":"MultiPolygon","coordinates":[[[[7.169143,50.726095],[7.169104,50.726132],[7.169018,50.726282],[7.169036,50.726285],[7.16904,50.726282],[7.169143,50.726095]]],[[[7.169671,50.726346],[7.16979,50.726354],[7.169708,50.726344],[7.169671,50.726346]]],[[[7.169926,50.726372],[7.170052,50.726405],[7.169988,50.726381],[7.169926,50.726372]]],[[[7.170625,50.72654],[7.170704,50.726555],[7.17067,50.726541],[7.170625,50.72654]]],[[[7.171431,50.726797],[7.17161,50.726818],[7.171774,50.726799],[7.172901,50.726507],[7.174226,50.726435],[7.17292,50.726478],[7.171843,50.726764],[7.171637,50.726798],[7.171431,50.726797]]],[[[7.16974,50.724006],[7.169772,50.724134],[7.169744,50.724401],[7.169482,50.72539],[7.169337,50.725887],[7.169121,50.726285],[7.169429,50.726318],[7.169728,50.726302],[7.170018,50.726336],[7.170392,50.726489],[7.1707,50.726499],[7.170945,50.726616],[7.171439,50.726757],[7.171626,50.726759],[7.171828,50.726724],[7.172906,50.726436],[7.174202,50.726396],[7.173809,50.725034],[7.173824,50.724854],[7.173869,50.72476],[7.176172,50.72216],[7.176187,50.722016],[7.175889,50.721874],[7.175615,50.721779],[7.17471,50.72165],[7.174226,50.721556],[7.172936,50.721185],[7.172406,50.721059],[7.17213,50.721056],[7.171365,50.721128],[7.170984,50.721253],[7.16988,50.721539],[7.169805,50.7216],[7.169916,50.721944],[7.169914,50.722128],[7.169802,50.722277],[7.169246,50.722793],[7.16919,50.723108],[7.169204,50.723299],[7.169259,50.723447],[7.169429,50.723681],[7.16974,50.724006]],[[7.172318,50.721621],[7.173342,50.721848],[7.173205,50.722093],[7.172182,50.721867],[7.172318,50.721621]],[[7.171701,50.725263],[7.170954,50.7252],[7.171001,50.724994],[7.171755,50.72503],[7.171701,50.725263]]]]},"properties":{"landuse_id":17972,"landuse_code":2600,"landuse":"Wald","environment":"forest","area_m2":209397}},{"type":"Feature","geometry":{"type":"Polygon","coordinates":[[[7.068197,50.747608],[7.067703,50.747767],[7.067679,50.747729],[7.065775,50.74824],[7.065164,50.74838],[7.064685,50.748458],[7.064689,50.748739],[7.065547,50.748514],[7.066672,50.748258],[7.068897,50.747767],[7.069043,50.747758],[7.068256,50.747523],[7.068197,50.747608]]]},"properties":{"landuse_id":8025,"landuse_code":2670,"landuse":"Verkehrsbegleitgrün mit Baumbestand","environment":"urban_green","area_m2":8515}},{"type":"Feature","geometry":{"type":"MultiPolygon","coordinates":[[[[7.163308,50.749231],[7.163359,50.749287],[7.163478,50.749569],[7.16561,50.748934],[7.165525,50.748571],[7.165036,50.748569],[7.165253,50.748036],[7.164815,50.748166],[7.16473,50.748166],[7.164595,50.748122],[7.164615,50.748105],[7.164785,50.748146],[7.165144,50.748035],[7.165863,50.747859],[7.165929,50.747878],[7.165961,50.747837],[7.165525,50.747922],[7.165358,50.747527],[7.165587,50.74758],[7.166022,50.747094],[7.166245,50.74657],[7.166166,50.746189],[7.166044,50.745843],[7.166032,50.745731],[7.166073,50.745599],[7.16596,50.745619],[7.165917,50.74569],[7.165923,50.745859],[7.166104,50.746468],[7.165955,50.746935],[7.165809,50.747102],[7.165555,50.747257],[7.165309,50.747344],[7.164793,50.747469],[7.164628,50.747541],[7.164493,50.747644],[7.164401,50.74779],[7.164393,50.747858],[7.164452,50.748026],[7.164537,50.748075],[7.16449,50.748086],[7.164593,50.748114],[7.164569,50.748139],[7.164443,50.748228],[7.164108,50.74834],[7.163778,50.748624],[7.163674,50.748685],[7.163565,50.748731],[7.163438,50.748743],[7.163233,50.748678],[7.163103,50.748523],[7.163048,50.748308],[7.162941,50.748238],[7.162831,50.748205],[7.163308,50.749231]],[[7.164868,50.748765],[7.164964,50.748766],[7.164971,50.748965],[7.164713,50.748967],[7.164715,50.748763],[7.164868,50.748765]],[[7.164767,50.748252],[7.164945,50.748161],[7.16507,50.748278],[7.164877,50.748355],[7.164767,50.748252]],[[7.164354,50.7487],[7.164058,50.748549],[7.164278,50.748365],[7.164566,50.748516],[7.164354,50.7487]],[[7.163451,50.749057],[7.163809,50.748737],[7.163929,50.748715],[7.164096,50.748808],[7.164185,50.748905],[7.164547,50.749088],[7.16456,50.749118],[7.164544,50.749152],[7.164467,50.749178],[7.163688,50.749286],[7.163488,50.749223],[7.163411,50.749172],[7.163389,50.749137],[7.163451,50.749057]]],[[[7.165615,50.747955],[7.165552,50.747967],[7.165497,50.747979],[7.165615,50.747955]]],[[[7.165835,50.747927],[7.165817,50.747919],[7.165693,50.747941],[7.165835,50.747927]]],[[[7.165886,50.745752],[7.165887,50.745766],[7.165893,50.745687],[7.165886,50.745752]]],[[[7.165893,50.745859],[7.165962,50.746075],[7.165892,50.745844],[7.165893,50.745859]]],[[[7.166035,50.746305],[7.166053,50.746373],[7.16607,50.746442],[7.166074,50.746516],[7.166071,50.746539],[7.166073,50.746531],[7.166075,50.746518],[7.166076,50.746504],[7.166077,50.746491],[7.166077,50.746484],[7.166077,50.746477],[7.166077,50.746471],[7.166077,50.746464],[7.166076,50.746457],[7.166075,50.74645],[7.166074,50.746443],[7.166073,50.746435],[7.166072,50.746428],[7.166069,50.746413],[7.166067,50.746406],[7.166061,50.746384],[7.166033,50.746299],[7.166035,50.746305]]],[[[7.16594,50.746894],[7.16584,50.747046],[7.165961,50.746856],[7.16594,50.746894]]],[[[7.164369,50.747937],[7.164356,50.748051],[7.164422,50.748068],[7.164371,50.747923],[7.164369,50.747937]]]]},"properties":{"landuse_id":19501,"landuse_code":2680,"landuse":"sonstige (kl.) Gehölzfläche","environment":"urban_green","area_m2":19662}},{"type":"Feature","geometry":{"type":"Polygon","coordinates":[[[7.122201,50.677033],[7.122057,50.677159],[7.121885,50.677176],[7.121344,50.677315],[7.120929,50.677375],[7.120795,50.677456],[7.120561,50.677731],[7.120451,50.67822],[7.120374,50.678385],[7.120037,50.678875],[7.119715,50.679454],[7.119367,50.679889],[7.119271,50.680055],[7.119263,50.680211],[7.119169,50.680458],[7.120168,50.680806],[7.122253,50.681487],[7.125958,50.680738],[7.127761,50.680657],[7.129257,50.680062],[7.129653,50.679833],[7.130121,50.679687],[7.129647,50.679549],[7.128155,50.678997],[7.127637,50.678782],[7.12704,50.678617],[7.126236,50.678247],[7.125551,50.678117],[7.124021,50.677346],[7.123414,50.677122],[7.122201,50.677033]],[[7.127727,50.679481],[7.127318,50.679346],[7.127527,50.679067],[7.128086,50.679078],[7.127727,50.679481]]]},"properties":{"landuse_id":19690,"landuse_code":2600,"landuse":"Wald","environment":"forest","area_m2":220419}},{"type":"Feature","geometry":{"type":"Polygon","coordinates":[[[7.136073,50.752867],[7.136079,50.753317],[7.134646,50.753266],[7.134428,50.753401],[7.134334,50.753571],[7.135101,50.754168],[7.135048,50.753843],[7.135069,50.753764],[7.135196,50.75373],[7.13538,50.753732],[7.135448,50.753776],[7.135424,50.754121],[7.136222,50.754114],[7.136381,50.754072],[7.13636,50.753794],[7.136419,50.753735],[7.138003,50.753688],[7.138121,50.753716],[7.138201,50.753777],[7.138146,50.75401],[7.138359,50.754122],[7.139478,50.754423],[7.139517,50.754546],[7.139419,50.754821],[7.139896,50.754925],[7.140187,50.754947],[7.1404,50.754554],[7.140506,50.754266],[7.140161,50.754087],[7.140202,50.753999],[7.140011,50.753895],[7.138866,50.753588],[7.138889,50.753557],[7.139321,50.753659],[7.140048,50.753872],[7.140296,50.754016],[7.140473,50.754176],[7.140544,50.754191],[7.140645,50.75394],[7.140712,50.753635],[7.140769,50.753195],[7.140765,50.752947],[7.139517,50.752631],[7.139055,50.752573],[7.138658,50.752554],[7.137459,50.752615],[7.136199,50.752649],[7.136073,50.752867]],[[7.137098,50.753419],[7.136944,50.753364],[7.136841,50.753286],[7.136795,50.753197],[7.137044,50.753015],[7.137142,50.752907],[7.137267,50.752888],[7.137434,50.752802],[7.137536,50.752829],[7.137785,50.752796],[7.138068,50.752803],[7.138295,50.752719],[7.138965,50.752718],[7.139188,50.752751],[7.140078,50.752978],[7.140406,50.7531],[7.140576,50.753256],[7.140562,50.753491],[7.140422,50.753602],[7.140344,50.75374],[7.140276,50.753793],[7.140169,50.753804],[7.140001,50.753718],[7.139803,50.753689],[7.139559,50.753587],[7.139199,50.753507],[7.139233,50.753437],[7.139069,50.753402],[7.139031,50.753476],[7.138861,50.753504],[7.138358,50.753484],[7.13816,50.75345],[7.137707,50.753418],[7.137098,50.753419]]]},"properties":{"landuse_id":19825,"landuse_code":2680,"landuse":"sonstige (kl.) Gehölzfläche","environment":"urban_green","area_m2":43135}},{"type":"Feature","geometry":{"type":"MultiPolygon","coordinates":[[[[7.131356,50.704046],[7.131275,50.703994],[7.131166,50.703976],[7.130802,50.70385],[7.130107,50.703343],[7.129656,50.703696],[7.129642,50.703739],[7.130229,50.704041],[7.131369,50.704231],[7.131423,50.704197],[7.131319,50.704132],[7.131341,50.704097],[7.131312,50.704074],[7.131356,50.704046]]],[[[7.131215,50.703958],[7.131128,50.703919],[7.131192,50.703826],[7.131263,50.703788],[7.131022,50.703642],[7.13127,50.703475],[7.130486,50.703004],[7.130341,50.703104],[7.130124,50.703331],[7.130364,50.703487],[7.130792,50.703826],[7.131238,50.703972],[7.131215,50.703958]],[[7.130401,50.70323],[7.130651,50.70328],[7.130724,50.70335],[7.130748,50.703427],[7.130615,50.703414],[7.130554,50.703383],[7.130464,50.703321],[7.130401,50.70323]]]]},"properties":{"landuse_id":19694,"landuse_code":2680,"landuse":"sonstige (kl.) Gehölzfläche","environment":"urban_green","area_m2":8727}},{"type":"Feature","geometry":{"type":"Polygon","coordinates":[[[7.140104,50.768938],[7.14004,50.768982],[7.140036,50.768956],[7.140088,50.768924],[7.140045,50.768887],[7.139976,50.768616],[7.139759,50.768663],[7.139617,50.769206],[7.139876,50.769095],[7.140104,50.768938]]]},"properties":{"landuse_id":6889,"landuse_code":2680,"landuse":"sonstige (kl.) Gehölzfläche","environment":"urban_green","area_m2":1187}},{"type":"Feature","geometry":{"type":"Polygon","coordinates":[[[7.139555,50.768005],[7.139522,50.768184],[7.139557,50.768226],[7.139875,50.768077],[7.139741,50.767947],[7.139549,50.767879],[7.139371,50.767781],[7.139547,50.76794],[7.139555,50.768005]]]},"properties":{"landuse_id":2694,"landuse_code":2680,"landuse":"sonstige (kl.) Gehölzfläche","environment":"urban_green","area_m2":560}},{"type":"Feature","geometry":{"type":"Polygon","coordinates":[[[7.138292,50.76646],[7.13861,50.76675],[7.138258,50.76692],[7.138698,50.767191],[7.139121,50.767015],[7.138697,50.766652],[7.138355,50.766421],[7.138292,50.76646]]]},"properties":{"landuse_id":6870,"landuse_code":2680,"landuse":"sonstige (kl.) Gehölzfläche","environment":"urban_green","area_m2":2077}},{"type":"Feature","geometry":{"type":"Polygon","coordinates":[[[7.183208,50.667637],[7.182576,50.66826],[7.182312,50.668461],[7.182357,50.668474],[7.182919,50.668066],[7.183085,50.668105],[7.182867,50.668426],[7.182779,50.668438],[7.182658,50.668409],[7.182682,50.668284],[7.182393,50.668491],[7.182664,50.66859],[7.182803,50.668604],[7.182923,50.668544],[7.183681,50.667379],[7.184555,50.666233],[7.184534,50.666226],[7.184022,50.666807],[7.183208,50.667637]]]},"properties":{"landuse_id":8063,"landuse_code":2670,"landuse":"Verkehrsbegleitgrün mit Baumbestand","environment":"urban_green","area_m2":4133}},{"type":"Feature","geometry":{"type":"Polygon","coordinates":[[[7.0489,50.731068],[7.04897,50.73129],[7.048983,50.731639],[7.048727,50.732624],[7.048701,50.732976],[7.048591,50.733229],[7.048627,50.733536],[7.048682,50.733542],[7.048752,50.733534],[7.048698,50.733479],[7.048751,50.733251],[7.0489,50.732968],[7.04896,50.732676],[7.049115,50.732337],[7.049178,50.731884],[7.049208,50.731335],[7.049172,50.730973],[7.0489,50.731068]]]},"properties":{"landuse_id":3544,"landuse_code":2680,"landuse":"sonstige (kl.) Gehölzfläche","environment":"urban_green","area_m2":4495}},{"type":"Feature","geometry":{"type":"Polygon","coordinates":[[[7.150655,50.742024],[7.151102,50.74148],[7.150586,50.741724],[7.150518,50.741864],[7.150655,50.742024]]]},"properties":{"landuse_id":3276,"landuse_code":2670,"landuse":"Verkehrsbegleitgrün mit Baumbestand","environment":"urban_green","area_m2":801}},{"type":"Feature","geometry":{"type":"Polygon","coordinates":[[[7.072715,50.699592],[7.072636,50.699668],[7.072497,50.699969],[7.072398,50.700101],[7.072385,50.700286],[7.07226,50.700432],[7.072255,50.700656],[7.072509,50.70072],[7.072631,50.700543],[7.072595,50.70042],[7.072626,50.700346],[7.072708,50.700278],[7.072756,50.700178],[7.072891,50.700027],[7.07304,50.699953],[7.073006,50.699847],[7.072885,50.699678],[7.072808,50.699664],[7.072737,50.69976],[7.07264,50.699798],[7.072757,50.69965],[7.072762,50.699615],[7.072715,50.699592]]]},"properties":{"landuse_id":2324,"landuse_code":2600,"landuse":"Wald","environment":"forest","area_m2":3012}},{"type":"Feature","geometry":{"type":"Polygon","coordinates":[[[7.062409,50.697413],[7.062404,50.697456],[7.062278,50.697475],[7.061965,50.697732],[7.061978,50.697792],[7.062483,50.697777],[7.062529,50.697728],[7.062523,50.697429],[7.062409,50.697413]]]},"properties":{"landuse_id":4882,"landuse_code":2680,"landuse":"sonstige (kl.) Gehölzfläche","environment":"urban_green","area_m2":1101}},{"type":"Feature","geometry":{"type":"MultiPolygon","coordinates":[[[[7.163338,50.722447],[7.163229,50.722448],[7.163095,50.722488],[7.16283,50.722668],[7.162641,50.72274],[7.162304,50.722777],[7.161345,50.722936],[7.161241,50.722936],[7.161189,50.722913],[7.161129,50.722936],[7.16115,50.723047],[7.163458,50.722767],[7.163977,50.72267],[7.164394,50.722556],[7.164866,50.722363],[7.165212,50.722153],[7.165561,50.721866],[7.165878,50.721534],[7.165704,50.721471],[7.165326,50.721383],[7.165117,50.721388],[7.164697,50.721604],[7.164439,50.722088],[7.163936,50.722487],[7.163834,50.722523],[7.163711,50.722529],[7.163338,50.722447]]],[[[7.165593,50.72195],[7.165696,50.721878],[7.165768,50.721783],[7.165593,50.72195]]],[[[7.16801,50.719053],[7.16773,50.718895],[7.167507,50.719228],[7.166994,50.719115],[7.167199,50.718754],[7.167637,50.71884],[7.167389,50.718692],[7.16733,50.718727],[7.166948,50.71852],[7.167229,50.718341],[7.167193,50.718181],[7.167132,50.718132],[7.16674,50.717947],[7.166562,50.718172],[7.166133,50.718464],[7.166209,50.718526],[7.165916,50.71864],[7.166015,50.718724],[7.165622,50.718982],[7.165777,50.719072],[7.165197,50.719441],[7.165219,50.719456],[7.165161,50.719517],[7.16529,50.719714],[7.165247,50.719917],[7.165785,50.72022],[7.166168,50.719852],[7.166288,50.719773],[7.166613,50.719648],[7.167672,50.719409],[7.16802,50.719076],[7.16801,50.719053]]],[[[7.16522,50.719885],[7.165169,50.719928],[7.165035,50.719859],[7.164603,50.720318],[7.164565,50.720315],[7.164493,50.720439],[7.163952,50.720149],[7.163866,50.720216],[7.163347,50.720465],[7.163043,50.720644],[7.162911,50.720792],[7.162853,50.720925],[7.162616,50.72121],[7.16281,50.721323],[7.162907,50.721238],[7.162988,50.721299],[7.162984,50.721473],[7.163099,50.721599],[7.163067,50.721671],[7.162687,50.722018],[7.163057,50.722231],[7.163136,50.722151],[7.163413,50.722273],[7.16336,50.722425],[7.163689,50.722496],[7.163845,50.722489],[7.163944,50.722439],[7.164333,50.722137],[7.164459,50.721988],[7.164698,50.721519],[7.165462,50.720577],[7.165445,50.720536],[7.165259,50.720499],[7.165286,50.720476],[7.165435,50.720503],[7.165395,50.720406],[7.165515,50.72035],[7.165539,50.720379],[7.165439,50.720429],[7.165489,50.720512],[7.165528,50.720496],[7.165765,50.720251],[7.165214,50.719941],[7.16522,50.719885]],[[7.164974,50.720352],[7.165206,50.720149],[7.165382,50.720232],[7.165159,50.720426],[7.164974,50.720352]],[[7.163134,50.72117],[7.16308,50.721119],[7.163085,50.721022],[7.163154,50.720961],[7.163259,50.720934],[7.163289,50.720902],[7.163276,50.720857],[7.163124,50.720789],[7.16314,50.720698],[7.163352,50.720537],[7.163639,50.72048],[7.163762,50.720495],[7.163757,50.720604],[7.163641,50.720654],[7.163538,50.720738],[7.163436,50.720925],[7.163355,50.721],[7.163306,50.721121],[7.163237,50.721166],[7.163134,50.72117]]],[[[7.165807,50.720274],[7.164926,50.721277],[7.16476,50.721508],[7.165089,50.721355],[7.16523,50.721334],[7.165385,50.721355],[7.165902,50.721508],[7.167336,50.71997],[7.169259,50.718294],[7.169081,50.718211],[7.168899,50.718257],[7.16811,50.719064],[7.167697,50.719436],[7.167085,50.71955],[7.166464,50.71972],[7.166192,50.719863],[7.165807,50.720274]]]]},"properties":{"landuse_id":19538,"landuse_code":2600,"landuse":"Wald","environment":"forest","area_m2":85142}},{"type":"Feature","geometry":{"type":"MultiPolygon","coordinates":[[[[7.07373,50.63661],[7.072573,50.636126],[7.071661,50.635821],[7.068519,50.634666],[7.068822,50.634777],[7.068523,50.634705],[7.0685,50.634743],[7.068965,50.63719],[7.069775,50.637088],[7.07038,50.637047],[7.070593,50.637051],[7.070875,50.637121],[7.071485,50.637042],[7.072039,50.637097],[7.072783,50.636968],[7.073295,50.636923],[7.073559,50.636927],[7.074054,50.636986],[7.074314,50.637066],[7.074426,50.637123],[7.074833,50.637506],[7.074927,50.637648],[7.074982,50.637978],[7.075074,50.638191],[7.075,50.638731],[7.074894,50.638936],[7.074587,50.639362],[7.074665,50.640177],[7.074714,50.64017],[7.074783,50.640564],[7.075179,50.641453],[7.075195,50.641479],[7.075552,50.641635],[7.075186,50.641182],[7.074951,50.64068],[7.074708,50.639534],[7.075365,50.638281],[7.075201,50.637222],[7.07373,50.63661]]],[[[7.074672,50.6402],[7.074728,50.640383],[7.074728,50.64038],[7.074696,50.640233],[7.074684,50.640198],[7.074672,50.6402]]],[[[7.074958,50.641052],[7.075023,50.641203],[7.075024,50.641203],[7.074996,50.641105],[7.074958,50.641052]]]]},"properties":{"landuse_id":12595,"landuse_code":2600,"landuse":"Wald","environment":"forest","area_m2":64757}},{"type":"Feature","geometry":{"type":"Polygon","coordinates":[[[7.16316,50.725249],[7.162855,50.725497],[7.162762,50.725606],[7.162705,50.725721],[7.162705,50.725834],[7.16277,50.725957],[7.162925,50.726064],[7.163092,50.726119],[7.163343,50.726128],[7.163536,50.726084],[7.163694,50.726],[7.163794,50.725873],[7.163804,50.725712],[7.163734,50.725591],[7.1636,50.725474],[7.163398,50.725353],[7.163173,50.725238],[7.16316,50.725249]]]},"properties":{"landuse_id":8230,"landuse_code":2670,"landuse":"Verkehrsbegleitgrün mit Baumbestand","environment":"urban_green","area_m2":5474}},{"type":"Feature","geometry":{"type":"Polygon","coordinates":[[[7.128204,50.68727],[7.127851,50.687322],[7.128142,50.687517],[7.128451,50.687806],[7.128683,50.688254],[7.1288,50.6884],[7.128917,50.6885],[7.12905,50.68851],[7.128856,50.688302],[7.128833,50.688152],[7.128777,50.688139],[7.12867,50.688027],[7.128719,50.68802],[7.128724,50.687992],[7.128634,50.68794],[7.12866,50.687859],[7.128607,50.687723],[7.128364,50.687507],[7.128328,50.68736],[7.128204,50.68727]]]},"properties":{"landuse_id":8238,"landuse_code":2600,"landuse":"Wald","environment":"forest","area_m2":1912}},{"type":"Feature","geometry":{"type":"Polygon","coordinates":[[[7.127851,50.687322],[7.128204,50.68727],[7.128005,50.687037],[7.12772,50.686906],[7.127573,50.686791],[7.127411,50.68673],[7.127311,50.686706],[7.127173,50.686718],[7.127035,50.686698],[7.126734,50.686589],[7.126621,50.686581],[7.126614,50.686682],[7.126694,50.686771],[7.126724,50.68677],[7.126675,50.686721],[7.126738,50.68675],[7.127019,50.686785],[7.127486,50.687045],[7.127851,50.687322]]]},"properties":{"landuse_id":20917,"landuse_code":2600,"landuse":"Wald","environment":"forest","area_m2":2641}},{"type":"Feature","geometry":{"type":"MultiPolygon","coordinates":[[[[7.092839,50.713542],[7.093063,50.713519],[7.092685,50.712523],[7.092717,50.712164],[7.092604,50.711688],[7.092568,50.711693],[7.092508,50.711505],[7.092416,50.711074],[7.09242,50.710799],[7.092479,50.710526],[7.092829,50.709998],[7.093004,50.709826],[7.093228,50.709658],[7.093925,50.709217],[7.094284,50.708818],[7.094485,50.708492],[7.091709,50.708419],[7.091496,50.709693],[7.091783,50.710668],[7.091854,50.710766],[7.092009,50.710887],[7.092372,50.711523],[7.092384,50.711726],[7.092553,50.712066],[7.092566,50.712197],[7.092538,50.712285],[7.092488,50.712295],[7.092503,50.71206],[7.092457,50.711989],[7.092503,50.712644],[7.092839,50.713542]]],[[[7.091944,50.710879],[7.092022,50.710975],[7.091976,50.710904],[7.091944,50.710879]]]]},"properties":{"landuse_id":8420,"landuse_code":2600,"landuse":"Wald","environment":"forest","area_m2":37030}},{"type":"Feature","geometry":{"type":"Polygon","coordinates":[[[7.152973,50.720021],[7.152517,50.719983],[7.15214,50.720176],[7.152973,50.720021]]]},"properties":{"landuse_id":8472,"landuse_code":2680,"landuse":"sonstige (kl.) Gehölzfläche","environment":"urban_green","area_m2":418}},{"type":"Feature","geometry":{"type":"Polygon","coordinates":[[[7.035122,50.698023],[7.034919,50.6985],[7.035212,50.698413],[7.035323,50.698326],[7.035321,50.698218],[7.035247,50.698148],[7.035129,50.698091],[7.035122,50.698023]]]},"properties":{"landuse_id":5251,"landuse_code":2600,"landuse":"Wald","environment":"forest","area_m2":733}},{"type":"Feature","geometry":{"type":"MultiPolygon","coordinates":[[[[7.042013,50.646547],[7.041986,50.646561],[7.041962,50.646576],[7.041889,50.646613],[7.04169,50.646713],[7.041668,50.646724],[7.041669,50.646724],[7.041689,50.646713],[7.041889,50.646613],[7.041921,50.646597],[7.041961,50.646576],[7.041986,50.646561],[7.042013,50.646547]]],[[[7.049435,50.656041],[7.049485,50.656096],[7.049482,50.65609],[7.049477,50.656084],[7.049472,50.656079],[7.049435,50.656041]]]]},"properties":{"landuse_id":3017,"landuse_code":2670,"landuse":"Verkehrsbegleitgrün mit Baumbestand","environment":"urban_green","area_m2":1}},{"type":"Feature","geometry":{"type":"Polygon","coordinates":[[[7.167329,50.737513],[7.167464,50.737606],[7.168732,50.737819],[7.169236,50.737865],[7.169432,50.737929],[7.169498,50.738105],[7.16953,50.739374],[7.169678,50.739721],[7.169808,50.739933],[7.170044,50.740113],[7.170315,50.740219],[7.170855,50.740372],[7.171071,50.740416],[7.171362,50.74044],[7.171689,50.7404],[7.172795,50.740081],[7.172677,50.738905],[7.172649,50.737964],[7.172411,50.737538],[7.172463,50.736907],[7.172664,50.736477],[7.172461,50.734712],[7.172046,50.734338],[7.171929,50.734392],[7.171698,50.734189],[7.171823,50.734137],[7.171773,50.734093],[7.171263,50.734213],[7.170777,50.73438],[7.170367,50.734597],[7.170043,50.73487],[7.16889,50.736155],[7.168608,50.736506],[7.168541,50.736514],[7.168122,50.736979],[7.167705,50.737318],[7.167329,50.737513]],[[7.172328,50.734736],[7.172145,50.734852],[7.172035,50.734887],[7.171656,50.734666],[7.171629,50.734626],[7.171902,50.734459],[7.171954,50.734455],[7.172319,50.734706],[7.172328,50.734736]]]},"properties":{"landuse_id":12861,"landuse_code":2600,"landuse":"Wald","environment":"forest","area_m2":156241}},{"type":"Feature","geometry":{"type":"Polygon","coordinates":[[[7.164915,50.656963],[7.16519,50.657057],[7.16535,50.656984],[7.165461,50.657048],[7.165793,50.656754],[7.165851,50.656752],[7.164976,50.656498],[7.164852,50.656433],[7.164682,50.656286],[7.164511,50.655885],[7.164413,50.655926],[7.164126,50.655768],[7.16398,50.655728],[7.16371,50.655867],[7.163811,50.65594],[7.164015,50.655991],[7.164202,50.656229],[7.164239,50.656352],[7.164425,50.656508],[7.164438,50.656621],[7.164507,50.656745],[7.164915,50.656963]]]},"properties":{"landuse_id":20410,"landuse_code":2680,"landuse":"sonstige (kl.) Gehölzfläche","environment":"urban_green","area_m2":6782}},{"type":"Feature","geometry":{"type":"Polygon","coordinates":[[[7.146351,50.711606],[7.146606,50.711761],[7.146865,50.712008],[7.147014,50.711818],[7.147149,50.711778],[7.147675,50.711803],[7.148095,50.711792],[7.148774,50.711665],[7.148571,50.711486],[7.148299,50.711524],[7.14809,50.711456],[7.148015,50.711399],[7.147977,50.711338],[7.147946,50.711082],[7.14744,50.710561],[7.14733,50.710295],[7.147217,50.710187],[7.147757,50.709942],[7.147782,50.709822],[7.148003,50.709669],[7.148088,50.709405],[7.148257,50.709306],[7.148506,50.709292],[7.148635,50.709322],[7.148777,50.709398],[7.148809,50.709452],[7.148919,50.709482],[7.149145,50.709472],[7.149329,50.70954],[7.149583,50.709676],[7.14973,50.709721],[7.150147,50.709799],[7.150482,50.709815],[7.150611,50.70984],[7.150734,50.709905],[7.150841,50.710043],[7.151177,50.710319],[7.151216,50.710388],[7.151188,50.71052],[7.151051,50.710618],[7.150724,50.71073],[7.150605,50.710843],[7.150521,50.710879],[7.150073,50.710922],[7.150236,50.710994],[7.150652,50.711022],[7.151109,50.710755],[7.151544,50.710434],[7.151587,50.710108],[7.151523,50.709876],[7.151386,50.709736],[7.151209,50.709623],[7.150794,50.709482],[7.150689,50.709398],[7.150613,50.709283],[7.150562,50.709375],[7.150412,50.709482],[7.150252,50.709531],[7.150037,50.709529],[7.149851,50.709479],[7.149514,50.709299],[7.149145,50.709147],[7.148516,50.708994],[7.148389,50.708945],[7.148274,50.708923],[7.148009,50.708921],[7.147651,50.708966],[7.147359,50.7091],[7.147183,50.70925],[7.147035,50.709477],[7.14699,50.709649],[7.146603,50.709595],[7.146188,50.709643],[7.145395,50.709842],[7.145305,50.710095],[7.14536,50.710468],[7.145468,50.710736],[7.145689,50.710978],[7.145905,50.711292],[7.146033,50.711411],[7.146351,50.711606]]]},"properties":{"landuse_id":4027,"landuse_code":2645,"landuse":"Grün-/ Parkfläche mit Baumbestand","environment":"urban_green","area_m2":54039}},{"type":"Feature","geometry":{"type":"Polygon","coordinates":[[[7.069145,50.702928],[7.06844,50.702936],[7.068438,50.703119],[7.069066,50.703129],[7.069145,50.702928]]]},"properties":{"landuse_id":5962,"landuse_code":2680,"landuse":"sonstige (kl.) Gehölzfläche","environment":"urban_green","area_m2":1002}},{"type":"Feature","geometry":{"type":"Polygon","coordinates":[[[7.064799,50.719274],[7.064659,50.719244],[7.064704,50.719261],[7.064747,50.719272],[7.064799,50.719274]]]},"properties":{"landuse_id":9601,"landuse_code":2670,"landuse":"Verkehrsbegleitgrün mit Baumbestand","environment":"urban_green","area_m2":6}},{"type":"Feature","geometry":{"type":"Polygon","coordinates":[[[7.136119,50.716516],[7.136357,50.716315],[7.136433,50.716139],[7.13655,50.715989],[7.136793,50.715804],[7.136735,50.715622],[7.136165,50.715717],[7.135697,50.715915],[7.135591,50.716008],[7.13559,50.716134],[7.135691,50.716273],[7.135958,50.716452],[7.136119,50.716516]]]},"properties":{"landuse_id":3326,"landuse_code":2645,"landuse":"Grün-/ Parkfläche mit Baumbestand","environment":"urban_green","area_m2":4693}},{"type":"Feature","geometry":{"type":"MultiPolygon","coordinates":[[[[7.155339,50.670266],[7.154882,50.670566],[7.154601,50.670696],[7.154744,50.670882],[7.154897,50.670962],[7.155033,50.670985],[7.155809,50.671005],[7.155811,50.670913],[7.155954,50.670918],[7.155975,50.670765],[7.156122,50.670678],[7.156015,50.670587],[7.156155,50.67048],[7.155637,50.670145],[7.155637,50.670085],[7.155354,50.669928],[7.155071,50.670117],[7.155339,50.670266]]],[[[7.156086,50.670552],[7.156051,50.670577],[7.15605,50.67058],[7.156086,50.670552]]]]},"properties":{"landuse_id":14774,"landuse_code":2680,"landuse":"sonstige (kl.) Gehölzfläche","environment":"urban_green","area_m2":7365}},{"type":"Feature","geometry":{"type":"MultiPolygon","coordinates":[[[[7.106662,50.691015],[7.106411,50.690944],[7.106102,50.690799],[7.106056,50.690746],[7.106047,50.690687],[7.106118,50.690516],[7.10607,50.690216],[7.105939,50.68994],[7.105822,50.689773],[7.105727,50.689575],[7.105643,50.689276],[7.10551,50.689053],[7.105364,50.689086],[7.105151,50.689277],[7.104923,50.689403],[7.105102,50.689385],[7.105269,50.690127],[7.105153,50.69017],[7.104623,50.690206],[7.104295,50.690155],[7.104108,50.690174],[7.103988,50.690241],[7.103606,50.690545],[7.102829,50.690966],[7.103325,50.691505],[7.103648,50.691624],[7.103698,50.6917],[7.103887,50.69184],[7.10407,50.69209],[7.104219,50.692194],[7.104239,50.692214],[7.104208,50.692216],[7.104474,50.692507],[7.104701,50.692671],[7.104817,50.692801],[7.104895,50.692898],[7.105029,50.693209],[7.105675,50.693152],[7.106041,50.693077],[7.106018,50.693015],[7.105832,50.692816],[7.105929,50.692489],[7.106136,50.692011],[7.106102,50.691838],[7.106293,50.69164],[7.106327,50.691545],[7.106745,50.691043],[7.106662,50.691015]]],[[[7.105901,50.69279],[7.105892,50.69281],[7.1059,50.69282],[7.105901,50.69279]]],[[[7.106173,50.691833],[7.106161,50.691845],[7.106164,50.691865],[7.106173,50.691833]]]]},"properties":{"landuse_id":1548,"landuse_code":2600,"landuse":"Wald","environment":"forest","area_m2":58601}},{"type":"Feature","geometry":{"type":"Polygon","coordinates":[[[7.071544,50.70056],[7.071713,50.700567],[7.071726,50.700517],[7.071668,50.70043],[7.07158,50.700365],[7.071467,50.700345],[7.071448,50.700366],[7.071544,50.70056]]]},"properties":{"landuse_id":22771,"landuse_code":2680,"landuse":"sonstige (kl.) Gehölzfläche","environment":"urban_green","area_m2":296}},{"type":"Feature","geometry":{"type":"Polygon","coordinates":[[[7.071657,50.700559],[7.071544,50.70056],[7.07157,50.700689],[7.071602,50.700698],[7.071675,50.700695],[7.071713,50.700567],[7.071657,50.700559]]]},"properties":{"landuse_id":22772,"landuse_code":2680,"landuse":"sonstige (kl.) Gehölzfläche","environment":"urban_green","area_m2":146}},{"type":"Feature","geometry":{"type":"MultiPolygon","coordinates":[[[[7.039414,50.677202],[7.038804,50.67734],[7.038046,50.677448],[7.037381,50.677507],[7.037408,50.677531],[7.037972,50.677483],[7.038662,50.677389],[7.039326,50.67725],[7.039414,50.677202]]],[[[7.038428,50.677451],[7.03847,50.677446],[7.038629,50.677421],[7.03863,50.677421],[7.038511,50.677438],[7.038428,50.677451]]]]},"properties":{"landuse_id":13141,"landuse_code":2600,"landuse":"Wald","environment":"forest","area_m2":430}},{"type":"Feature","geometry":{"type":"Polygon","coordinates":[[[7.042706,50.711343],[7.042743,50.711155],[7.042974,50.71115],[7.043027,50.711059],[7.043086,50.710751],[7.043402,50.710149],[7.043472,50.709778],[7.043358,50.709777],[7.043286,50.710111],[7.043069,50.710568],[7.043018,50.710785],[7.042665,50.711183],[7.042628,50.711178],[7.042409,50.711379],[7.042443,50.71142],[7.042415,50.711435],[7.042568,50.711556],[7.042542,50.711571],[7.043044,50.71192],[7.043087,50.711893],[7.04294,50.71179],[7.042926,50.711501],[7.042706,50.711343]]]},"properties":{"landuse_id":19593,"landuse_code":2670,"landuse":"Verkehrsbegleitgrün mit Baumbestand","environment":"urban_green","area_m2":2844}},{"type":"Feature","geometry":{"type":"Polygon","coordinates":[[[7.112418,50.699217],[7.112954,50.698744],[7.112245,50.6985],[7.112173,50.698215],[7.111766,50.697683],[7.112186,50.697538],[7.111991,50.697245],[7.111893,50.697188],[7.11133,50.697036],[7.110832,50.696985],[7.110288,50.697015],[7.109599,50.697128],[7.109438,50.697103],[7.109232,50.696581],[7.109149,50.696525],[7.109214,50.696746],[7.109204,50.696811],[7.109254,50.696908],[7.109251,50.697292],[7.10933,50.697536],[7.109495,50.69774],[7.109865,50.697969],[7.110059,50.697981],[7.110491,50.698139],[7.110836,50.698406],[7.110948,50.698598],[7.111125,50.699042],[7.111326,50.698917],[7.111721,50.699067],[7.111941,50.698934],[7.112418,50.699217]]]},"properties":{"landuse_id":1518,"landuse_code":2600,"landuse":"Wald","environment":"forest","area_m2":32513}},{"type":"Feature","geometry":{"type":"Polygon","coordinates":[[[7.043391,50.658601],[7.040337,50.655672],[7.032463,50.658733],[7.032426,50.658823],[7.033074,50.661472],[7.033172,50.661747],[7.034047,50.661422],[7.036638,50.661371],[7.036804,50.661342],[7.043399,50.658621],[7.043391,50.658601]],[[7.04082,50.659369],[7.040741,50.659307],[7.040789,50.659244],[7.041386,50.659106],[7.041482,50.659109],[7.041506,50.659247],[7.041458,50.659349],[7.041159,50.659513],[7.040899,50.659476],[7.04082,50.659369]]]},"properties":{"landuse_id":13253,"landuse_code":2600,"landuse":"Wald","environment":"forest","area_m2":283202}},{"type":"Feature","geometry":{"type":"Polygon","coordinates":[[[7.107561,50.696327],[7.107785,50.696439],[7.107966,50.696497],[7.10852,50.696633],[7.108588,50.696218],[7.108607,50.695829],[7.108195,50.695925],[7.107491,50.696178],[7.107538,50.6962],[7.107452,50.696233],[7.10738,50.696198],[7.107305,50.696212],[7.107561,50.696327]]]},"properties":{"landuse_id":7714,"landuse_code":2600,"landuse":"Wald","environment":"forest","area_m2":4385}},{"type":"Feature","geometry":{"type":"Polygon","coordinates":[[[7.043358,50.709777],[7.043472,50.709778],[7.043494,50.709497],[7.043471,50.709113],[7.043521,50.708465],[7.043489,50.708453],[7.04344,50.708494],[7.043394,50.708763],[7.043358,50.709777]]]},"properties":{"landuse_id":20445,"landuse_code":2670,"landuse":"Verkehrsbegleitgrün mit Baumbestand","environment":"urban_green","area_m2":1097}},{"type":"Feature","geometry":{"type":"Polygon","coordinates":[[[7.075744,50.740633],[7.076749,50.740892],[7.077695,50.740992],[7.078244,50.7411],[7.078215,50.740933],[7.077144,50.74078],[7.07651,50.740712],[7.076126,50.74062],[7.076223,50.740599],[7.075914,50.740503],[7.075744,50.740633]]]},"properties":{"landuse_id":15330,"landuse_code":2680,"landuse":"sonstige (kl.) Gehölzfläche","environment":"urban_green","area_m2":2751}},{"type":"Feature","geometry":{"type":"MultiPolygon","coordinates":[[[[7.083065,50.726424],[7.083012,50.726365],[7.08301,50.726291],[7.083355,50.72583],[7.083584,50.725458],[7.08385,50.725121],[7.084289,50.724814],[7.08425,50.724772],[7.083868,50.725025],[7.083645,50.725255],[7.083018,50.726212],[7.082062,50.727421],[7.082149,50.727405],[7.082236,50.727427],[7.083065,50.726424]]],[[[7.084284,50.724754],[7.084924,50.724499],[7.086371,50.724093],[7.084947,50.724491],[7.084284,50.724754]]]]},"properties":{"landuse_id":2431,"landuse_code":2670,"landuse":"Verkehrsbegleitgrün mit Baumbestand","environment":"urban_green","area_m2":2695}},{"type":"Feature","geometry":{"type":"MultiPolygon","coordinates":[[[[7.043823,50.708428],[7.043574,50.708375],[7.04356,50.708302],[7.043592,50.708222],[7.043722,50.708007],[7.043861,50.70781],[7.044297,50.707351],[7.04477,50.70702],[7.044536,50.707159],[7.044539,50.70713],[7.044036,50.707555],[7.043996,50.707551],[7.043717,50.707891],[7.043513,50.708271],[7.043567,50.708374],[7.043823,50.708428]]],[[[7.044771,50.70702],[7.044954,50.706944],[7.045124,50.706996],[7.045142,50.706973],[7.04503,50.706929],[7.0449,50.706917],[7.044771,50.70702]]]]},"properties":{"landuse_id":567,"landuse_code":2670,"landuse":"Verkehrsbegleitgrün mit Baumbestand","environment":"urban_green","area_m2":741}},{"type":"Feature","geometry":{"type":"MultiPolygon","coordinates":[[[[7.046465,50.706989],[7.046539,50.706963],[7.046515,50.706844],[7.046395,50.706852],[7.046465,50.706989]]],[[[7.045428,50.707049],[7.045425,50.707033],[7.04531,50.706946],[7.045233,50.706893],[7.045207,50.706872],[7.045193,50.706879],[7.045265,50.706932],[7.045301,50.706959],[7.045306,50.706963],[7.04542,50.70705],[7.045428,50.707049]]],[[[7.045465,50.706712],[7.045475,50.706707],[7.04547,50.706703],[7.045465,50.706712]]]]},"properties":{"landuse_id":20447,"landuse_code":2670,"landuse":"Verkehrsbegleitgrün mit Baumbestand","environment":"urban_green","area_m2":137}},{"type":"Feature","geometry":{"type":"MultiPolygon","coordinates":[[[[7.154526,50.728444],[7.153928,50.728149],[7.153713,50.728507],[7.154184,50.728816],[7.153757,50.728534],[7.15382,50.728416],[7.154548,50.728471],[7.154526,50.728444]]],[[[7.154218,50.728784],[7.154386,50.728624],[7.154542,50.728547],[7.154554,50.728499],[7.15443,50.728473],[7.153851,50.728433],[7.153793,50.728534],[7.154218,50.728784]]],[[[7.154587,50.728518],[7.154576,50.728505],[7.154575,50.728513],[7.154587,50.728518]]]]},"properties":{"landuse_id":10014,"landuse_code":2600,"landuse":"Wald","environment":"forest","area_m2":2089}},{"type":"Feature","geometry":{"type":"MultiPolygon","coordinates":[[[[7.076041,50.655637],[7.07618,50.655662],[7.076274,50.655674],[7.076041,50.655637]]],[[[7.063657,50.654282],[7.063382,50.654373],[7.063272,50.654239],[7.062875,50.654359],[7.062849,50.654453],[7.064094,50.65855],[7.076283,50.658337],[7.078687,50.659513],[7.079985,50.656352],[7.079937,50.656282],[7.06435,50.653786],[7.064208,50.653792],[7.064078,50.653833],[7.063741,50.654062],[7.063554,50.654147],[7.063657,50.654282]],[[7.066793,50.657623],[7.067099,50.657592],[7.067689,50.657606],[7.067791,50.657654],[7.067798,50.657723],[7.067176,50.657988],[7.066793,50.657623]],[[7.069299,50.65723],[7.06965,50.657657],[7.069034,50.657891],[7.068553,50.658028],[7.068272,50.657634],[7.069299,50.65723]],[[7.076214,50.655749],[7.076417,50.65581],[7.076368,50.655873],[7.07625,50.655876],[7.076095,50.655817],[7.076135,50.655751],[7.076214,50.655749]],[[7.069561,50.658064],[7.069611,50.658029],[7.06977,50.658026],[7.069858,50.658096],[7.069855,50.658137],[7.069756,50.658205],[7.069662,50.65821],[7.069559,50.658163],[7.069561,50.658064]],[[7.064966,50.654139],[7.065071,50.654102],[7.065257,50.654257],[7.065411,50.654233],[7.06551,50.654246],[7.065625,50.654361],[7.06564,50.654396],[7.065605,50.654437],[7.065411,50.654555],[7.065385,50.654644],[7.065309,50.654676],[7.065208,50.654561],[7.06485,50.654587],[7.064737,50.65457],[7.064652,50.654522],[7.064553,50.654523],[7.064468,50.65447],[7.064419,50.65447],[7.064416,50.654359],[7.064309,50.654297],[7.064218,50.654293],[7.064093,50.654339],[7.063996,50.654429],[7.063984,50.654501],[7.063879,50.654511],[7.063843,50.654489],[7.063849,50.654444],[7.063954,50.65443],[7.063953,50.654372],[7.063797,50.654306],[7.063705,50.654294],[7.063704,50.654258],[7.063815,50.654194],[7.063907,50.654202],[7.063978,50.654251],[7.064119,50.654281],[7.06421,50.654267],[7.0643,50.654208],[7.064399,50.654207],[7.064447,50.65418],[7.064776,50.654132],[7.064966,50.654139]]]]},"properties":{"landuse_id":22482,"landuse_code":2600,"landuse":"Wald","environment":"forest","area_m2":444120}},{"type":"Feature","geometry":{"type":"Polygon","coordinates":[[[7.189121,50.742977],[7.190755,50.743243],[7.190825,50.743073],[7.189699,50.742814],[7.189672,50.742858],[7.189379,50.742862],[7.189065,50.74276],[7.188978,50.742865],[7.188829,50.743505],[7.188906,50.743517],[7.189121,50.742977]]]},"properties":{"landuse_id":7720,"landuse_code":2645,"landuse":"Grün-/ Parkfläche mit Baumbestand","environment":"urban_green","area_m2":3452}},{"type":"Feature","geometry":{"type":"Polygon","coordinates":[[[7.188221,50.740911],[7.1883,50.740713],[7.187299,50.740463],[7.187194,50.74051],[7.187122,50.740614],[7.188221,50.740911]]]},"properties":{"landuse_id":21004,"landuse_code":2600,"landuse":"Wald","environment":"forest","area_m2":1757}},{"type":"Feature","geometry":{"type":"Polygon","coordinates":[[[7.103176,50.729523],[7.103434,50.729618],[7.103724,50.729266],[7.103739,50.729165],[7.10369,50.729104],[7.10366,50.729136],[7.103623,50.729122],[7.103176,50.729523]]]},"properties":{"landuse_id":9207,"landuse_code":2670,"landuse":"Verkehrsbegleitgrün mit Baumbestand","environment":"urban_green","area_m2":931}},{"type":"Feature","geometry":{"type":"Polygon","coordinates":[[[7.050228,50.742783],[7.049156,50.741755],[7.049056,50.741747],[7.049685,50.742304],[7.049994,50.742671],[7.049944,50.742788],[7.050228,50.742783]]]},"properties":{"landuse_id":802,"landuse_code":2670,"landuse":"Verkehrsbegleitgrün mit Baumbestand","environment":"urban_green","area_m2":656}},{"type":"Feature","geometry":{"type":"Polygon","coordinates":[[[7.050603,50.674899],[7.056057,50.673984],[7.056131,50.673965],[7.056154,50.673929],[7.049235,50.671847],[7.050322,50.6744],[7.050547,50.674879],[7.050603,50.674899]]]},"properties":{"landuse_id":143,"landuse_code":2600,"landuse":"Wald","environment":"forest","area_m2":73591}},{"type":"Feature","geometry":{"type":"MultiPolygon","coordinates":[[[[7.182694,50.728139],[7.182497,50.727975],[7.182176,50.727786],[7.182038,50.727724],[7.181905,50.727714],[7.180878,50.727928],[7.179973,50.728149],[7.178858,50.72833],[7.178172,50.728518],[7.176846,50.728934],[7.176652,50.728957],[7.176331,50.728939],[7.17626,50.728955],[7.175971,50.729121],[7.175321,50.729881],[7.175131,50.730286],[7.17513,50.730411],[7.175182,50.730435],[7.175867,50.730426],[7.177233,50.730565],[7.178182,50.730814],[7.178989,50.730399],[7.17946,50.730055],[7.180221,50.729614],[7.18157,50.729267],[7.182831,50.728846],[7.182908,50.728772],[7.182927,50.728697],[7.182762,50.728227],[7.182694,50.728139]],[[7.175405,50.729993],[7.176006,50.729217],[7.176348,50.729332],[7.175808,50.729889],[7.175744,50.730002],[7.175603,50.730088],[7.175405,50.729993]],[[7.181601,50.728497],[7.18171,50.728551],[7.181709,50.728606],[7.181638,50.728572],[7.181601,50.728497]]],[[[7.178292,50.730814],[7.178303,50.730802],[7.178292,50.730808],[7.178292,50.730814]]]]},"properties":{"landuse_id":17975,"landuse_code":2600,"landuse":"Wald","environment":"forest","area_m2":92502}},{"type":"Feature","geometry":{"type":"Polygon","coordinates":[[[7.155138,50.664722],[7.154991,50.664953],[7.154991,50.664953],[7.155018,50.664915],[7.155045,50.664876],[7.155071,50.664837],[7.155096,50.664797],[7.155119,50.664757],[7.155138,50.664722]]]},"properties":{"landuse_id":17360,"landuse_code":2670,"landuse":"Verkehrsbegleitgrün mit Baumbestand","environment":"urban_green","area_m2":8}},{"type":"Feature","geometry":{"type":"MultiPolygon","coordinates":[[[[7.175437,50.741336],[7.175695,50.741191],[7.176049,50.741183],[7.176574,50.741268],[7.176583,50.741445],[7.177541,50.74145],[7.177523,50.741766],[7.177764,50.741767],[7.177805,50.741739],[7.177796,50.741382],[7.178033,50.74123],[7.178435,50.74142],[7.178693,50.741606],[7.178421,50.741776],[7.178066,50.741891],[7.178321,50.742185],[7.178651,50.742034],[7.179062,50.741897],[7.179277,50.741767],[7.179322,50.74183],[7.179344,50.741822],[7.179301,50.741765],[7.179807,50.741453],[7.180056,50.741421],[7.180163,50.741527],[7.181122,50.741295],[7.181083,50.741178],[7.181664,50.74088],[7.181457,50.740775],[7.181402,50.74072],[7.180908,50.740953],[7.180759,50.740816],[7.181413,50.740519],[7.181372,50.740217],[7.180805,50.740437],[7.180545,50.740108],[7.181287,50.739868],[7.181246,50.739662],[7.180945,50.739291],[7.180546,50.738679],[7.180329,50.738451],[7.180287,50.738304],[7.180336,50.738051],[7.180317,50.73793],[7.180039,50.737455],[7.179676,50.736567],[7.179582,50.736485],[7.179186,50.736359],[7.17915,50.736369],[7.178798,50.736758],[7.177838,50.737233],[7.177838,50.737302],[7.17817,50.737625],[7.17819,50.737763],[7.178164,50.737978],[7.178113,50.738131],[7.17773,50.738641],[7.177541,50.739083],[7.177476,50.739166],[7.173691,50.73989],[7.173461,50.739944],[7.173535,50.74007],[7.17287,50.740229],[7.172936,50.740681],[7.1731,50.740959],[7.173398,50.741242],[7.174036,50.741653],[7.174262,50.741597],[7.174444,50.741603],[7.174635,50.74158],[7.175437,50.741336]]],[[[7.179189,50.741875],[7.179181,50.741876],[7.179164,50.741884],[7.179189,50.741875]]],[[[7.184359,50.738273],[7.184596,50.737945],[7.184649,50.737922],[7.184747,50.737953],[7.184805,50.737931],[7.184966,50.737941],[7.184929,50.737844],[7.184968,50.737808],[7.185169,50.737722],[7.185257,50.737625],[7.185511,50.737525],[7.185574,50.737443],[7.185717,50.737433],[7.186011,50.737341],[7.186021,50.737245],[7.186243,50.737195],[7.186287,50.737158],[7.186404,50.737155],[7.186515,50.737122],[7.186763,50.736983],[7.186882,50.736987],[7.18695,50.736932],[7.186884,50.736919],[7.186689,50.736807],[7.186424,50.736899],[7.186258,50.736793],[7.186225,50.736668],[7.18535,50.73669],[7.183994,50.737306],[7.182784,50.736466],[7.182264,50.736201],[7.182479,50.735565],[7.18238,50.735452],[7.182274,50.735245],[7.182085,50.735039],[7.181845,50.735309],[7.181077,50.735025],[7.181006,50.735116],[7.180938,50.735098],[7.180415,50.735857],[7.179742,50.73565],[7.179603,50.73579],[7.179229,50.73627],[7.179236,50.736294],[7.179272,50.736357],[7.179615,50.736472],[7.179712,50.736557],[7.180017,50.737196],[7.1801,50.737434],[7.180381,50.737941],[7.180397,50.738075],[7.180349,50.738311],[7.180382,50.738424],[7.180579,50.738641],[7.180993,50.739277],[7.181347,50.739729],[7.181467,50.740318],[7.181482,50.740716],[7.181532,50.740774],[7.181845,50.740879],[7.181928,50.740983],[7.183458,50.740457],[7.186492,50.740002],[7.186562,50.739964],[7.186575,50.739721],[7.186625,50.739596],[7.186804,50.739499],[7.186917,50.739492],[7.18701,50.73946],[7.184359,50.738273]],[[7.182961,50.7394],[7.182829,50.739326],[7.18281,50.739275],[7.182983,50.739116],[7.183148,50.738818],[7.183391,50.738663],[7.183604,50.738599],[7.183809,50.73858],[7.183871,50.738639],[7.183867,50.738698],[7.183624,50.738877],[7.183517,50.739065],[7.183504,50.739117],[7.183643,50.739121],[7.183602,50.739499],[7.183566,50.739544],[7.183459,50.739587],[7.182349,50.739819],[7.182649,50.739481],[7.182961,50.7394]],[[7.181653,50.738773],[7.18161,50.738767],[7.181402,50.73863],[7.181388,50.738588],[7.181512,50.738586],[7.181627,50.73862],[7.181692,50.738741],[7.181653,50.738773]],[[7.181995,50.739176],[7.181924,50.739198],[7.181876,50.739164],[7.181921,50.739093],[7.182017,50.739121],[7.181995,50.739176]]],[[[7.187005,50.736869],[7.186993,50.736809],[7.187252,50.736784],[7.187413,50.736724],[7.187462,50.736731],[7.187549,50.736825],[7.187596,50.736828],[7.187664,50.736731],[7.187772,50.736677],[7.187891,50.736661],[7.187941,50.736717],[7.188036,50.736706],[7.188204,50.736633],[7.188334,50.736369],[7.188645,50.735446],[7.188834,50.735004],[7.188704,50.734921],[7.188488,50.735285],[7.188405,50.735564],[7.188046,50.736021],[7.187953,50.736309],[7.187878,50.736374],[7.187705,50.736473],[7.18742,50.736551],[7.186583,50.736564],[7.186478,50.736574],[7.18623,50.736651],[7.186285,50.736784],[7.186431,50.736876],[7.186693,50.736786],[7.186854,50.736878],[7.186975,50.736902],[7.187005,50.736869]]],[[[7.177776,50.738509],[7.17776,50.738541],[7.177833,50.738436],[7.177776,50.738509]]],[[[7.173897,50.741598],[7.173948,50.741621],[7.173754,50.741511],[7.173897,50.741598]]]]},"properties":{"landuse_id":22740,"landuse_code":2600,"landuse":"Wald","environment":"forest","area_m2":356459}},{"type":"Feature","geometry":{"type":"Polygon","coordinates":[[[7.094793,50.681512],[7.094712,50.681436],[7.094552,50.681425],[7.094407,50.681487],[7.094367,50.681601],[7.094467,50.681669],[7.094631,50.681667],[7.094764,50.681595],[7.094793,50.681512]]]},"properties":{"landuse_id":12915,"landuse_code":2680,"landuse":"sonstige (kl.) Gehölzfläche","environment":"urban_green","area_m2":678}},{"type":"Feature","geometry":{"type":"Polygon","coordinates":[[[7.057754,50.634717],[7.057896,50.635058],[7.057941,50.634975],[7.057835,50.634792],[7.057748,50.634704],[7.057862,50.634774],[7.057966,50.634925],[7.05799,50.635002],[7.057934,50.635058],[7.058001,50.635244],[7.057987,50.635276],[7.058127,50.635614],[7.058371,50.635379],[7.058478,50.635146],[7.058517,50.634957],[7.058491,50.634389],[7.058328,50.633519],[7.058187,50.633371],[7.057929,50.633273],[7.057554,50.63327],[7.057163,50.633296],[7.057754,50.634717]]]},"properties":{"landuse_id":3506,"landuse_code":2670,"landuse":"Verkehrsbegleitgrün mit Baumbestand","environment":"urban_green","area_m2":13878}},{"type":"Feature","geometry":{"type":"Polygon","coordinates":[[[7.065021,50.743469],[7.06501,50.743268],[7.064946,50.743141],[7.064794,50.74305],[7.064582,50.742986],[7.064455,50.742393],[7.063584,50.743497],[7.063724,50.74356],[7.064029,50.743625],[7.064143,50.743671],[7.064375,50.743842],[7.06383,50.744055],[7.062856,50.744276],[7.063137,50.744724],[7.06356,50.744634],[7.063666,50.744574],[7.063689,50.744532],[7.064398,50.744403],[7.064949,50.744214],[7.06507,50.743903],[7.065021,50.743469]]]},"properties":{"landuse_id":2006,"landuse_code":2645,"landuse":"Grün-/ Parkfläche mit Baumbestand","environment":"urban_green","area_m2":16381}},{"type":"Feature","geometry":{"type":"Polygon","coordinates":[[[7.077158,50.69634],[7.077169,50.696365],[7.077209,50.696365],[7.077313,50.696277],[7.077364,50.696133],[7.07729,50.696125],[7.077259,50.696149],[7.077158,50.69634]]]},"properties":{"landuse_id":22779,"landuse_code":2680,"landuse":"sonstige (kl.) Gehölzfläche","environment":"urban_green","area_m2":198}},{"type":"Feature","geometry":{"type":"Polygon","coordinates":[[[7.07871,50.710961],[7.07878,50.711105],[7.078713,50.711216],[7.078776,50.711258],[7.078825,50.711208],[7.078859,50.711063],[7.078818,50.710958],[7.078795,50.710943],[7.07871,50.710961]]]},"properties":{"landuse_id":22782,"landuse_code":2680,"landuse":"sonstige (kl.) Gehölzfläche","environment":"urban_green","area_m2":238}},{"type":"Feature","geometry":{"type":"Polygon","coordinates":[[[7.103501,50.691663],[7.103063,50.692073],[7.102378,50.692445],[7.102256,50.692563],[7.101708,50.6929],[7.101322,50.693205],[7.102506,50.69376],[7.103234,50.694176],[7.103723,50.693764],[7.104669,50.693272],[7.105029,50.693209],[7.104895,50.692898],[7.104701,50.692671],[7.104474,50.692507],[7.104224,50.692227],[7.104047,50.692108],[7.10393,50.691925],[7.103698,50.691719],[7.103648,50.691624],[7.103476,50.691563],[7.103501,50.691663]]]},"properties":{"landuse_id":2830,"landuse_code":2600,"landuse":"Wald","environment":"forest","area_m2":36219}},{"type":"Feature","geometry":{"type":"Polygon","coordinates":[[[7.076263,50.712858],[7.076204,50.712958],[7.076255,50.71299],[7.0766,50.712944],[7.076617,50.7129],[7.076263,50.712858]]]},"properties":{"landuse_id":22785,"landuse_code":2680,"landuse":"sonstige (kl.) Gehölzfläche","environment":"urban_green","area_m2":275}},{"type":"Feature","geometry":{"type":"Polygon","coordinates":[[[7.076613,50.713042],[7.076541,50.713138],[7.07662,50.713162],[7.07676,50.713122],[7.076742,50.713042],[7.076613,50.713042]]]},"properties":{"landuse_id":22786,"landuse_code":2680,"landuse":"sonstige (kl.) Gehölzfläche","environment":"urban_green","area_m2":149}},{"type":"Feature","geometry":{"type":"Polygon","coordinates":[[[7.136313,50.714317],[7.136295,50.714411],[7.136327,50.714453],[7.136502,50.714517],[7.136664,50.714503],[7.136773,50.714414],[7.136759,50.714316],[7.13663,50.714243],[7.136415,50.714258],[7.136313,50.714317]]]},"properties":{"landuse_id":7990,"landuse_code":2645,"landuse":"Grün-/ Parkfläche mit Baumbestand","environment":"urban_green","area_m2":838}},{"type":"Feature","geometry":{"type":"MultiPolygon","coordinates":[[[[7.153409,50.720043],[7.153408,50.720042],[7.153407,50.720042],[7.153409,50.720043]]],[[[7.149416,50.720462],[7.149265,50.720546],[7.14924,50.720629],[7.149316,50.72072],[7.149478,50.720769],[7.151015,50.720572],[7.151676,50.72053],[7.152668,50.720525],[7.151878,50.720389],[7.150486,50.720505],[7.150062,50.720505],[7.149416,50.720462]]],[[[7.152823,50.720542],[7.153186,50.720555],[7.153501,50.720234],[7.153496,50.720177],[7.153429,50.720112],[7.153303,50.72008],[7.152737,50.72021],[7.15189,50.720355],[7.152823,50.720542]]]]},"properties":{"landuse_id":11704,"landuse_code":2670,"landuse":"Verkehrsbegleitgrün mit Baumbestand","environment":"urban_green","area_m2":6889}},{"type":"Feature","geometry":{"type":"MultiPolygon","coordinates":[[[[7.152915,50.668915],[7.153723,50.669048],[7.153652,50.668171],[7.153591,50.66823],[7.153492,50.668264],[7.153378,50.668251],[7.153204,50.668292],[7.152757,50.668304],[7.152857,50.668587],[7.152915,50.668915]]],[[[7.153388,50.666524],[7.153283,50.666309],[7.152688,50.666401],[7.152749,50.66656],[7.152833,50.666566],[7.153193,50.666502],[7.153388,50.666524]]],[[[7.152316,50.666484],[7.152203,50.666665],[7.152205,50.666881],[7.15254,50.667836],[7.152754,50.668295],[7.153201,50.66828],[7.153384,50.668241],[7.153484,50.668255],[7.153578,50.668223],[7.153648,50.668161],[7.153625,50.668083],[7.153099,50.667242],[7.152811,50.666846],[7.152316,50.666484]]],[[[7.152591,50.666592],[7.152707,50.666555],[7.152648,50.666406],[7.152465,50.666423],[7.152436,50.666454],[7.152466,50.666527],[7.152591,50.666592]]]]},"properties":{"landuse_id":692,"landuse_code":2680,"landuse":"sonstige (kl.) Gehölzfläche","environment":"urban_green","area_m2":16127}},{"type":"Feature","geometry":{"type":"MultiPolygon","coordinates":[[[[7.040882,50.663962],[7.04087,50.664606],[7.040069,50.665517],[7.039776,50.666056],[7.039885,50.666591],[7.039911,50.666478],[7.039838,50.666069],[7.039914,50.665886],[7.040095,50.665554],[7.040782,50.664785],[7.040917,50.664589],[7.040938,50.664029],[7.04093,50.663988],[7.040882,50.663962]]],[[[7.039888,50.666604],[7.039889,50.66661],[7.039889,50.66661],[7.039888,50.666604]]],[[[7.036424,50.661438],[7.037513,50.661715],[7.037354,50.661612],[7.036733,50.661448],[7.036424,50.661438]]]]},"properties":{"landuse_id":20606,"landuse_code":2600,"landuse":"Wald","environment":"forest","area_m2":1520}},{"type":"Feature","geometry":{"type":"Polygon","coordinates":[[[7.094038,50.668254],[7.094018,50.668276],[7.093581,50.668117],[7.091571,50.670748],[7.091491,50.670776],[7.091131,50.671248],[7.091126,50.671289],[7.091163,50.671319],[7.097485,50.673388],[7.102697,50.671432],[7.094038,50.668254]],[[7.09881,50.672464],[7.098942,50.672476],[7.0991,50.672581],[7.098803,50.672685],[7.09864,50.672479],[7.09881,50.672464]]]},"properties":{"landuse_id":2867,"landuse_code":2600,"landuse":"Wald","environment":"forest","area_m2":239010}},{"type":"Feature","geometry":{"type":"Polygon","coordinates":[[[7.107783,50.76085],[7.106986,50.7608],[7.107664,50.760941],[7.10789,50.761106],[7.108152,50.761226],[7.108365,50.761236],[7.108264,50.761009],[7.107783,50.76085]]]},"properties":{"landuse_id":16481,"landuse_code":2680,"landuse":"sonstige (kl.) Gehölzfläche","environment":"urban_green","area_m2":1334}},{"type":"Feature","geometry":{"type":"Polygon","coordinates":[[[7.060898,50.632912],[7.059532,50.63269],[7.057057,50.63304],[7.057299,50.633054],[7.058189,50.633041],[7.059754,50.632968],[7.060581,50.632921],[7.060614,50.632866],[7.060898,50.632912]]]},"properties":{"landuse_id":12194,"landuse_code":2670,"landuse":"Verkehrsbegleitgrün mit Baumbestand","environment":"urban_green","area_m2":4653}},{"type":"Feature","geometry":{"type":"Polygon","coordinates":[[[7.089263,50.744174],[7.089198,50.744019],[7.088514,50.744247],[7.087485,50.744673],[7.086808,50.745019],[7.086985,50.745254],[7.087121,50.745205],[7.087175,50.745039],[7.087448,50.744769],[7.087948,50.744485],[7.088331,50.744396],[7.088757,50.744194],[7.088914,50.744156],[7.089084,50.744131],[7.089263,50.744174]]]},"properties":{"landuse_id":384,"landuse_code":2680,"landuse":"sonstige (kl.) Gehölzfläche","environment":"urban_green","area_m2":1790}},{"type":"Feature","geometry":{"type":"Polygon","coordinates":[[[7.072041,50.722667],[7.072406,50.723021],[7.072415,50.722962],[7.072069,50.722633],[7.072301,50.722533],[7.072221,50.722377],[7.072196,50.722441],[7.07206,50.722546],[7.071902,50.722606],[7.071754,50.722631],[7.07156,50.722627],[7.071414,50.722595],[7.071186,50.722467],[7.070754,50.72154],[7.070774,50.721432],[7.070835,50.72134],[7.071034,50.72121],[7.071327,50.721154],[7.07148,50.721164],[7.071651,50.721208],[7.071831,50.721174],[7.071929,50.721075],[7.07063,50.720667],[7.069918,50.720524],[7.06995,50.72055],[7.070809,50.720761],[7.07096,50.720837],[7.071113,50.720973],[7.071086,50.721034],[7.070701,50.721298],[7.070386,50.721384],[7.070696,50.721778],[7.070714,50.722049],[7.070688,50.722137],[7.070913,50.72229],[7.071058,50.722571],[7.071225,50.72278],[7.07148,50.722883],[7.0716,50.723178],[7.072133,50.723136],[7.071771,50.722784],[7.072041,50.722667]]]},"properties":{"landuse_id":11295,"landuse_code":2645,"landuse":"Grün-/ Parkfläche mit Baumbestand","environment":"urban_green","area_m2":7527}},{"type":"Feature","geometry":{"type":"MultiPolygon","coordinates":[[[[7.156003,50.664788],[7.156029,50.66469],[7.155493,50.664671],[7.155296,50.665016],[7.154954,50.665418],[7.15459,50.665694],[7.15421,50.665905],[7.154477,50.666079],[7.154776,50.666167],[7.15503,50.66598],[7.155441,50.66612],[7.15663,50.665116],[7.156247,50.664942],[7.156348,50.66483],[7.156003,50.664788]]],[[[7.155409,50.664723],[7.155238,50.665009],[7.154978,50.665306],[7.154612,50.665601],[7.154157,50.665863],[7.154181,50.665883],[7.154599,50.665646],[7.154919,50.6654],[7.155302,50.664943],[7.155445,50.664698],[7.155409,50.664723]]]]},"properties":{"landuse_id":1630,"landuse_code":2600,"landuse":"Wald","environment":"forest","area_m2":13580}},{"type":"Feature","geometry":{"type":"Polygon","coordinates":[[[7.06967,50.698359],[7.069723,50.69813],[7.069702,50.698155],[7.069686,50.698134],[7.06965,50.698144],[7.069539,50.698344],[7.069454,50.698706],[7.069499,50.699012],[7.069681,50.699352],[7.070082,50.699323],[7.071062,50.699855],[7.071523,50.699674],[7.070778,50.699207],[7.071073,50.698955],[7.069671,50.698401],[7.06967,50.698359]],[[7.069758,50.698649],[7.070003,50.698775],[7.070024,50.698818],[7.069967,50.698881],[7.069912,50.698868],[7.06989,50.698901],[7.06982,50.698864],[7.069708,50.698671],[7.069758,50.698649]],[[7.070461,50.698933],[7.070526,50.698874],[7.070746,50.698977],[7.070608,50.699106],[7.07018,50.69905],[7.070032,50.698959],[7.070219,50.698831],[7.070461,50.698933]]]},"properties":{"landuse_id":18452,"landuse_code":2680,"landuse":"sonstige (kl.) Gehölzfläche","environment":"urban_green","area_m2":9771}},{"type":"Feature","geometry":{"type":"Polygon","coordinates":[[[7.079242,50.712451],[7.078582,50.712377],[7.078692,50.712021],[7.078929,50.712063],[7.079083,50.71172],[7.078763,50.711662],[7.078254,50.712875],[7.077976,50.712953],[7.077941,50.713047],[7.078182,50.713084],[7.078056,50.7134],[7.077843,50.713366],[7.077811,50.713449],[7.07802,50.713483],[7.077894,50.713798],[7.077704,50.713768],[7.077597,50.714058],[7.077649,50.714119],[7.078349,50.714307],[7.077612,50.714175],[7.077548,50.714301],[7.077502,50.714555],[7.076676,50.714623],[7.076282,50.714598],[7.076152,50.714638],[7.076121,50.714704],[7.076026,50.715529],[7.076273,50.715793],[7.0764,50.716011],[7.076764,50.715954],[7.076826,50.71592],[7.076816,50.715896],[7.076559,50.715867],[7.07661,50.715394],[7.077052,50.715399],[7.077035,50.715589],[7.077105,50.715589],[7.077159,50.715344],[7.077058,50.715342],[7.076863,50.715269],[7.076951,50.714833],[7.077159,50.714873],[7.077158,50.714941],[7.077613,50.715147],[7.078125,50.715194],[7.078398,50.714544],[7.07848,50.714468],[7.078409,50.714361],[7.078414,50.714216],[7.078629,50.714058],[7.078992,50.713723],[7.079081,50.713627],[7.079169,50.713448],[7.079173,50.713015],[7.079125,50.712712],[7.079242,50.712451]],[[7.078116,50.713408],[7.078242,50.713094],[7.078484,50.71313],[7.078357,50.713445],[7.078116,50.713408]]]},"properties":{"landuse_id":18454,"landuse_code":2600,"landuse":"Wald","environment":"forest","area_m2":29927}},{"type":"Feature","geometry":{"type":"MultiPolygon","coordinates":[[[[7.105143,50.75979],[7.105234,50.760005],[7.105345,50.76011],[7.105246,50.759967],[7.10519,50.759806],[7.105143,50.75979]]],[[[7.105487,50.760244],[7.105611,50.760361],[7.106078,50.760328],[7.105916,50.759985],[7.105234,50.759793],[7.105286,50.759956],[7.105487,50.760244]]]]},"properties":{"landuse_id":19808,"landuse_code":2670,"landuse":"Verkehrsbegleitgrün mit Baumbestand","environment":"urban_green","area_m2":2129}},{"type":"Feature","geometry":{"type":"MultiPolygon","coordinates":[[[[7.079174,50.643719],[7.076922,50.642806],[7.076002,50.642149],[7.075552,50.641635],[7.075582,50.641669],[7.075564,50.641689],[7.076084,50.644136],[7.076353,50.645258],[7.07641,50.645326],[7.076467,50.645349],[7.081787,50.644884],[7.081783,50.644321],[7.081821,50.644323],[7.080537,50.644265],[7.079174,50.643719]]],[[[7.076345,50.64536],[7.076346,50.645369],[7.076352,50.645368],[7.076345,50.64536]]]]},"properties":{"landuse_id":2839,"landuse_code":2600,"landuse":"Wald","environment":"forest","area_m2":73517}},{"type":"Feature","geometry":{"type":"MultiPolygon","coordinates":[[[[7.163923,50.658804],[7.163204,50.659049],[7.163491,50.65942],[7.163723,50.659363],[7.163706,50.659332],[7.164152,50.659226],[7.163958,50.658801],[7.163923,50.658804]]],[[[7.163538,50.65948],[7.163576,50.659529],[7.164066,50.659368],[7.16364,50.659477],[7.163615,50.659461],[7.163538,50.65948]]]]},"properties":{"landuse_id":4066,"landuse_code":2680,"landuse":"sonstige (kl.) Gehölzfläche","environment":"urban_green","area_m2":2698}},{"type":"Feature","geometry":{"type":"MultiPolygon","coordinates":[[[[7.081821,50.644323],[7.081858,50.644326],[7.081867,50.644961],[7.082115,50.645615],[7.081868,50.644961],[7.081858,50.644326],[7.081821,50.644323]]],[[[7.082482,50.646147],[7.082361,50.646097],[7.082233,50.645846],[7.082361,50.646097],[7.082482,50.646147]]]]},"properties":{"landuse_id":3137,"landuse_code":2600,"landuse":"Wald","environment":"forest","area_m2":2}},{"type":"Feature","geometry":{"type":"MultiPolygon","coordinates":[[[[7.062328,50.744394],[7.062856,50.744276],[7.062429,50.744102],[7.061844,50.743944],[7.061385,50.744052],[7.06145,50.744125],[7.060853,50.744251],[7.059939,50.74458],[7.059669,50.744734],[7.059544,50.744777],[7.058427,50.745008],[7.057981,50.745051],[7.057497,50.745052],[7.056075,50.744747],[7.05642,50.745443],[7.056471,50.745704],[7.056412,50.745806],[7.058144,50.745363],[7.059604,50.745076],[7.059751,50.74507],[7.059903,50.745413],[7.060693,50.745247],[7.060723,50.74521],[7.061123,50.745124],[7.061171,50.745144],[7.062459,50.744869],[7.062122,50.744437],[7.062328,50.744394]],[[7.06003,50.744831],[7.06031,50.744732],[7.060291,50.744919],[7.060058,50.745041],[7.059923,50.745071],[7.059751,50.74507],[7.06003,50.744831]]],[[[7.061961,50.745004],[7.062022,50.744989],[7.061746,50.745048],[7.061961,50.745004]]]]},"properties":{"landuse_id":3656,"landuse_code":2645,"landuse":"Grün-/ Parkfläche mit Baumbestand","environment":"urban_green","area_m2":31112}},{"type":"Feature","geometry":{"type":"MultiPolygon","coordinates":[[[[7.031763,50.678582],[7.033278,50.681879],[7.033808,50.681864],[7.044661,50.681924],[7.044914,50.681905],[7.045012,50.681871],[7.045259,50.68113],[7.045258,50.680962],[7.044021,50.678513],[7.043359,50.676995],[7.043379,50.676823],[7.043576,50.676191],[7.04358,50.676129],[7.043541,50.676093],[7.043293,50.676106],[7.043097,50.676156],[7.041763,50.676736],[7.041355,50.676865],[7.040308,50.677062],[7.038863,50.677379],[7.038234,50.677481],[7.034048,50.677859],[7.033015,50.67813],[7.032255,50.678431],[7.031763,50.678582]],[[7.042168,50.679493],[7.042588,50.679413],[7.042819,50.680032],[7.042441,50.680095],[7.042168,50.679493]]],[[[7.044947,50.681925],[7.045012,50.681926],[7.045012,50.681902],[7.044947,50.681925]]]]},"properties":{"landuse_id":20003,"landuse_code":2600,"landuse":"Wald","environment":"forest","area_m2":426950}},{"type":"Feature","geometry":{"type":"MultiPolygon","coordinates":[[[[7.148439,50.721111],[7.14727,50.72141],[7.14885,50.721032],[7.148838,50.721015],[7.148439,50.721111]]],[[[7.147069,50.72159],[7.147398,50.721736],[7.147674,50.721775],[7.147154,50.721558],[7.147069,50.72159]]],[[[7.149321,50.72126],[7.149227,50.721141],[7.149324,50.721289],[7.149321,50.72126]]],[[[7.148815,50.721111],[7.148988,50.721145],[7.149224,50.721245],[7.149108,50.721153],[7.148876,50.721087],[7.148738,50.721092],[7.148815,50.721111]]],[[[7.147405,50.721475],[7.147425,50.721484],[7.147391,50.721493],[7.147567,50.72157],[7.148143,50.721784],[7.148435,50.721859],[7.148695,50.721893],[7.148902,50.72188],[7.149122,50.721804],[7.149244,50.721717],[7.149311,50.721586],[7.149292,50.721446],[7.149166,50.721295],[7.148968,50.721194],[7.148722,50.721151],[7.148424,50.721179],[7.147405,50.721475]]]]},"properties":{"landuse_id":1685,"landuse_code":2670,"landuse":"Verkehrsbegleitgrün mit Baumbestand","environment":"urban_green","area_m2":7885}},{"type":"Feature","geometry":{"type":"Polygon","coordinates":[[[7.029019,50.712024],[7.029841,50.712689],[7.029825,50.712677],[7.030063,50.712491],[7.030046,50.712409],[7.029616,50.71206],[7.029487,50.712005],[7.02921,50.711997],[7.029175,50.712026],[7.029178,50.712146],[7.029019,50.712024]]]},"properties":{"landuse_id":12512,"landuse_code":2670,"landuse":"Verkehrsbegleitgrün mit Baumbestand","environment":"urban_green","area_m2":2279}},{"type":"Feature","geometry":{"type":"MultiPolygon","coordinates":[[[[7.153494,50.7038],[7.153415,50.703849],[7.153432,50.703842],[7.153449,50.703835],[7.153466,50.703827],[7.153483,50.703818],[7.153494,50.7038]]],[[[7.152223,50.704535],[7.151998,50.704522],[7.15167,50.704765],[7.15107,50.704904],[7.150728,50.705106],[7.150808,50.705214],[7.151053,50.70529],[7.151597,50.705306],[7.151588,50.705148],[7.151654,50.705027],[7.151867,50.704803],[7.152223,50.704535]]],[[[7.151619,50.70535],[7.151513,50.705431],[7.151693,50.705496],[7.151703,50.70547],[7.151619,50.70535]]],[[[7.151486,50.705451],[7.151423,50.705498],[7.151044,50.705604],[7.150992,50.705725],[7.151058,50.705836],[7.151244,50.705994],[7.151301,50.706191],[7.151157,50.706339],[7.151111,50.706573],[7.15089,50.70663],[7.150997,50.706805],[7.151351,50.706758],[7.151469,50.706871],[7.151782,50.707048],[7.151726,50.707211],[7.151483,50.707263],[7.151152,50.707187],[7.150854,50.707069],[7.150627,50.707033],[7.150473,50.707111],[7.150451,50.707249],[7.150762,50.70736],[7.150435,50.70746],[7.150107,50.707523],[7.149806,50.707469],[7.149973,50.707232],[7.149615,50.707142],[7.149405,50.707182],[7.149444,50.707394],[7.149071,50.707358],[7.149134,50.707528],[7.149249,50.707663],[7.149614,50.707959],[7.149905,50.708067],[7.150082,50.708191],[7.150231,50.70838],[7.150264,50.708485],[7.15054,50.708757],[7.15056,50.708486],[7.150648,50.708266],[7.15087,50.708021],[7.151144,50.707852],[7.151536,50.707708],[7.151816,50.707663],[7.152227,50.707646],[7.152421,50.707728],[7.152417,50.707486],[7.152193,50.707414],[7.151995,50.707419],[7.152179,50.707295],[7.152314,50.707137],[7.152339,50.707057],[7.152281,50.706855],[7.152504,50.70703],[7.152933,50.707186],[7.153129,50.707323],[7.15366,50.707514],[7.154022,50.707584],[7.154301,50.707605],[7.154484,50.707571],[7.154717,50.707414],[7.154667,50.707388],[7.154609,50.707393],[7.154432,50.707504],[7.152373,50.706343],[7.152523,50.706231],[7.152184,50.705876],[7.151842,50.705419],[7.152365,50.705049],[7.15338,50.703991],[7.153458,50.703861],[7.153279,50.703923],[7.15301,50.703978],[7.152805,50.70408],[7.152579,50.704243],[7.152362,50.704479],[7.151858,50.704867],[7.151688,50.705056],[7.151634,50.705178],[7.151686,50.705348],[7.151811,50.705565],[7.151751,50.70558],[7.151645,50.705508],[7.151486,50.705451]]]]},"properties":{"landuse_id":3317,"landuse_code":2645,"landuse":"Grün-/ Parkfläche mit Baumbestand","environment":"urban_green","area_m2":48488}},{"type":"Feature","geometry":{"type":"MultiPolygon","coordinates":[[[[7.146392,50.722513],[7.146511,50.722672],[7.146609,50.722752],[7.146007,50.721947],[7.146392,50.722513]]],[[[7.147398,50.721736],[7.147056,50.721584],[7.146983,50.721604],[7.147492,50.721821],[7.147398,50.721736]]],[[[7.1467,50.721681],[7.146659,50.721659],[7.146417,50.721776],[7.146524,50.72196],[7.146726,50.722123],[7.147189,50.722326],[7.147296,50.722414],[7.147254,50.722422],[7.14717,50.722356],[7.146664,50.722128],[7.146481,50.721976],[7.146379,50.721803],[7.146264,50.721942],[7.146256,50.722096],[7.14661,50.722624],[7.146816,50.722807],[7.147082,50.722916],[7.147382,50.722936],[7.147665,50.722886],[7.147862,50.722778],[7.148014,50.722609],[7.148034,50.72244],[7.147959,50.722283],[7.147833,50.722168],[7.147654,50.722064],[7.14691,50.721745],[7.1467,50.721681]]],[[[7.146251,50.721784],[7.146061,50.721841],[7.146152,50.721971],[7.146251,50.721784]]]]},"properties":{"landuse_id":11640,"landuse_code":2670,"landuse":"Verkehrsbegleitgrün mit Baumbestand","environment":"urban_green","area_m2":11876}},{"type":"Feature","geometry":{"type":"MultiPolygon","coordinates":[[[[7.162101,50.706057],[7.16202,50.706016],[7.161332,50.706623],[7.161354,50.706633],[7.162101,50.706057]]],[[[7.161979,50.705996],[7.161879,50.705947],[7.161064,50.706501],[7.161288,50.706603],[7.161979,50.705996]]]]},"properties":{"landuse_id":18254,"landuse_code":2645,"landuse":"Grün-/ Parkfläche mit Baumbestand","environment":"urban_green","area_m2":1593}},{"type":"Feature","geometry":{"type":"Polygon","coordinates":[[[7.103607,50.681512],[7.10391,50.681356],[7.104101,50.681491],[7.104447,50.681315],[7.104261,50.681138],[7.104006,50.681243],[7.103737,50.681167],[7.10359,50.681159],[7.103295,50.68131],[7.103607,50.681512]],[[7.103493,50.681363],[7.103589,50.681309],[7.103667,50.681371],[7.103571,50.681427],[7.103493,50.681363]],[[7.104123,50.681232],[7.104219,50.681185],[7.104334,50.681282],[7.104242,50.681326],[7.104123,50.681232]]]},"properties":{"landuse_id":16908,"landuse_code":2680,"landuse":"sonstige (kl.) Gehölzfläche","environment":"urban_green","area_m2":1704}},{"type":"Feature","geometry":{"type":"Polygon","coordinates":[[[7.153005,50.666936],[7.153465,50.666808],[7.153695,50.666623],[7.153218,50.666565],[7.152944,50.666609],[7.152713,50.666618],[7.152676,50.666643],[7.152686,50.666667],[7.153005,50.666936]]]},"properties":{"landuse_id":10063,"landuse_code":2680,"landuse":"sonstige (kl.) Gehölzfläche","environment":"urban_green","area_m2":1723}},{"type":"Feature","geometry":{"type":"MultiPolygon","coordinates":[[[[7.06551,50.674808],[7.066095,50.674101],[7.065989,50.674048],[7.065367,50.673384],[7.064969,50.673096],[7.064508,50.672667],[7.064238,50.672787],[7.064172,50.672733],[7.064826,50.672444],[7.064877,50.67249],[7.064966,50.672451],[7.065029,50.672385],[7.065327,50.672259],[7.065303,50.672233],[7.065362,50.672234],[7.065152,50.671959],[7.063959,50.670652],[7.062959,50.671093],[7.063257,50.671372],[7.062963,50.671505],[7.06261,50.671187],[7.062586,50.671198],[7.062806,50.673131],[7.062729,50.674385],[7.062271,50.675741],[7.064723,50.676472],[7.064771,50.675822],[7.064913,50.675623],[7.066161,50.675566],[7.066385,50.675091],[7.06551,50.674808]]],[[[7.063985,50.670641],[7.065393,50.672216],[7.065435,50.672163],[7.065308,50.67202],[7.064382,50.671007],[7.064011,50.670629],[7.063985,50.670641]]]]},"properties":{"landuse_id":300,"landuse_code":2600,"landuse":"Wald","environment":"forest","area_m2":108187}},{"type":"Feature","geometry":{"type":"Polygon","coordinates":[[[7.066095,50.674101],[7.06551,50.674808],[7.066385,50.675091],[7.066764,50.674367],[7.066676,50.674315],[7.066589,50.67435],[7.066095,50.674101]]]},"properties":{"landuse_id":20466,"landuse_code":2600,"landuse":"Wald","environment":"forest","area_m2":5275}},{"type":"Feature","geometry":{"type":"Polygon","coordinates":[[[7.061618,50.710621],[7.061728,50.710598],[7.061552,50.709913],[7.061638,50.709674],[7.061376,50.709743],[7.061488,50.710237],[7.061618,50.710621]]]},"properties":{"landuse_id":20714,"landuse_code":2670,"landuse":"Verkehrsbegleitgrün mit Baumbestand","environment":"urban_green","area_m2":1085}},{"type":"Feature","geometry":{"type":"MultiPolygon","coordinates":[[[[7.080275,50.716336],[7.080099,50.716599],[7.080148,50.716605],[7.080475,50.716142],[7.0811,50.715024],[7.081025,50.714712],[7.08092,50.714516],[7.0809,50.714499],[7.080867,50.714511],[7.080842,50.714753],[7.080737,50.714833],[7.079016,50.714634],[7.078707,50.714551],[7.07856,50.714567],[7.078395,50.714551],[7.078125,50.715194],[7.0786,50.715261],[7.078699,50.715392],[7.078656,50.715581],[7.080406,50.715973],[7.080373,50.716053],[7.080126,50.716195],[7.07858,50.715912],[7.078547,50.716123],[7.080275,50.716336]],[[7.078352,50.714949],[7.078326,50.714858],[7.078351,50.714799],[7.079055,50.714847],[7.07918,50.714769],[7.080635,50.714878],[7.080769,50.714928],[7.080796,50.715104],[7.080389,50.715678],[7.078977,50.715394],[7.07902,50.715222],[7.078919,50.715134],[7.078352,50.714949]]],[[[7.080225,50.716563],[7.08024,50.716539],[7.080214,50.716576],[7.080225,50.716563]]],[[[7.081025,50.714579],[7.08098,50.714539],[7.081038,50.714639],[7.081025,50.714579]]],[[[7.078408,50.714535],[7.078668,50.714539],[7.07848,50.714468],[7.078408,50.714535]]]]},"properties":{"landuse_id":4923,"landuse_code":2600,"landuse":"Wald","environment":"forest","area_m2":14140}},{"type":"Feature","geometry":{"type":"MultiPolygon","coordinates":[[[[7.160016,50.664892],[7.160067,50.664801],[7.160056,50.664728],[7.159912,50.664485],[7.159801,50.664473],[7.159481,50.664546],[7.159291,50.664777],[7.15918,50.664796],[7.159123,50.66475],[7.159106,50.664689],[7.15919,50.664476],[7.159194,50.664384],[7.159074,50.664333],[7.158986,50.664347],[7.158839,50.664447],[7.158816,50.66448],[7.158842,50.664584],[7.158631,50.66458],[7.158474,50.664671],[7.158247,50.664605],[7.157742,50.664591],[7.157482,50.664544],[7.157418,50.664592],[7.157415,50.664658],[7.157365,50.664718],[7.157088,50.664581],[7.156832,50.66455],[7.156903,50.664665],[7.157099,50.665309],[7.157206,50.665406],[7.157198,50.665442],[7.157021,50.665592],[7.157022,50.66574],[7.157119,50.665953],[7.157418,50.666422],[7.157434,50.6666],[7.157722,50.666629],[7.158829,50.666927],[7.158918,50.666846],[7.159058,50.66663],[7.159218,50.666507],[7.159457,50.66655],[7.159503,50.666342],[7.160619,50.66633],[7.160606,50.666575],[7.160977,50.666563],[7.161231,50.666641],[7.161635,50.666795],[7.162051,50.667003],[7.162562,50.667281],[7.162553,50.667303],[7.162826,50.667406],[7.162935,50.667306],[7.16368,50.66763],[7.164076,50.667293],[7.164348,50.667021],[7.164251,50.666955],[7.164263,50.666875],[7.164462,50.666631],[7.16455,50.666601],[7.164672,50.666613],[7.165162,50.665932],[7.165495,50.665566],[7.165661,50.665444],[7.165849,50.665387],[7.165994,50.665369],[7.165992,50.665331],[7.165884,50.665239],[7.165712,50.665153],[7.165699,50.665177],[7.165649,50.665153],[7.165112,50.664782],[7.164442,50.664521],[7.164487,50.664497],[7.164555,50.664541],[7.165073,50.664726],[7.164978,50.663852],[7.165313,50.662999],[7.165194,50.662899],[7.16503,50.663316],[7.164903,50.663293],[7.164538,50.66409],[7.164322,50.664069],[7.163969,50.663989],[7.163184,50.663705],[7.1632,50.663604],[7.162363,50.663418],[7.162501,50.663275],[7.161448,50.662999],[7.161259,50.663284],[7.160993,50.663508],[7.161315,50.663675],[7.16148,50.663932],[7.161763,50.664029],[7.161847,50.664089],[7.161862,50.664194],[7.161805,50.664277],[7.161836,50.664352],[7.162101,50.664436],[7.162309,50.66455],[7.162391,50.664632],[7.162367,50.664748],[7.162266,50.66484],[7.161997,50.664966],[7.161553,50.665268],[7.16144,50.665375],[7.160909,50.665549],[7.160885,50.665539],[7.16111,50.665449],[7.16138,50.665379],[7.161529,50.665251],[7.161388,50.66524],[7.161412,50.665245],[7.161248,50.664876],[7.161998,50.664697],[7.161845,50.664384],[7.161766,50.664323],[7.16182,50.664159],[7.161793,50.664087],[7.161462,50.663953],[7.161285,50.663687],[7.160964,50.663526],[7.160557,50.663705],[7.160082,50.663826],[7.159569,50.663918],[7.159584,50.663946],[7.159645,50.663999],[7.159755,50.664033],[7.159913,50.664018],[7.159901,50.663997],[7.15999,50.663976],[7.160016,50.66402],[7.159978,50.664029],[7.160012,50.664089],[7.160003,50.66399],[7.161115,50.663732],[7.161649,50.664655],[7.161049,50.664791],[7.16116,50.664983],[7.160639,50.665102],[7.160881,50.66553],[7.160426,50.665519],[7.160198,50.665474],[7.16002,50.665071],[7.160016,50.664892]]],[[[7.156777,50.664546],[7.156739,50.664455],[7.156828,50.664311],[7.156607,50.664252],[7.156506,50.664607],[7.156247,50.664942],[7.15663,50.665116],[7.155441,50.66612],[7.155301,50.666352],[7.155442,50.666376],[7.155359,50.666466],[7.157394,50.666596],[7.157379,50.666423],[7.157077,50.665961],[7.156981,50.665752],[7.156991,50.66558],[7.157172,50.665408],[7.157053,50.665317],[7.15687,50.664709],[7.156777,50.664546]]],[[[7.159299,50.664182],[7.159901,50.664189],[7.159947,50.66415],[7.159891,50.664053],[7.159678,50.664044],[7.159542,50.663951],[7.159511,50.663956],[7.159503,50.663928],[7.159287,50.663954],[7.159299,50.664182]]],[[[7.159849,50.66438],[7.15997,50.664353],[7.159899,50.664235],[7.159625,50.664209],[7.159849,50.66438]]],[[[7.162095,50.664467],[7.162101,50.66447],[7.162078,50.664458],[7.161969,50.664417],[7.161911,50.664402],[7.162095,50.664467]]],[[[7.16234,50.664652],[7.16234,50.664651],[7.162335,50.664638],[7.162327,50.664624],[7.162318,50.664611],[7.162316,50.66461],[7.16234,50.664652]]],[[[7.16224,50.664817],[7.162241,50.664817],[7.162257,50.664808],[7.162274,50.664798],[7.162288,50.664788],[7.162302,50.664776],[7.162309,50.664769],[7.16224,50.664817]]],[[[7.162046,50.664897],[7.162,50.664932],[7.162202,50.664836],[7.162046,50.664897]]]]},"properties":{"landuse_id":21241,"landuse_code":2600,"landuse":"Wald","environment":"forest","area_m2":183552}},{"type":"Feature","geometry":{"type":"MultiPolygon","coordinates":[[[[7.050243,50.743261],[7.050925,50.74311],[7.050873,50.743087],[7.050877,50.743028],[7.050108,50.743041],[7.050243,50.743261]]],[[[7.051649,50.742946],[7.050932,50.743025],[7.050925,50.74311],[7.051649,50.742946]]]]},"properties":{"landuse_id":152,"landuse_code":2670,"landuse":"Verkehrsbegleitgrün mit Baumbestand","environment":"urban_green","area_m2":1144}},{"type":"Feature","geometry":{"type":"MultiPolygon","coordinates":[[[[7.158582,50.728159],[7.158521,50.72816],[7.158475,50.728177],[7.158503,50.72817],[7.158537,50.728164],[7.158572,50.72816],[7.158582,50.728159]]],[[[7.15633,50.729299],[7.155683,50.729687],[7.155883,50.729819],[7.155972,50.729914],[7.156081,50.729939],[7.156096,50.729997],[7.156392,50.729912],[7.157196,50.72978],[7.157959,50.729744],[7.158303,50.729761],[7.158495,50.729796],[7.158744,50.729867],[7.159452,50.730145],[7.15958,50.730159],[7.159642,50.730136],[7.159877,50.729925],[7.160111,50.729822],[7.160192,50.72955],[7.159546,50.729026],[7.159404,50.728806],[7.159378,50.728708],[7.159403,50.72858],[7.159387,50.72814],[7.158533,50.728182],[7.15838,50.728227],[7.158024,50.728375],[7.15633,50.729299]]],[[[7.155417,50.729858],[7.15335,50.731258],[7.153083,50.731475],[7.153081,50.731517],[7.15299,50.73163],[7.152968,50.731757],[7.15314,50.731666],[7.153377,50.731619],[7.15467,50.731681],[7.154669,50.731706],[7.154772,50.731662],[7.154851,50.731558],[7.155027,50.731033],[7.155408,50.730458],[7.155506,50.73036],[7.156063,50.730017],[7.15605,50.729954],[7.155951,50.729934],[7.155856,50.729835],[7.155654,50.729706],[7.155417,50.729858]]],[[[7.159772,50.730061],[7.16002,50.729897],[7.160013,50.7299],[7.159879,50.729974],[7.159774,50.730059],[7.159772,50.730061]]],[[[7.159845,50.729227],[7.159826,50.72921],[7.159613,50.72903],[7.159618,50.729044],[7.159845,50.729227]]]]},"properties":{"landuse_id":2958,"landuse_code":2600,"landuse":"Wald","environment":"forest","area_m2":54837}},{"type":"Feature","geometry":{"type":"Polygon","coordinates":[[[7.08476,50.754416],[7.084562,50.754649],[7.084606,50.754637],[7.084734,50.754667],[7.084889,50.754591],[7.084886,50.754474],[7.08476,50.754416]]]},"properties":{"landuse_id":8300,"landuse_code":2680,"landuse":"sonstige (kl.) Gehölzfläche","environment":"urban_green","area_m2":395}},{"type":"Feature","geometry":{"type":"Polygon","coordinates":[[[7.162124,50.741321],[7.161954,50.741342],[7.161911,50.741371],[7.161651,50.741384],[7.161693,50.74141],[7.161879,50.741417],[7.162055,50.741481],[7.162296,50.741409],[7.162292,50.741387],[7.162082,50.741373],[7.162124,50.741321]]]},"properties":{"landuse_id":22863,"landuse_code":2680,"landuse":"sonstige (kl.) Gehölzfläche","environment":"urban_green","area_m2":360}},{"type":"Feature","geometry":{"type":"Polygon","coordinates":[[[7.176533,50.746391],[7.176567,50.746414],[7.176721,50.746436],[7.176803,50.746426],[7.176864,50.746359],[7.176973,50.746354],[7.177011,50.746325],[7.176933,50.746156],[7.176899,50.746135],[7.176805,50.74616],[7.176533,50.746391]]]},"properties":{"landuse_id":22865,"landuse_code":2680,"landuse":"sonstige (kl.) Gehölzfläche","environment":"urban_green","area_m2":638}},{"type":"Feature","geometry":{"type":"Polygon","coordinates":[[[7.046639,50.69317],[7.047297,50.693063],[7.04696,50.694237],[7.046851,50.693755],[7.046214,50.693832],[7.046158,50.694112],[7.046009,50.694414],[7.047294,50.694294],[7.05056,50.694123],[7.050597,50.694099],[7.050469,50.693667],[7.050325,50.69347],[7.050007,50.693172],[7.050051,50.693153],[7.049973,50.693082],[7.048821,50.692064],[7.048374,50.692104],[7.048304,50.69173],[7.048169,50.69174],[7.048091,50.691217],[7.048637,50.691177],[7.048548,50.690644],[7.048346,50.690612],[7.047589,50.690654],[7.047723,50.691394],[7.046897,50.691747],[7.046469,50.691807],[7.046401,50.692082],[7.046238,50.692367],[7.046254,50.69293],[7.046639,50.69317]]]},"properties":{"landuse_id":18498,"landuse_code":2600,"landuse":"Wald","environment":"forest","area_m2":69349}},{"type":"Feature","geometry":{"type":"Polygon","coordinates":[[[7.163698,50.700279],[7.163453,50.699975],[7.163754,50.699531],[7.164282,50.699681],[7.164168,50.699841],[7.164937,50.700061],[7.16519,50.699742],[7.163183,50.69916],[7.162397,50.700216],[7.162968,50.700383],[7.163466,50.700558],[7.163698,50.700279]]]},"properties":{"landuse_id":19849,"landuse_code":2680,"landuse":"sonstige (kl.) Gehölzfläche","environment":"urban_green","area_m2":11797}},{"type":"Feature","geometry":{"type":"Polygon","coordinates":[[[7.19498,50.647419],[7.194911,50.647405],[7.194797,50.647427],[7.194741,50.647536],[7.195086,50.647435],[7.19498,50.647419]]]},"properties":{"landuse_id":23044,"landuse_code":2680,"landuse":"sonstige (kl.) Gehölzfläche","environment":"urban_green","area_m2":168}},{"type":"Feature","geometry":{"type":"Polygon","coordinates":[[[7.052962,50.684878],[7.052363,50.684535],[7.051769,50.684297],[7.051616,50.684679],[7.051356,50.685027],[7.051181,50.685183],[7.050911,50.685644],[7.052962,50.684878]]]},"properties":{"landuse_id":338,"landuse_code":2600,"landuse":"Wald","environment":"forest","area_m2":8227}},{"type":"Feature","geometry":{"type":"Polygon","coordinates":[[[7.150256,50.680946],[7.150681,50.680776],[7.150644,50.680788],[7.150407,50.680509],[7.150305,50.680208],[7.150324,50.680138],[7.15027,50.680039],[7.149736,50.679551],[7.149282,50.679232],[7.147761,50.678444],[7.147363,50.678794],[7.147605,50.679113],[7.147969,50.679414],[7.14843,50.67967],[7.148815,50.679921],[7.14892,50.679916],[7.148992,50.679884],[7.149409,50.680211],[7.150256,50.680946]]]},"properties":{"landuse_id":3306,"landuse_code":2645,"landuse":"Grün-/ Parkfläche mit Baumbestand","environment":"urban_green","area_m2":19963}},{"type":"Feature","geometry":{"type":"Polygon","coordinates":[[[7.152797,50.660318],[7.152788,50.660206],[7.152383,50.660208],[7.152021,50.660554],[7.152023,50.660664],[7.152179,50.66053],[7.152743,50.660522],[7.1528,50.660404],[7.152797,50.660318]]]},"properties":{"landuse_id":1547,"landuse_code":2680,"landuse":"sonstige (kl.) Gehölzfläche","environment":"urban_green","area_m2":1514}},{"type":"Feature","geometry":{"type":"Polygon","coordinates":[[[7.075688,50.702508],[7.076015,50.702505],[7.076033,50.702572],[7.076142,50.70258],[7.07625,50.702492],[7.076742,50.702433],[7.076774,50.702318],[7.07637,50.702352],[7.07633,50.702285],[7.076175,50.702332],[7.075767,50.702393],[7.075614,50.702447],[7.075688,50.702508]]]},"properties":{"landuse_id":15477,"landuse_code":2680,"landuse":"sonstige (kl.) Gehölzfläche","environment":"urban_green","area_m2":1301}},{"type":"Feature","geometry":{"type":"MultiPolygon","coordinates":[[[[7.071427,50.745852],[7.071375,50.746357],[7.071212,50.746439],[7.071131,50.746565],[7.070917,50.746659],[7.070791,50.746902],[7.070624,50.747001],[7.070247,50.747311],[7.070458,50.747213],[7.070858,50.746975],[7.071151,50.746765],[7.071469,50.746482],[7.071405,50.746018],[7.071454,50.745856],[7.071427,50.745852]]],[[[7.070221,50.747324],[7.070204,50.747332],[7.070238,50.747319],[7.070221,50.747324]]],[[[7.070124,50.747364],[7.069566,50.747575],[7.069684,50.747539],[7.069943,50.747433],[7.069984,50.74742],[7.070124,50.747364]]],[[[7.069552,50.747579],[7.069291,50.747604],[7.069297,50.747606],[7.069486,50.747597],[7.069494,50.747596],[7.069552,50.747579]]],[[[7.07191,50.745032],[7.071889,50.745062],[7.071892,50.745062],[7.07191,50.745032]]]]},"properties":{"landuse_id":4343,"landuse_code":2670,"landuse":"Verkehrsbegleitgrün mit Baumbestand","environment":"urban_green","area_m2":1667}},{"type":"Feature","geometry":{"type":"MultiPolygon","coordinates":[[[[7.053113,50.639388],[7.051741,50.639599],[7.050964,50.640539],[7.052123,50.639749],[7.052442,50.639491],[7.053113,50.639388]]],[[[7.050718,50.640837],[7.049901,50.641308],[7.049901,50.641308],[7.049901,50.641308],[7.050015,50.641242],[7.050717,50.640837],[7.050718,50.640837]]],[[[7.049389,50.641478],[7.048332,50.641828],[7.047694,50.642266],[7.046932,50.643096],[7.045867,50.644095],[7.044113,50.6451],[7.042868,50.646084],[7.042127,50.646484],[7.042196,50.646446],[7.042242,50.646561],[7.042504,50.646829],[7.043655,50.647872],[7.044202,50.648236],[7.04533,50.648902],[7.045317,50.648684],[7.045378,50.64782],[7.045603,50.646672],[7.045983,50.645691],[7.046266,50.645145],[7.046536,50.644671],[7.046914,50.644146],[7.047282,50.6437],[7.047562,50.643386],[7.04823,50.642744],[7.048893,50.642158],[7.048584,50.641994],[7.04912,50.641566],[7.049389,50.641478]]]]},"properties":{"landuse_id":13297,"landuse_code":2600,"landuse":"Wald","environment":"forest","area_m2":97864}},{"type":"Feature","geometry":{"type":"Polygon","coordinates":[[[7.06056,50.708909],[7.060594,50.708922],[7.060628,50.709142],[7.060822,50.709036],[7.060785,50.70851],[7.060846,50.708055],[7.060413,50.708161],[7.060524,50.708398],[7.060551,50.708769],[7.060517,50.708882],[7.06056,50.708909]]]},"properties":{"landuse_id":4412,"landuse_code":2680,"landuse":"sonstige (kl.) Gehölzfläche","environment":"urban_green","area_m2":2134}},{"type":"Feature","geometry":{"type":"MultiPolygon","coordinates":[[[[7.143983,50.656691],[7.143304,50.656547],[7.142261,50.656245],[7.142187,50.656248],[7.141766,50.656131],[7.141821,50.656435],[7.14205,50.657257],[7.142433,50.657516],[7.142924,50.657988],[7.142942,50.658032],[7.14408,50.658664],[7.14478,50.658792],[7.145355,50.65902],[7.145627,50.659168],[7.14586,50.659164],[7.14586,50.658893],[7.146536,50.658382],[7.146822,50.658075],[7.146661,50.658042],[7.146989,50.657653],[7.147333,50.657023],[7.146866,50.65696],[7.146305,50.656971],[7.145811,50.657033],[7.144626,50.656958],[7.143983,50.656691]]],[[[7.145511,50.662679],[7.145513,50.662675],[7.14549,50.662655],[7.145454,50.662625],[7.145391,50.662582],[7.145308,50.662526],[7.145511,50.662679]]],[[[7.146209,50.661638],[7.146287,50.66156],[7.146513,50.661648],[7.146853,50.661374],[7.147616,50.661756],[7.148028,50.661621],[7.14802,50.661431],[7.148165,50.661295],[7.146547,50.6605],[7.146042,50.660124],[7.145943,50.660124],[7.145658,50.660354],[7.14512,50.660035],[7.145515,50.659716],[7.145469,50.659412],[7.14557,50.65917],[7.145597,50.65917],[7.145347,50.65903],[7.14477,50.658803],[7.144077,50.658678],[7.142953,50.658059],[7.143699,50.659905],[7.144003,50.660318],[7.144038,50.660692],[7.14392,50.66105],[7.143947,50.661151],[7.14412,50.661358],[7.144949,50.662036],[7.145209,50.662345],[7.145269,50.662469],[7.14547,50.662598],[7.145562,50.662572],[7.145929,50.662],[7.145975,50.662019],[7.146209,50.661638]]]]},"properties":{"landuse_id":19663,"landuse_code":2600,"landuse":"Wald","environment":"forest","area_m2":132733}},{"type":"Feature","geometry":{"type":"Polygon","coordinates":[[[7.14135,50.714062],[7.142008,50.713701],[7.142244,50.713643],[7.142284,50.713495],[7.142235,50.71346],[7.142006,50.713501],[7.141716,50.713678],[7.141391,50.713814],[7.141323,50.713864],[7.141292,50.713933],[7.1413,50.714002],[7.14135,50.714062]]]},"properties":{"landuse_id":4582,"landuse_code":2645,"landuse":"Grün-/ Parkfläche mit Baumbestand","environment":"urban_green","area_m2":1465}},{"type":"Feature","geometry":{"type":"Polygon","coordinates":[[[7.104275,50.697149],[7.104147,50.69702],[7.104123,50.696895],[7.103431,50.696887],[7.103427,50.696718],[7.103245,50.696719],[7.102748,50.696867],[7.102512,50.69689],[7.102715,50.697272],[7.102784,50.697751],[7.10293,50.698342],[7.104,50.69846],[7.104223,50.697598],[7.10438,50.697201],[7.104275,50.697149]]]},"properties":{"landuse_id":8491,"landuse_code":2680,"landuse":"sonstige (kl.) Gehölzfläche","environment":"urban_green","area_m2":17462}},{"type":"Feature","geometry":{"type":"Polygon","coordinates":[[[7.146169,50.676516],[7.146611,50.676454],[7.146423,50.675968],[7.145758,50.674895],[7.145333,50.675004],[7.14581,50.675583],[7.145954,50.675808],[7.146135,50.676276],[7.146169,50.676516]]]},"properties":{"landuse_id":3434,"landuse_code":2680,"landuse":"sonstige (kl.) Gehölzfläche","environment":"urban_green","area_m2":5103}},{"type":"Feature","geometry":{"type":"Polygon","coordinates":[[[7.099427,50.69842],[7.100143,50.698427],[7.100021,50.699141],[7.100094,50.699276],[7.099733,50.699398],[7.100094,50.699531],[7.100754,50.699861],[7.100672,50.700068],[7.100483,50.700213],[7.100587,50.700284],[7.10085,50.699917],[7.100808,50.699308],[7.100707,50.699017],[7.100537,50.698834],[7.100463,50.698673],[7.100529,50.69841],[7.100534,50.698131],[7.100471,50.697837],[7.10035,50.697598],[7.100303,50.697402],[7.100137,50.697113],[7.099989,50.696653],[7.09996,50.696306],[7.099907,50.696184],[7.09982,50.69607],[7.099762,50.69604],[7.099579,50.696137],[7.099317,50.696225],[7.099147,50.696328],[7.098845,50.696594],[7.098197,50.697031],[7.098015,50.697204],[7.097699,50.697651],[7.09757,50.697771],[7.097916,50.697764],[7.098259,50.697832],[7.098523,50.697962],[7.098676,50.698131],[7.098804,50.698103],[7.09883,50.698128],[7.098792,50.698191],[7.09941,50.698162],[7.099427,50.69842]]]},"properties":{"landuse_id":6142,"landuse_code":2600,"landuse":"Wald","environment":"forest","area_m2":37375}},{"type":"Feature","geometry":{"type":"MultiPolygon","coordinates":[[[[7.102477,50.7164],[7.102097,50.7162],[7.101933,50.716279],[7.101841,50.716198],[7.101504,50.716299],[7.101275,50.716104],[7.10119,50.716148],[7.101256,50.716265],[7.101304,50.716462],[7.101335,50.716479],[7.102477,50.7164]]],[[[7.100803,50.716324],[7.099987,50.716704],[7.101253,50.716482],[7.101219,50.716284],[7.101146,50.716185],[7.101103,50.716184],[7.100803,50.716324]]]]},"properties":{"landuse_id":3493,"landuse_code":2645,"landuse":"Grün-/ Parkfläche mit Baumbestand","environment":"urban_green","area_m2":3436}},{"type":"Feature","geometry":{"type":"Polygon","coordinates":[[[7.196501,50.647938],[7.197141,50.648493],[7.197186,50.6485],[7.198888,50.647118],[7.198854,50.647],[7.198891,50.647023],[7.197409,50.646044],[7.197287,50.645857],[7.197069,50.645884],[7.196972,50.645988],[7.19689,50.646021],[7.196481,50.64666],[7.196261,50.6469],[7.195989,50.64707],[7.195501,50.647303],[7.195787,50.6475],[7.195711,50.647614],[7.19546,50.647785],[7.195368,50.647899],[7.195403,50.648011],[7.195592,50.648094],[7.195881,50.648076],[7.195943,50.648229],[7.196501,50.647938]]]},"properties":{"landuse_id":17,"landuse_code":2680,"landuse":"sonstige (kl.) Gehölzfläche","environment":"urban_green","area_m2":37381}},{"type":"Feature","geometry":{"type":"Polygon","coordinates":[[[7.041977,50.669671],[7.042474,50.670565],[7.042821,50.671027],[7.043639,50.672506],[7.044248,50.674383],[7.043863,50.674491],[7.043098,50.674634],[7.041612,50.675698],[7.040484,50.676454],[7.040433,50.676529],[7.040537,50.676585],[7.040553,50.67662],[7.040436,50.676908],[7.040477,50.677003],[7.041341,50.67684],[7.041597,50.676769],[7.043013,50.676157],[7.043212,50.676093],[7.043504,50.676063],[7.043722,50.67608],[7.044294,50.676183],[7.044764,50.676164],[7.050479,50.674914],[7.050504,50.674887],[7.049183,50.671838],[7.041977,50.669671]],[[7.044706,50.673563],[7.045764,50.673716],[7.045496,50.673887],[7.044639,50.673783],[7.044706,50.673563]]]},"properties":{"landuse_id":20007,"landuse_code":2600,"landuse":"Wald","environment":"forest","area_m2":262790}},{"type":"Feature","geometry":{"type":"MultiPolygon","coordinates":[[[[7.164707,50.724006],[7.16576,50.724097],[7.165947,50.723711],[7.165979,50.723573],[7.165855,50.723292],[7.165647,50.722988],[7.165642,50.722901],[7.165957,50.722447],[7.166576,50.721736],[7.166535,50.721713],[7.166332,50.721677],[7.165342,50.723038],[7.165362,50.723049],[7.165012,50.723476],[7.164707,50.724006]]],[[[7.165796,50.7241],[7.166185,50.724132],[7.166212,50.723997],[7.166006,50.723632],[7.165796,50.7241]]],[[[7.166628,50.721741],[7.166629,50.72174],[7.166629,50.72174],[7.166628,50.721741]]]]},"properties":{"landuse_id":11521,"landuse_code":2600,"landuse":"Wald","environment":"forest","area_m2":10126}},{"type":"Feature","geometry":{"type":"MultiPolygon","coordinates":[[[[7.054339,50.7348],[7.054351,50.734869],[7.055114,50.734823],[7.055024,50.734392],[7.054099,50.733489],[7.053851,50.733524],[7.054124,50.73444],[7.054285,50.734428],[7.054339,50.7348]]],[[[7.055575,50.733851],[7.054689,50.733886],[7.054542,50.733857],[7.055071,50.734371],[7.055197,50.734972],[7.055575,50.733851]]]]},"properties":{"landuse_id":3508,"landuse_code":2680,"landuse":"sonstige (kl.) Gehölzfläche","environment":"urban_green","area_m2":10324}},{"type":"Feature","geometry":{"type":"Polygon","coordinates":[[[7.177121,50.750455],[7.1777,50.750778],[7.177743,50.750915],[7.17771,50.751035],[7.177101,50.751455],[7.177212,50.751508],[7.178144,50.750787],[7.178223,50.750824],[7.178506,50.750518],[7.179544,50.749653],[7.179249,50.749565],[7.178729,50.74994],[7.17798,50.750619],[7.177853,50.75062],[7.177271,50.750357],[7.177121,50.750455]]]},"properties":{"landuse_id":18230,"landuse_code":2680,"landuse":"sonstige (kl.) Gehölzfläche","environment":"urban_green","area_m2":6200}},{"type":"Feature","geometry":{"type":"Polygon","coordinates":[[[7.039414,50.677202],[7.039326,50.67725],[7.040477,50.677003],[7.040436,50.676908],[7.04055,50.676635],[7.040537,50.676585],[7.040433,50.676529],[7.040301,50.676715],[7.039414,50.677202]]]},"properties":{"landuse_id":13653,"landuse_code":2600,"landuse":"Wald","environment":"forest","area_m2":1857}},{"type":"Feature","geometry":{"type":"MultiPolygon","coordinates":[[[[7.111593,50.762098],[7.11124,50.762209],[7.11107,50.762146],[7.11105,50.762055],[7.111328,50.761969],[7.110933,50.761751],[7.110637,50.761486],[7.110602,50.761337],[7.110613,50.761095],[7.110525,50.760855],[7.110398,50.760739],[7.110277,50.76068],[7.109753,50.760548],[7.108125,50.760268],[7.106884,50.759995],[7.105677,50.759648],[7.104822,50.759346],[7.10447,50.759281],[7.104455,50.759202],[7.103828,50.758931],[7.104373,50.75922],[7.104374,50.759269],[7.104307,50.759276],[7.103496,50.758973],[7.104185,50.759421],[7.104495,50.759511],[7.104728,50.759628],[7.104943,50.759699],[7.105916,50.759985],[7.107995,50.76043],[7.109783,50.760724],[7.110034,50.760782],[7.110229,50.760862],[7.110331,50.760974],[7.110623,50.761648],[7.11096,50.762218],[7.111064,50.762649],[7.111159,50.762632],[7.111189,50.762599],[7.111414,50.762586],[7.1117,50.762534],[7.11177,50.762625],[7.111889,50.762694],[7.11183,50.762702],[7.111912,50.762807],[7.112152,50.762596],[7.112169,50.762436],[7.112063,50.762309],[7.111855,50.762199],[7.111786,50.762199],[7.111593,50.762098]]],[[[7.103546,50.758847],[7.103502,50.758931],[7.103544,50.758961],[7.104312,50.759249],[7.104333,50.759232],[7.103816,50.758962],[7.103546,50.758847]]]]},"properties":{"landuse_id":19876,"landuse_code":2670,"landuse":"Verkehrsbegleitgrün mit Baumbestand","environment":"urban_green","area_m2":18043}},{"type":"Feature","geometry":{"type":"Polygon","coordinates":[[[7.074272,50.69701],[7.074326,50.697159],[7.074284,50.697357],[7.07432,50.697317],[7.074445,50.69728],[7.074506,50.697226],[7.074505,50.697106],[7.074585,50.697009],[7.074547,50.696998],[7.074316,50.697035],[7.074272,50.69701]]]},"properties":{"landuse_id":16330,"landuse_code":2600,"landuse":"Wald","environment":"forest","area_m2":461}},{"type":"Feature","geometry":{"type":"Polygon","coordinates":[[[7.06146,50.6961],[7.061132,50.696257],[7.060984,50.696211],[7.061021,50.696301],[7.061014,50.69641],[7.061552,50.696418],[7.061623,50.696386],[7.061646,50.69634],[7.061605,50.69624],[7.06146,50.6961]]]},"properties":{"landuse_id":16528,"landuse_code":2645,"landuse":"Grün-/ Parkfläche mit Baumbestand","environment":"urban_green","area_m2":1092}},{"type":"Feature","geometry":{"type":"Polygon","coordinates":[[[7.153392,50.710521],[7.152951,50.710785],[7.152936,50.711013],[7.1534,50.711007],[7.154657,50.710245],[7.154285,50.709983],[7.153392,50.710521]]]},"properties":{"landuse_id":17848,"landuse_code":2645,"landuse":"Grün-/ Parkfläche mit Baumbestand","environment":"urban_green","area_m2":5394}},{"type":"Feature","geometry":{"type":"MultiPolygon","coordinates":[[[[7.068032,50.687499],[7.067765,50.687534],[7.06791,50.687862],[7.068105,50.688148],[7.067905,50.688686],[7.06789,50.688811],[7.067979,50.688854],[7.068184,50.688247],[7.068148,50.687962],[7.068004,50.687706],[7.068032,50.687499]]],[[[7.068283,50.687989],[7.068285,50.68779],[7.068204,50.687791],[7.068283,50.687989]]]]},"properties":{"landuse_id":16339,"landuse_code":2600,"landuse":"Wald","environment":"forest","area_m2":1599}},{"type":"Feature","geometry":{"type":"MultiPolygon","coordinates":[[[[7.187016,50.740393],[7.186363,50.740497],[7.185708,50.740561],[7.185197,50.740932],[7.184791,50.741058],[7.184188,50.741026],[7.183694,50.740948],[7.182583,50.741769],[7.182833,50.741911],[7.182971,50.741817],[7.183786,50.742112],[7.183902,50.742004],[7.184218,50.742123],[7.18405,50.742344],[7.183793,50.742397],[7.183716,50.74246],[7.184058,50.742528],[7.18432,50.742503],[7.184592,50.742558],[7.184741,50.742538],[7.185373,50.742555],[7.185702,50.742605],[7.186111,50.742606],[7.186198,50.742554],[7.186327,50.742525],[7.186733,50.742538],[7.187001,50.7425],[7.187302,50.742487],[7.18744,50.742446],[7.187654,50.74182],[7.186868,50.741714],[7.187333,50.741211],[7.187502,50.74072],[7.187122,50.740614],[7.187194,50.74051],[7.187299,50.740463],[7.187016,50.740393]],[[7.186741,50.741267],[7.186643,50.741282],[7.186625,50.741243],[7.186715,50.741229],[7.186741,50.741267]],[[7.186724,50.740983],[7.186614,50.74099],[7.186579,50.740939],[7.186616,50.740917],[7.186682,50.74092],[7.186724,50.740983]]],[[[7.183194,50.743063],[7.183026,50.743069],[7.183052,50.74315],[7.182667,50.743152],[7.182692,50.743036],[7.182205,50.742866],[7.182478,50.743106],[7.181932,50.743459],[7.181743,50.743235],[7.181619,50.743364],[7.181475,50.743436],[7.181671,50.743633],[7.181158,50.743806],[7.181355,50.744024],[7.181701,50.743901],[7.181804,50.744103],[7.181832,50.744324],[7.181954,50.744346],[7.182027,50.744124],[7.182027,50.744008],[7.182425,50.743929],[7.182802,50.743987],[7.182897,50.743874],[7.183072,50.744111],[7.182787,50.744337],[7.182966,50.744493],[7.183287,50.744401],[7.183385,50.744533],[7.183873,50.744383],[7.183993,50.74466],[7.185767,50.744604],[7.185785,50.744929],[7.186019,50.744948],[7.186208,50.745013],[7.186189,50.744582],[7.186721,50.744549],[7.186903,50.74399],[7.186858,50.743974],[7.186892,50.743827],[7.187118,50.743296],[7.187076,50.743283],[7.18731,50.742881],[7.187428,50.742485],[7.186739,50.742565],[7.18635,50.742547],[7.186234,50.742573],[7.186132,50.742628],[7.185897,50.742616],[7.185704,50.742632],[7.185392,50.742584],[7.184732,50.742564],[7.184569,50.742581],[7.184324,50.74253],[7.184049,50.742551],[7.1837,50.742478],[7.183194,50.743063]]]]},"properties":{"landuse_id":18981,"landuse_code":2600,"landuse":"Wald","environment":"forest","area_m2":128379}},{"type":"Feature","geometry":{"type":"Polygon","coordinates":[[[7.070882,50.74806],[7.071099,50.747702],[7.072764,50.74717],[7.071463,50.747579],[7.07038,50.747861],[7.070882,50.74806]]]},"properties":{"landuse_id":20066,"landuse_code":2670,"landuse":"Verkehrsbegleitgrün mit Baumbestand","environment":"urban_green","area_m2":1085}},{"type":"Feature","geometry":{"type":"Polygon","coordinates":[[[7.060518,50.697032],[7.060476,50.697071],[7.060817,50.697351],[7.060849,50.697335],[7.060919,50.696994],[7.061334,50.696931],[7.061351,50.696912],[7.061356,50.696875],[7.061139,50.696609],[7.061062,50.69658],[7.06098,50.696588],[7.060689,50.696745],[7.060656,50.696906],[7.060518,50.697032]]]},"properties":{"landuse_id":16529,"landuse_code":2645,"landuse":"Grün-/ Parkfläche mit Baumbestand","environment":"urban_green","area_m2":2369}},{"type":"Feature","geometry":{"type":"Polygon","coordinates":[[[7.060413,50.708161],[7.060846,50.708055],[7.060851,50.708017],[7.060309,50.708009],[7.060413,50.708161]]]},"properties":{"landuse_id":16536,"landuse_code":2680,"landuse":"sonstige (kl.) Gehölzfläche","environment":"urban_green","area_m2":382}},{"type":"Feature","geometry":{"type":"Polygon","coordinates":[[[7.08351,50.765225],[7.08272,50.765587],[7.081635,50.766002],[7.076758,50.768039],[7.076689,50.768086],[7.076652,50.768153],[7.076781,50.768285],[7.077403,50.76829],[7.078309,50.768223],[7.078749,50.768176],[7.079475,50.768052],[7.080392,50.767871],[7.082689,50.767269],[7.083283,50.767044],[7.084086,50.766693],[7.086921,50.765206],[7.087027,50.765137],[7.087128,50.765002],[7.087297,50.764909],[7.087504,50.764852],[7.088296,50.764432],[7.089962,50.763624],[7.090814,50.76325],[7.091652,50.762943],[7.093699,50.762251],[7.093362,50.762311],[7.092626,50.762532],[7.092491,50.762538],[7.092253,50.762608],[7.091364,50.762938],[7.091121,50.762914],[7.090905,50.762742],[7.087894,50.763811],[7.086653,50.764196],[7.085507,50.764613],[7.085488,50.764599],[7.085516,50.764576],[7.08582,50.764459],[7.085839,50.764306],[7.086002,50.764166],[7.085864,50.764165],[7.085725,50.764208],[7.085176,50.764495],[7.084769,50.76464],[7.084568,50.764675],[7.084388,50.764766],[7.084265,50.764917],[7.084143,50.765001],[7.08351,50.765225]],[[7.084114,50.765162],[7.084366,50.765046],[7.084466,50.765182],[7.084609,50.765171],[7.085033,50.765001],[7.08541,50.764948],[7.085696,50.76479],[7.085918,50.764766],[7.086172,50.764687],[7.086492,50.764569],[7.086888,50.764377],[7.087004,50.764378],[7.087025,50.764408],[7.087016,50.764439],[7.086757,50.764548],[7.086255,50.764851],[7.085343,50.765523],[7.085121,50.765657],[7.084878,50.765863],[7.084391,50.766134],[7.082966,50.766623],[7.082507,50.766658],[7.082292,50.766598],[7.082178,50.766449],[7.082196,50.766341],[7.082324,50.766211],[7.084087,50.765378],[7.084182,50.765277],[7.084114,50.765162]]]},"properties":{"landuse_id":16564,"landuse_code":2680,"landuse":"sonstige (kl.) Gehölzfläche","environment":"urban_green","area_m2":106648}},{"type":"Feature","geometry":{"type":"Polygon","coordinates":[[[7.04901,50.735428],[7.04943,50.735511],[7.049858,50.735567],[7.050863,50.735498],[7.050959,50.735545],[7.050983,50.735657],[7.051342,50.735647],[7.051329,50.735604],[7.051255,50.735615],[7.05121,50.735451],[7.051252,50.735447],[7.051123,50.734994],[7.049856,50.735],[7.049751,50.734956],[7.049605,50.734774],[7.049463,50.734847],[7.049292,50.734999],[7.049127,50.735359],[7.04901,50.735428]]]},"properties":{"landuse_id":3707,"landuse_code":2680,"landuse":"sonstige (kl.) Gehölzfläche","environment":"urban_green","area_m2":9169}},{"type":"Feature","geometry":{"type":"Polygon","coordinates":[[[7.085275,50.677458],[7.085753,50.67796],[7.086126,50.678479],[7.086146,50.678581],[7.086228,50.679243],[7.086145,50.679713],[7.086083,50.679944],[7.085779,50.680509],[7.085929,50.681063],[7.085846,50.681221],[7.085347,50.681537],[7.084672,50.681841],[7.084394,50.682113],[7.084336,50.682209],[7.084339,50.68249],[7.083973,50.683053],[7.083877,50.683747],[7.083714,50.683912],[7.083679,50.684369],[7.08383,50.684524],[7.086138,50.685647],[7.086435,50.684314],[7.086166,50.684324],[7.086138,50.684373],[7.085749,50.684329],[7.085554,50.684987],[7.084637,50.684816],[7.084359,50.684732],[7.084253,50.684676],[7.084136,50.684442],[7.084421,50.68323],[7.084409,50.682934],[7.084487,50.682732],[7.08674,50.682944],[7.086989,50.681835],[7.087029,50.681872],[7.087974,50.677554],[7.085275,50.677458]]]},"properties":{"landuse_id":15546,"landuse_code":2600,"landuse":"Wald","environment":"forest","area_m2":90247}},{"type":"Feature","geometry":{"type":"Polygon","coordinates":[[[7.146773,50.663603],[7.147116,50.663344],[7.147768,50.662937],[7.148372,50.662389],[7.148718,50.662032],[7.148828,50.661613],[7.148028,50.661621],[7.147616,50.661756],[7.146945,50.662408],[7.146035,50.662044],[7.145632,50.662646],[7.145635,50.662687],[7.145606,50.662666],[7.145607,50.66268],[7.146118,50.663042],[7.146747,50.663623],[7.146773,50.663603]]]},"properties":{"landuse_id":19664,"landuse_code":2600,"landuse":"Wald","environment":"forest","area_m2":23942}},{"type":"Feature","geometry":{"type":"Polygon","coordinates":[[[7.159019,50.681098],[7.158783,50.681031],[7.158655,50.681176],[7.158471,50.68117],[7.158167,50.6813],[7.158001,50.681346],[7.157508,50.681619],[7.156941,50.681892],[7.157802,50.682499],[7.159674,50.681792],[7.159668,50.68174],[7.159019,50.681098]],[[7.157938,50.681666],[7.157758,50.681616],[7.157745,50.681564],[7.158051,50.68142],[7.158198,50.681556],[7.158337,50.681603],[7.15838,50.681644],[7.158381,50.681846],[7.158366,50.681898],[7.158315,50.681933],[7.158255,50.681956],[7.158149,50.681943],[7.158004,50.681711],[7.157938,50.681666]]]},"properties":{"landuse_id":11885,"landuse_code":2645,"landuse":"Grün-/ Parkfläche mit Baumbestand","environment":"urban_green","area_m2":14727}},{"type":"Feature","geometry":{"type":"Polygon","coordinates":[[[7.061179,50.632957],[7.061182,50.632957],[7.060987,50.632926],[7.060987,50.632926],[7.061179,50.632957]]]},"properties":{"landuse_id":12190,"landuse_code":2670,"landuse":"Verkehrsbegleitgrün mit Baumbestand","environment":"urban_green","area_m2":1}},{"type":"Feature","geometry":{"type":"Polygon","coordinates":[[[7.063047,50.685503],[7.062554,50.685944],[7.06249,50.686039],[7.062627,50.6861],[7.063001,50.685865],[7.063948,50.686083],[7.064715,50.686311],[7.06504,50.68579],[7.066193,50.68608],[7.066139,50.686174],[7.066049,50.686226],[7.066351,50.686462],[7.0667,50.686922],[7.067195,50.687379],[7.067405,50.687395],[7.067733,50.68746],[7.067765,50.687534],[7.068032,50.687499],[7.067973,50.687437],[7.067886,50.687437],[7.067791,50.687399],[7.067672,50.687262],[7.067533,50.687245],[7.06752,50.687179],[7.067191,50.686934],[7.067144,50.686771],[7.067048,50.686728],[7.066936,50.686604],[7.06694,50.686484],[7.066787,50.686429],[7.066685,50.686306],[7.066614,50.686277],[7.066593,50.68625],[7.066624,50.686158],[7.066717,50.686076],[7.066716,50.686024],[7.066757,50.685977],[7.066613,50.685659],[7.066419,50.685456],[7.064035,50.684779],[7.06346,50.684981],[7.063272,50.685081],[7.063047,50.685503]]]},"properties":{"landuse_id":16340,"landuse_code":2600,"landuse":"Wald","environment":"forest","area_m2":32690}},{"type":"Feature","geometry":{"type":"MultiPolygon","coordinates":[[[[7.099737,50.707844],[7.10026,50.707572],[7.099978,50.707383],[7.099651,50.70709],[7.099463,50.706802],[7.099058,50.706713],[7.098879,50.706504],[7.098714,50.706466],[7.098587,50.706526],[7.098274,50.707144],[7.099045,50.707447],[7.099238,50.707588],[7.099643,50.707774],[7.099737,50.707844]],[[7.098926,50.707222],[7.098573,50.707073],[7.098844,50.706808],[7.09936,50.707024],[7.099075,50.707289],[7.098926,50.707222]]],[[[7.09772,50.706835],[7.097749,50.706911],[7.097804,50.706955],[7.098232,50.707126],[7.098414,50.706727],[7.098543,50.706511],[7.09863,50.70645],[7.098633,50.7064],[7.09776,50.706145],[7.097725,50.70634],[7.09772,50.706835]]]]},"properties":{"landuse_id":5725,"landuse_code":2600,"landuse":"Wald","environment":"forest","area_m2":12561}},{"type":"Feature","geometry":{"type":"Polygon","coordinates":[[[7.156527,50.71007],[7.156226,50.709957],[7.15558,50.710139],[7.155547,50.710475],[7.155836,50.710512],[7.156527,50.71007]]]},"properties":{"landuse_id":17850,"landuse_code":2645,"landuse":"Grün-/ Parkfläche mit Baumbestand","environment":"urban_green","area_m2":2335}},{"type":"Feature","geometry":{"type":"Polygon","coordinates":[[[7.078837,50.714558],[7.078956,50.714515],[7.079075,50.713966],[7.079131,50.713893],[7.079195,50.713848],[7.079346,50.71381],[7.079691,50.713799],[7.079721,50.713676],[7.079712,50.713627],[7.079636,50.713552],[7.079634,50.713479],[7.079707,50.713249],[7.079731,50.713032],[7.079774,50.712953],[7.079859,50.712893],[7.079993,50.712824],[7.080136,50.712786],[7.080456,50.712788],[7.080733,50.712858],[7.080767,50.712895],[7.080454,50.713036],[7.080366,50.713167],[7.080274,50.713413],[7.080314,50.713561],[7.080685,50.713821],[7.080751,50.713972],[7.080854,50.714018],[7.080892,50.713616],[7.081084,50.712744],[7.079487,50.712364],[7.079372,50.712389],[7.079281,50.712467],[7.079168,50.712708],[7.079214,50.713013],[7.079211,50.713447],[7.07911,50.713631],[7.079019,50.713731],[7.078448,50.714227],[7.078445,50.714358],[7.078494,50.714443],[7.078591,50.714491],[7.078837,50.714558]]]},"properties":{"landuse_id":1088,"landuse_code":2600,"landuse":"Wald","environment":"forest","area_m2":15064}},{"type":"Feature","geometry":{"type":"Polygon","coordinates":[[[7.101082,50.65674],[7.101921,50.657016],[7.101264,50.656758],[7.100161,50.65621],[7.099955,50.656102],[7.099496,50.655775],[7.099456,50.655807],[7.099882,50.656089],[7.101082,50.65674]]]},"properties":{"landuse_id":1552,"landuse_code":2600,"landuse":"Wald","environment":"forest","area_m2":766}},{"type":"Feature","geometry":{"type":"Polygon","coordinates":[[[7.118114,50.697828],[7.117911,50.69773],[7.117931,50.697819],[7.117859,50.697889],[7.117891,50.697986],[7.117812,50.698001],[7.117726,50.698073],[7.117629,50.698093],[7.117658,50.698162],[7.117697,50.698179],[7.118114,50.697828]]]},"properties":{"landuse_id":2325,"landuse_code":2600,"landuse":"Wald","environment":"forest","area_m2":384}},{"type":"Feature","geometry":{"type":"Polygon","coordinates":[[[7.13972,50.710902],[7.139932,50.711588],[7.140419,50.711739],[7.140517,50.71151],[7.14069,50.711361],[7.141095,50.711174],[7.140541,50.711154],[7.140176,50.711043],[7.140077,50.710834],[7.140289,50.710606],[7.140463,50.710472],[7.1405,50.710394],[7.140352,50.710262],[7.140429,50.710215],[7.140394,50.709644],[7.139846,50.71047],[7.139747,50.710729],[7.13972,50.710902]]]},"properties":{"landuse_id":11750,"landuse_code":2645,"landuse":"Grün-/ Parkfläche mit Baumbestand","environment":"urban_green","area_m2":7784}},{"type":"Feature","geometry":{"type":"MultiPolygon","coordinates":[[[[7.080987,50.725485],[7.080983,50.72551],[7.080983,50.725651],[7.08099,50.725671],[7.080987,50.725635],[7.080985,50.725598],[7.080984,50.725561],[7.080985,50.725523],[7.080987,50.725486],[7.080987,50.725485]]],[[[7.080993,50.725681],[7.081026,50.725778],[7.081103,50.725981],[7.081153,50.726107],[7.081159,50.726103],[7.081107,50.725968],[7.081085,50.725911],[7.081038,50.725795],[7.080993,50.725681]]]]},"properties":{"landuse_id":12306,"landuse_code":2670,"landuse":"Verkehrsbegleitgrün mit Baumbestand","environment":"urban_green","area_m2":24}},{"type":"Feature","geometry":{"type":"Polygon","coordinates":[[[7.058647,50.636654],[7.058637,50.636255],[7.059128,50.635973],[7.05918,50.635899],[7.059147,50.635808],[7.058948,50.635686],[7.058535,50.63603],[7.058485,50.636122],[7.058489,50.636278],[7.058647,50.636654]]]},"properties":{"landuse_id":3762,"landuse_code":2600,"landuse":"Wald","environment":"forest","area_m2":1839}},{"type":"Feature","geometry":{"type":"MultiPolygon","coordinates":[[[[7.04307,50.658198],[7.043096,50.658187],[7.043874,50.65842],[7.045436,50.657784],[7.045475,50.657795],[7.049442,50.65618],[7.049491,50.656116],[7.048687,50.655285],[7.047211,50.653602],[7.04653,50.652757],[7.046253,50.652324],[7.045374,50.650642],[7.044871,50.649915],[7.044621,50.649604],[7.043545,50.648424],[7.042545,50.647424],[7.042033,50.646762],[7.041945,50.646688],[7.041853,50.646672],[7.041668,50.646724],[7.040045,50.647539],[7.039048,50.648383],[7.03816,50.649012],[7.037407,50.649292],[7.03684,50.649722],[7.036225,50.649981],[7.03547,50.650834],[7.04307,50.658198]]],[[[7.035417,50.650899],[7.035412,50.650906],[7.035431,50.650913],[7.035417,50.650899]]]]},"properties":{"landuse_id":15983,"landuse_code":2600,"landuse":"Wald","environment":"forest","area_m2":637518}},{"type":"Feature","geometry":{"type":"MultiPolygon","coordinates":[[[[7.080041,50.711473],[7.079227,50.711348],[7.079191,50.71144],[7.07867,50.711355],[7.078619,50.711634],[7.079083,50.71172],[7.078929,50.712063],[7.078692,50.712021],[7.078582,50.712377],[7.079242,50.712451],[7.07935,50.712368],[7.079484,50.712339],[7.079848,50.712411],[7.079832,50.712228],[7.080029,50.71161],[7.080041,50.711473]]],[[[7.080081,50.712453],[7.080835,50.710821],[7.080779,50.710815],[7.080889,50.710289],[7.080257,50.71019],[7.080228,50.71078],[7.080071,50.711615],[7.079875,50.712232],[7.079887,50.712406],[7.080081,50.712453]]],[[[7.080893,50.710262],[7.080968,50.709369],[7.081161,50.709],[7.081132,50.708931],[7.080939,50.708874],[7.080803,50.70895],[7.080681,50.708942],[7.080388,50.709548],[7.080256,50.709743],[7.080257,50.710162],[7.080893,50.710262]]],[[[7.078684,50.710423],[7.078843,50.710585],[7.079376,50.71074],[7.079205,50.710917],[7.080069,50.711149],[7.080177,50.710781],[7.080202,50.709824],[7.07968,50.710396],[7.079499,50.710409],[7.079174,50.710357],[7.078922,50.71036],[7.078766,50.710385],[7.078684,50.710423]]]]},"properties":{"landuse_id":2322,"landuse_code":2600,"landuse":"Wald","environment":"forest","area_m2":29605}},{"type":"Feature","geometry":{"type":"Polygon","coordinates":[[[7.105317,50.659621],[7.10538,50.659601],[7.10416,50.65797],[7.103693,50.657634],[7.10371,50.657677],[7.10402,50.657886],[7.104194,50.658056],[7.105317,50.659621]]]},"properties":{"landuse_id":9618,"landuse_code":2600,"landuse":"Wald","environment":"forest","area_m2":705}},{"type":"Feature","geometry":{"type":"Polygon","coordinates":[[[7.137788,50.648829],[7.133437,50.648373],[7.133848,50.648574],[7.134888,50.648902],[7.13531,50.64919],[7.136846,50.64972],[7.137172,50.649861],[7.137746,50.650225],[7.13788,50.650336],[7.138388,50.650877],[7.138155,50.650058],[7.137781,50.649452],[7.137751,50.648991],[7.137788,50.648829]]]},"properties":{"landuse_id":236,"landuse_code":2600,"landuse":"Wald","environment":"forest","area_m2":24937}},{"type":"Feature","geometry":{"type":"MultiPolygon","coordinates":[[[[7.069891,50.643649],[7.069394,50.643178],[7.068454,50.643484],[7.067318,50.643605],[7.067043,50.642734],[7.069938,50.642466],[7.069641,50.640951],[7.069565,50.640906],[7.066622,50.641282],[7.066794,50.642015],[7.065551,50.642119],[7.065639,50.641362],[7.060959,50.641739],[7.060727,50.641779],[7.061159,50.644536],[7.062779,50.654103],[7.062958,50.654182],[7.063257,50.654213],[7.063608,50.6541],[7.063712,50.654042],[7.071143,50.648791],[7.071164,50.648698],[7.070185,50.643737],[7.069891,50.643649]],[[7.068293,50.648695],[7.06832,50.648672],[7.068518,50.648693],[7.06847,50.648747],[7.068457,50.648832],[7.068373,50.648842],[7.068293,50.648695]],[[7.062319,50.648143],[7.062331,50.648075],[7.062445,50.648018],[7.062505,50.64802],[7.062551,50.648062],[7.062664,50.648102],[7.062622,50.648219],[7.06249,50.64826],[7.062399,50.648221],[7.062319,50.648143]]],[[[7.062983,50.654218],[7.062786,50.654144],[7.062812,50.654293],[7.062844,50.654319],[7.062982,50.654296],[7.063006,50.654262],[7.062983,50.654218]]]]},"properties":{"landuse_id":22485,"landuse_code":2600,"landuse":"Wald","environment":"forest","area_m2":721597}},{"type":"Feature","geometry":{"type":"Polygon","coordinates":[[[7.091021,50.650374],[7.089046,50.649181],[7.088423,50.648719],[7.087405,50.64885],[7.087167,50.648241],[7.087133,50.648238],[7.087167,50.648241],[7.087405,50.64885],[7.087325,50.648861],[7.087125,50.648355],[7.087098,50.648824],[7.087662,50.648945],[7.088107,50.649087],[7.089353,50.649666],[7.090238,50.650151],[7.090794,50.650341],[7.091013,50.650449],[7.091021,50.650374]]]},"properties":{"landuse_id":12204,"landuse_code":2600,"landuse":"Wald","environment":"forest","area_m2":8148}},{"type":"Feature","geometry":{"type":"Polygon","coordinates":[[[7.109916,50.68366],[7.109977,50.68357],[7.109933,50.683496],[7.109586,50.68337],[7.109309,50.683573],[7.109607,50.683777],[7.109916,50.68366]]]},"properties":{"landuse_id":12590,"landuse_code":2680,"landuse":"sonstige (kl.) Gehölzfläche","environment":"urban_green","area_m2":1239}},{"type":"Feature","geometry":{"type":"Polygon","coordinates":[[[7.139869,50.713165],[7.139058,50.713334],[7.138526,50.713563],[7.138274,50.713765],[7.138187,50.714033],[7.138351,50.71397],[7.138493,50.71378],[7.138709,50.713631],[7.138965,50.713503],[7.139856,50.713335],[7.139972,50.713294],[7.139869,50.713165]]]},"properties":{"landuse_id":7582,"landuse_code":2645,"landuse":"Grün-/ Parkfläche mit Baumbestand","environment":"urban_green","area_m2":2273}},{"type":"Feature","geometry":{"type":"Polygon","coordinates":[[[7.142571,50.71342],[7.142761,50.713636],[7.143052,50.713857],[7.142528,50.71385],[7.142462,50.713959],[7.142242,50.714126],[7.141963,50.714241],[7.141496,50.714357],[7.141685,50.714697],[7.142231,50.714503],[7.142798,50.714249],[7.143244,50.713997],[7.143506,50.713767],[7.143586,50.713553],[7.143522,50.713422],[7.143442,50.713384],[7.143125,50.71333],[7.143062,50.713304],[7.142993,50.713224],[7.143014,50.713071],[7.143221,50.712828],[7.143018,50.712699],[7.14261,50.713128],[7.142571,50.71342]]]},"properties":{"landuse_id":4874,"landuse_code":2645,"landuse":"Grün-/ Parkfläche mit Baumbestand","environment":"urban_green","area_m2":9621}},{"type":"Feature","geometry":{"type":"Polygon","coordinates":[[[7.076993,50.713996],[7.07696,50.714047],[7.076885,50.714062],[7.076686,50.714245],[7.075988,50.714149],[7.075758,50.714335],[7.075636,50.71452],[7.075508,50.714844],[7.075504,50.714982],[7.075355,50.715073],[7.075412,50.715113],[7.075423,50.715079],[7.075676,50.715246],[7.076026,50.715529],[7.076121,50.714704],[7.076152,50.714638],[7.076282,50.714598],[7.076676,50.714623],[7.076769,50.71436],[7.077479,50.714435],[7.077536,50.71441],[7.077548,50.714301],[7.077612,50.714175],[7.076993,50.713996]]]},"properties":{"landuse_id":4256,"landuse_code":2600,"landuse":"Wald","environment":"forest","area_m2":8596}},{"type":"Feature","geometry":{"type":"Polygon","coordinates":[[[7.136922,50.71666],[7.137727,50.716873],[7.13844,50.716723],[7.138212,50.716427],[7.138015,50.716343],[7.137625,50.716352],[7.137432,50.716272],[7.137171,50.716263],[7.13693,50.71631],[7.136829,50.716449],[7.136922,50.71666]]]},"properties":{"landuse_id":17148,"landuse_code":2645,"landuse":"Grün-/ Parkfläche mit Baumbestand","environment":"urban_green","area_m2":5234}},{"type":"Feature","geometry":{"type":"Polygon","coordinates":[[[7.129267,50.684315],[7.129612,50.683944],[7.129328,50.683853],[7.128993,50.684213],[7.129267,50.684315]]]},"properties":{"landuse_id":12626,"landuse_code":2680,"landuse":"sonstige (kl.) Gehölzfläche","environment":"urban_green","area_m2":1063}},{"type":"Feature","geometry":{"type":"Polygon","coordinates":[[[7.12901,50.732208],[7.128592,50.731956],[7.127021,50.73313],[7.127139,50.733191],[7.126902,50.733379],[7.127243,50.733506],[7.127348,50.733396],[7.127568,50.733484],[7.127543,50.733514],[7.128299,50.733793],[7.128223,50.733875],[7.128599,50.734016],[7.128821,50.733782],[7.129776,50.732613],[7.12901,50.732208]],[[7.128666,50.733606],[7.128543,50.733674],[7.128394,50.733705],[7.128203,50.733701],[7.128012,50.733668],[7.12784,50.733607],[7.127704,50.733526],[7.127623,50.733426],[7.127603,50.73333],[7.127633,50.73323],[7.128305,50.7324],[7.128494,50.732306],[7.128733,50.732273],[7.128984,50.73231],[7.129255,50.732427],[7.129365,50.732521],[7.129406,50.732651],[7.129379,50.732738],[7.128666,50.733606]]]},"properties":{"landuse_id":19457,"landuse_code":2645,"landuse":"Grün-/ Parkfläche mit Baumbestand","environment":"urban_green","area_m2":10384}},{"type":"Feature","geometry":{"type":"Polygon","coordinates":[[[7.085541,50.686732],[7.085472,50.687024],[7.085871,50.687118],[7.085949,50.686773],[7.085541,50.686732]]]},"properties":{"landuse_id":20160,"landuse_code":2600,"landuse":"Wald","environment":"forest","area_m2":1051}},{"type":"Feature","geometry":{"type":"Polygon","coordinates":[[[7.103937,50.686112],[7.103209,50.686434],[7.103117,50.686499],[7.103007,50.686652],[7.102985,50.686703],[7.103027,50.686699],[7.103008,50.686748],[7.102967,50.686752],[7.102952,50.686835],[7.103042,50.687103],[7.103192,50.687378],[7.103286,50.687452],[7.103405,50.687514],[7.103669,50.687595],[7.103916,50.687718],[7.104287,50.687964],[7.104701,50.688407],[7.104809,50.688603],[7.105062,50.688833],[7.105201,50.689001],[7.105364,50.689086],[7.106097,50.688934],[7.10699,50.688877],[7.107283,50.688777],[7.107143,50.688343],[7.106936,50.68803],[7.106999,50.687627],[7.107157,50.687535],[7.107499,50.687688],[7.107605,50.687689],[7.108098,50.687394],[7.107325,50.686481],[7.106953,50.686415],[7.106954,50.686397],[7.106552,50.686359],[7.105361,50.686133],[7.104152,50.686083],[7.103937,50.686112]]]},"properties":{"landuse_id":2489,"landuse_code":2600,"landuse":"Wald","environment":"forest","area_m2":76217}},{"type":"Feature","geometry":{"type":"MultiPolygon","coordinates":[[[[7.119891,50.656759],[7.119681,50.656602],[7.119431,50.656651],[7.119264,50.656665],[7.119142,50.656651],[7.119149,50.656718],[7.119092,50.656714],[7.118933,50.656793],[7.118818,50.656814],[7.118761,50.656778],[7.118606,50.656786],[7.118533,50.656742],[7.118328,50.656768],[7.118277,50.656796],[7.118173,50.656792],[7.118061,50.656878],[7.117892,50.656885],[7.117713,50.656839],[7.117093,50.65691],[7.117047,50.656956],[7.11694,50.657],[7.116817,50.657021],[7.116765,50.657021],[7.116734,50.656977],[7.116568,50.657054],[7.116408,50.657044],[7.116189,50.657092],[7.11613,50.657047],[7.116018,50.657088],[7.115902,50.657077],[7.115826,50.657102],[7.11577,50.657073],[7.115695,50.657111],[7.115635,50.657096],[7.115583,50.657124],[7.115465,50.657137],[7.115424,50.657121],[7.1153,50.65714],[7.11528,50.657164],[7.115163,50.657171],[7.11513,50.657232],[7.115024,50.6573],[7.114849,50.657283],[7.114713,50.657296],[7.11464,50.657376],[7.114375,50.657375],[7.1143,50.657461],[7.114256,50.657444],[7.11419,50.657461],[7.114103,50.657446],[7.114109,50.657505],[7.114079,50.657511],[7.113957,50.657465],[7.113747,50.657502],[7.113719,50.657491],[7.113628,50.657531],[7.113225,50.65759],[7.11309,50.657651],[7.112807,50.657684],[7.112782,50.657731],[7.112711,50.657744],[7.112697,50.657713],[7.112549,50.657719],[7.11252,50.657701],[7.112438,50.657761],[7.112323,50.657762],[7.112299,50.657737],[7.112198,50.657775],[7.112179,50.657813],[7.11204,50.657805],[7.11187,50.657837],[7.111716,50.657897],[7.111594,50.657884],[7.111408,50.657922],[7.111069,50.657944],[7.110873,50.658013],[7.110857,50.658046],[7.110769,50.658081],[7.110735,50.658044],[7.110608,50.658045],[7.110549,50.658065],[7.11052,50.658111],[7.110311,50.658152],[7.110234,50.658111],[7.110202,50.658144],[7.110184,50.658115],[7.110127,50.658115],[7.110099,50.658138],[7.110037,50.658127],[7.109969,50.658156],[7.109984,50.658182],[7.109912,50.658201],[7.109878,50.658182],[7.109731,50.658203],[7.109706,50.658173],[7.1096,50.658184],[7.109529,50.658219],[7.109322,50.658181],[7.109302,50.658235],[7.109159,50.6582],[7.10908,50.658248],[7.108826,50.658291],[7.108786,50.658411],[7.108547,50.658425],[7.108525,50.658401],[7.108303,50.658374],[7.108261,50.658441],[7.108093,50.65849],[7.108013,50.658492],[7.107825,50.658435],[7.107756,50.658473],[7.106655,50.658805],[7.105402,50.659587],[7.105644,50.659672],[7.105891,50.659707],[7.107132,50.659579],[7.107296,50.659615],[7.107565,50.659739],[7.107912,50.659762],[7.108142,50.659729],[7.108405,50.659649],[7.10873,50.659697],[7.109272,50.659688],[7.109936,50.659575],[7.11076,50.659525],[7.110917,50.659255],[7.111044,50.659169],[7.11205,50.658837],[7.112513,50.658726],[7.113497,50.658322],[7.114186,50.658264],[7.114944,50.658138],[7.116486,50.658113],[7.116872,50.658151],[7.117077,50.65822],[7.117909,50.657879],[7.118666,50.657206],[7.11908,50.656932],[7.11942,50.656835],[7.119633,50.656816],[7.119891,50.656759]]],[[[7.10538,50.659601],[7.105322,50.659627],[7.105498,50.659657],[7.10538,50.659601]]],[[[7.107092,50.65961],[7.107157,50.659613],[7.107126,50.659607],[7.107092,50.65961]]]]},"properties":{"landuse_id":12636,"landuse_code":2600,"landuse":"Wald","environment":"forest","area_m2":109142}},{"type":"Feature","geometry":{"type":"Polygon","coordinates":[[[7.176305,50.680539],[7.175671,50.6804],[7.175245,50.680851],[7.175682,50.680547],[7.1758,50.680497],[7.175813,50.680516],[7.176469,50.680697],[7.176609,50.680699],[7.177236,50.679647],[7.177436,50.679456],[7.177581,50.67936],[7.177376,50.679291],[7.176967,50.679724],[7.176887,50.679692],[7.176305,50.680539]]]},"properties":{"landuse_id":999,"landuse_code":2680,"landuse":"sonstige (kl.) Gehölzfläche","environment":"urban_green","area_m2":4367}},{"type":"Feature","geometry":{"type":"MultiPolygon","coordinates":[[[[7.139953,50.655292],[7.140006,50.655096],[7.140506,50.654662],[7.140745,50.654249],[7.140817,50.653851],[7.140917,50.653582],[7.140902,50.653479],[7.140198,50.653509],[7.139513,50.653326],[7.138721,50.653183],[7.137658,50.652763],[7.135436,50.652314],[7.13409,50.652017],[7.133485,50.651997],[7.133332,50.652061],[7.133249,50.652155],[7.133517,50.652365],[7.13491,50.652983],[7.135279,50.653337],[7.136065,50.654256],[7.136427,50.654564],[7.137134,50.654906],[7.137444,50.655029],[7.138353,50.65524],[7.13903,50.655279],[7.139917,50.655557],[7.139953,50.655292]]],[[[7.140629,50.654524],[7.140637,50.654513],[7.140666,50.654472],[7.140691,50.654433],[7.140711,50.654393],[7.140722,50.654366],[7.140633,50.654516],[7.140629,50.654524]]]]},"properties":{"landuse_id":726,"landuse_code":2600,"landuse":"Wald","environment":"forest","area_m2":92785}},{"type":"Feature","geometry":{"type":"MultiPolygon","coordinates":[[[[7.095037,50.713617],[7.095066,50.713754],[7.095414,50.714147],[7.095655,50.713873],[7.095469,50.713809],[7.095228,50.713648],[7.095037,50.713617]]],[[[7.09544,50.714181],[7.095575,50.71413],[7.095668,50.714062],[7.095693,50.713906],[7.09544,50.714181]]]]},"properties":{"landuse_id":133,"landuse_code":2600,"landuse":"Wald","environment":"forest","area_m2":1271}},{"type":"Feature","geometry":{"type":"Polygon","coordinates":[[[7.143459,50.714154],[7.143251,50.714291],[7.143161,50.714381],[7.143114,50.714455],[7.143116,50.714517],[7.143148,50.714583],[7.14334,50.714712],[7.143488,50.714781],[7.143801,50.714874],[7.143553,50.714668],[7.143515,50.714544],[7.143577,50.714419],[7.143706,50.714332],[7.143802,50.714145],[7.1439,50.714075],[7.143849,50.71399],[7.143459,50.714154]]]},"properties":{"landuse_id":17155,"landuse_code":2645,"landuse":"Grün-/ Parkfläche mit Baumbestand","environment":"urban_green","area_m2":2258}},{"type":"Feature","geometry":{"type":"MultiPolygon","coordinates":[[[[7.14191,50.721777],[7.141755,50.721637],[7.141216,50.721769],[7.14191,50.721777]]],[[[7.141722,50.721607],[7.141349,50.72127],[7.141275,50.721369],[7.140842,50.721643],[7.140948,50.721766],[7.141066,50.721767],[7.141722,50.721607]]]]},"properties":{"landuse_id":17118,"landuse_code":2645,"landuse":"Grün-/ Parkfläche mit Baumbestand","environment":"urban_green","area_m2":2022}},{"type":"Feature","geometry":{"type":"Polygon","coordinates":[[[7.139044,50.730079],[7.139275,50.73002],[7.13939,50.730013],[7.139886,50.730054],[7.140183,50.729833],[7.140315,50.729811],[7.141122,50.729857],[7.14188,50.729957],[7.142065,50.729999],[7.142247,50.730074],[7.142564,50.730106],[7.143105,50.730243],[7.143444,50.730405],[7.143767,50.730496],[7.143932,50.730702],[7.143951,50.730811],[7.143891,50.730902],[7.143681,50.731016],[7.143587,50.731099],[7.143554,50.731397],[7.143478,50.731463],[7.143299,50.731461],[7.143211,50.73142],[7.143123,50.731364],[7.14281,50.731044],[7.142655,50.731008],[7.142526,50.731021],[7.142116,50.731347],[7.142052,50.731436],[7.142036,50.731617],[7.142175,50.731929],[7.142204,50.731938],[7.14244,50.731522],[7.142545,50.731524],[7.142949,50.731714],[7.143151,50.731542],[7.143387,50.731655],[7.143186,50.731831],[7.143291,50.731883],[7.143106,50.732262],[7.143292,50.732337],[7.143714,50.731428],[7.14386,50.731229],[7.143916,50.731183],[7.144452,50.731284],[7.144728,50.73071],[7.144643,50.73037],[7.144503,50.730346],[7.144459,50.730496],[7.144361,50.730569],[7.144262,50.730586],[7.144158,50.73058],[7.143937,50.730356],[7.14389,50.730338],[7.144025,50.72996],[7.143745,50.730157],[7.143567,50.73017],[7.143102,50.730015],[7.142256,50.729904],[7.142034,50.729837],[7.14224,50.729608],[7.142235,50.729579],[7.141155,50.729556],[7.140568,50.729621],[7.13886,50.730027],[7.138807,50.729959],[7.138772,50.729956],[7.138794,50.729895],[7.138755,50.729862],[7.138674,50.729894],[7.138648,50.729869],[7.138536,50.729922],[7.138772,50.73012],[7.138598,50.730193],[7.139012,50.730589],[7.139152,50.730582],[7.139108,50.730417],[7.138985,50.730288],[7.13895,50.730195],[7.138976,50.730118],[7.139044,50.730079]]]},"properties":{"landuse_id":415,"landuse_code":2600,"landuse":"Wald","environment":"forest","area_m2":22316}},{"type":"Feature","geometry":{"type":"MultiPolygon","coordinates":[[[[7.159872,50.6573],[7.160048,50.657128],[7.160205,50.657026],[7.160767,50.657279],[7.161181,50.657011],[7.161626,50.657244],[7.162025,50.657056],[7.161512,50.656699],[7.161425,50.656707],[7.161173,50.656921],[7.161027,50.656884],[7.160662,50.656653],[7.16052,50.656741],[7.158899,50.656309],[7.158443,50.656839],[7.15922,50.657117],[7.159259,50.657104],[7.159872,50.6573]]],[[[7.158426,50.656859],[7.157778,50.657547],[7.157375,50.657872],[7.157141,50.657995],[7.15752,50.657951],[7.158373,50.657968],[7.158835,50.657921],[7.159252,50.657922],[7.159574,50.657594],[7.158975,50.657379],[7.159219,50.657143],[7.158426,50.656859]]]]},"properties":{"landuse_id":12777,"landuse_code":2600,"landuse":"Wald","environment":"forest","area_m2":24014}},{"type":"Feature","geometry":{"type":"Polygon","coordinates":[[[7.173729,50.653055],[7.173837,50.652915],[7.173602,50.652807],[7.173527,50.65287],[7.173729,50.653055]]]},"properties":{"landuse_id":17924,"landuse_code":2600,"landuse":"Wald","environment":"forest","area_m2":280}},{"type":"Feature","geometry":{"type":"Polygon","coordinates":[[[7.066613,50.685659],[7.066757,50.685977],[7.066716,50.686024],[7.066717,50.686076],[7.066624,50.686158],[7.066593,50.68625],[7.066685,50.686306],[7.066787,50.686429],[7.06694,50.686484],[7.066936,50.686604],[7.067048,50.686728],[7.067144,50.686771],[7.067191,50.686934],[7.06752,50.687179],[7.067533,50.687245],[7.067672,50.687262],[7.067757,50.68735],[7.067865,50.687338],[7.067691,50.687226],[7.06739,50.686963],[7.067312,50.686867],[7.067227,50.686602],[7.067089,50.686522],[7.066927,50.686377],[7.066858,50.686147],[7.066847,50.685653],[7.066932,50.685524],[7.067995,50.685656],[7.067905,50.685472],[7.067492,50.685445],[7.067373,50.685328],[7.067396,50.685117],[7.067476,50.684937],[7.067422,50.684831],[7.066807,50.684789],[7.066672,50.684443],[7.066783,50.68444],[7.06662,50.684259],[7.066703,50.684233],[7.066713,50.684169],[7.066768,50.684116],[7.066942,50.684074],[7.067074,50.684067],[7.067074,50.683918],[7.067349,50.683903],[7.067355,50.683571],[7.067404,50.683515],[7.067723,50.683415],[7.067828,50.68334],[7.067955,50.683185],[7.068045,50.683124],[7.068122,50.683115],[7.06807,50.682958],[7.068086,50.682866],[7.066858,50.683028],[7.06639,50.681916],[7.065802,50.681933],[7.065471,50.680465],[7.066074,50.680245],[7.065325,50.680495],[7.065321,50.680437],[7.065294,50.680444],[7.06529,50.680507],[7.06543,50.680882],[7.065418,50.680943],[7.065456,50.680982],[7.065534,50.681234],[7.065525,50.681327],[7.065561,50.681406],[7.065524,50.681526],[7.065545,50.681829],[7.065498,50.682023],[7.065511,50.682113],[7.065558,50.682203],[7.065758,50.682383],[7.06593,50.682468],[7.065907,50.682587],[7.066009,50.682814],[7.066017,50.682916],[7.066009,50.682957],[7.065944,50.68301],[7.065927,50.683157],[7.065861,50.683269],[7.065929,50.683319],[7.065942,50.683367],[7.066102,50.683492],[7.06615,50.683502],[7.066105,50.683552],[7.066096,50.683661],[7.066241,50.683984],[7.066307,50.683983],[7.066381,50.684165],[7.066404,50.684323],[7.066317,50.684489],[7.066302,50.684588],[7.066321,50.684993],[7.066531,50.685405],[7.066513,50.685436],[7.066419,50.685456],[7.066613,50.685659]]]},"properties":{"landuse_id":11444,"landuse_code":2600,"landuse":"Wald","environment":"forest","area_m2":33556}},{"type":"Feature","geometry":{"type":"Polygon","coordinates":[[[7.070587,50.668188],[7.070651,50.667117],[7.067709,50.667429],[7.067046,50.667595],[7.066716,50.6676],[7.067192,50.669299],[7.067267,50.669345],[7.067333,50.669338],[7.070587,50.668188]]]},"properties":{"landuse_id":163,"landuse_code":2600,"landuse":"Wald","environment":"forest","area_m2":42897}},{"type":"Feature","geometry":{"type":"MultiPolygon","coordinates":[[[[7.103735,50.711159],[7.104322,50.71117],[7.104722,50.711249],[7.104761,50.711075],[7.104512,50.711057],[7.104607,50.710892],[7.104762,50.710486],[7.104392,50.710422],[7.104448,50.710219],[7.103914,50.71017],[7.103721,50.710638],[7.103735,50.711159]]],[[[7.104298,50.711675],[7.104946,50.711714],[7.104978,50.71127],[7.104719,50.711261],[7.104287,50.711175],[7.103749,50.711172],[7.104298,50.711675]]],[[[7.104692,50.712037],[7.104684,50.711908],[7.104933,50.711909],[7.104945,50.711728],[7.104314,50.71169],[7.104692,50.712037]]]]},"properties":{"landuse_id":4790,"landuse_code":2600,"landuse":"Wald","environment":"forest","area_m2":10823}},{"type":"Feature","geometry":{"type":"Polygon","coordinates":[[[7.089547,50.70984],[7.089731,50.709633],[7.089964,50.709504],[7.089982,50.709464],[7.089828,50.709226],[7.089621,50.709179],[7.089369,50.709434],[7.089171,50.709574],[7.088814,50.709956],[7.089089,50.710213],[7.089335,50.710039],[7.089547,50.70984]]]},"properties":{"landuse_id":4348,"landuse_code":2600,"landuse":"Wald","environment":"forest","area_m2":4024}},{"type":"Feature","geometry":{"type":"MultiPolygon","coordinates":[[[[7.139793,50.662996],[7.140342,50.663685],[7.14044,50.664257],[7.141213,50.664944],[7.141385,50.664894],[7.141475,50.664932],[7.142024,50.664864],[7.142133,50.664895],[7.142241,50.665022],[7.143031,50.664963],[7.143027,50.664664],[7.142737,50.664419],[7.142807,50.664113],[7.142936,50.664066],[7.143007,50.663921],[7.142877,50.663758],[7.143393,50.663375],[7.144507,50.663072],[7.143284,50.663103],[7.142293,50.662939],[7.141669,50.662816],[7.141356,50.662688],[7.139262,50.662048],[7.139217,50.662064],[7.139222,50.662098],[7.139549,50.662671],[7.139793,50.662996]]],[[[7.141164,50.662607],[7.141105,50.662586],[7.140483,50.662396],[7.140445,50.662385],[7.140479,50.662395],[7.140496,50.6624],[7.141164,50.662607]]]]},"properties":{"landuse_id":4899,"landuse_code":2600,"landuse":"Wald","environment":"forest","area_m2":50981}},{"type":"Feature","geometry":{"type":"MultiPolygon","coordinates":[[[[7.120734,50.700152],[7.121729,50.700806],[7.121965,50.700682],[7.122566,50.701099],[7.122774,50.700892],[7.123257,50.700601],[7.123175,50.700522],[7.122415,50.700077],[7.122308,50.700143],[7.121379,50.699658],[7.12105,50.699913],[7.120734,50.69975],[7.12044,50.699996],[7.120734,50.700152]]],[[[7.12277,50.700943],[7.122865,50.700877],[7.122804,50.700911],[7.12277,50.700943]]]]},"properties":{"landuse_id":5069,"landuse_code":2680,"landuse":"sonstige (kl.) Gehölzfläche","environment":"urban_green","area_m2":13698}},{"type":"Feature","geometry":{"type":"MultiPolygon","coordinates":[[[[7.122248,50.666169],[7.122524,50.666124],[7.122257,50.666145],[7.122248,50.666169]]],[[[7.125521,50.665842],[7.125795,50.665746],[7.125922,50.665651],[7.126121,50.665431],[7.126232,50.665383],[7.126741,50.665431],[7.12746,50.665423],[7.127948,50.665342],[7.128634,50.665149],[7.128774,50.665184],[7.128844,50.665279],[7.128796,50.665489],[7.128672,50.665754],[7.128685,50.665825],[7.128749,50.665883],[7.128864,50.665916],[7.128975,50.665909],[7.129468,50.665682],[7.129565,50.665685],[7.129641,50.665731],[7.129649,50.665793],[7.12961,50.665841],[7.129314,50.666079],[7.129306,50.666139],[7.129354,50.666185],[7.129426,50.666203],[7.129909,50.666125],[7.130511,50.666093],[7.130642,50.666069],[7.130813,50.665966],[7.130866,50.665826],[7.130678,50.665435],[7.130586,50.664979],[7.130613,50.664663],[7.130782,50.664229],[7.130985,50.663995],[7.131049,50.663967],[7.13111,50.663971],[7.131164,50.664005],[7.131203,50.664271],[7.131271,50.664404],[7.131655,50.664781],[7.131959,50.664942],[7.132478,50.665041],[7.132401,50.664916],[7.131717,50.664211],[7.131424,50.663429],[7.130831,50.662543],[7.130487,50.66224],[7.129614,50.661778],[7.129503,50.66164],[7.128707,50.661511],[7.128626,50.661458],[7.128615,50.66138],[7.128678,50.661302],[7.128813,50.661242],[7.12803,50.661222],[7.127806,50.661251],[7.127703,50.661285],[7.127365,50.661226],[7.126603,50.661507],[7.126046,50.661545],[7.12524,50.661641],[7.12482,50.661816],[7.124785,50.66185],[7.123998,50.661964],[7.12346,50.662073],[7.12326,50.662083],[7.122977,50.66218],[7.121864,50.662486],[7.121569,50.662663],[7.120985,50.662952],[7.119636,50.663406],[7.119473,50.663627],[7.119582,50.663643],[7.11986,50.663616],[7.120357,50.663673],[7.120949,50.663678],[7.121192,50.663738],[7.122154,50.664269],[7.122554,50.664437],[7.122713,50.664471],[7.122874,50.664563],[7.12227,50.666112],[7.124878,50.665911],[7.125521,50.665842]]],[[[7.128793,50.665271],[7.128793,50.665299],[7.128793,50.6653],[7.128793,50.665296],[7.128794,50.665279],[7.128793,50.665273],[7.128793,50.665271]]],[[[7.128749,50.66548],[7.128721,50.665549],[7.128734,50.665518],[7.128748,50.665482],[7.128749,50.66548]]],[[[7.130677,50.665166],[7.130688,50.664709],[7.130765,50.664372],[7.130671,50.664627],[7.130637,50.664826],[7.130677,50.665166]]],[[[7.118414,50.663714],[7.118399,50.663716],[7.118253,50.663826],[7.118258,50.663829],[7.118414,50.663714]]],[[[7.118297,50.66385],[7.120561,50.665086],[7.122202,50.66615],[7.122811,50.66457],[7.122689,50.6645],[7.122523,50.664461],[7.122111,50.664291],[7.121163,50.663771],[7.120939,50.663708],[7.120356,50.663702],[7.119871,50.663649],[7.119575,50.663675],[7.119342,50.663636],[7.118453,50.663734],[7.118297,50.66385]]]]},"properties":{"landuse_id":4710,"landuse_code":2600,"landuse":"Wald","environment":"forest","area_m2":334672}},{"type":"Feature","geometry":{"type":"Polygon","coordinates":[[[7.101993,50.6958],[7.102691,50.695217],[7.103073,50.694958],[7.103272,50.694875],[7.103534,50.694834],[7.104064,50.694835],[7.104248,50.694887],[7.104782,50.695105],[7.104804,50.694948],[7.104387,50.694749],[7.104003,50.694652],[7.10359,50.69465],[7.103296,50.694711],[7.103037,50.694821],[7.102613,50.695116],[7.102203,50.695444],[7.101714,50.695902],[7.102301,50.696049],[7.101993,50.6958]]]},"properties":{"landuse_id":13625,"landuse_code":2600,"landuse":"Wald","environment":"forest","area_m2":4429}},{"type":"Feature","geometry":{"type":"Polygon","coordinates":[[[7.169681,50.65775],[7.169257,50.658101],[7.169102,50.658151],[7.169828,50.658232],[7.169877,50.658082],[7.170351,50.658297],[7.170442,50.658289],[7.170529,50.658161],[7.170703,50.65802],[7.1699,50.657575],[7.169236,50.657257],[7.169108,50.657363],[7.169765,50.657692],[7.169681,50.65775]]]},"properties":{"landuse_id":5335,"landuse_code":2680,"landuse":"sonstige (kl.) Gehölzfläche","environment":"urban_green","area_m2":5200}},{"type":"Feature","geometry":{"type":"Polygon","coordinates":[[[7.171336,50.655263],[7.170137,50.65523],[7.168911,50.65529],[7.169035,50.655516],[7.170141,50.65539],[7.17014,50.65534],[7.171288,50.655391],[7.171336,50.655263]]]},"properties":{"landuse_id":5336,"landuse_code":2680,"landuse":"sonstige (kl.) Gehölzfläche","environment":"urban_green","area_m2":2932}},{"type":"Feature","geometry":{"type":"MultiPolygon","coordinates":[[[[7.034473,50.697603],[7.034545,50.697401],[7.034536,50.697344],[7.034499,50.697319],[7.034473,50.697603]]],[[[7.033831,50.699059],[7.033708,50.699398],[7.033722,50.699397],[7.033749,50.699344],[7.033812,50.699161],[7.033831,50.699059]]],[[[7.033907,50.699384],[7.033936,50.699382],[7.03392,50.69935],[7.033907,50.699384]]],[[[7.033977,50.699379],[7.034216,50.699371],[7.034458,50.699395],[7.035104,50.697994],[7.03496,50.697762],[7.034788,50.697655],[7.034466,50.697658],[7.034474,50.697849],[7.034353,50.698068],[7.034231,50.698527],[7.034141,50.698663],[7.0341,50.698852],[7.034117,50.698975],[7.033962,50.699348],[7.033977,50.699379]]],[[[7.033927,50.699331],[7.034074,50.698972],[7.034058,50.69885],[7.034099,50.698658],[7.03419,50.698519],[7.034312,50.698061],[7.034432,50.697845],[7.034434,50.697574],[7.034104,50.698577],[7.033927,50.699331]]]]},"properties":{"landuse_id":5250,"landuse_code":2600,"landuse":"Wald","environment":"forest","area_m2":8682}},{"type":"Feature","geometry":{"type":"Polygon","coordinates":[[[7.150203,50.675097],[7.150084,50.675097],[7.150044,50.675252],[7.150092,50.675861],[7.150067,50.67606],[7.149928,50.676268],[7.149772,50.676403],[7.150741,50.676368],[7.150611,50.676159],[7.150203,50.675097]]]},"properties":{"landuse_id":5285,"landuse_code":2600,"landuse":"Wald","environment":"forest","area_m2":4189}},{"type":"Feature","geometry":{"type":"Polygon","coordinates":[[[7.131548,50.705973],[7.131305,50.705891],[7.129821,50.707314],[7.129999,50.707378],[7.130097,50.707343],[7.131548,50.705973]]]},"properties":{"landuse_id":13609,"landuse_code":2670,"landuse":"Verkehrsbegleitgrün mit Baumbestand","environment":"urban_green","area_m2":3579}},{"type":"Feature","geometry":{"type":"Polygon","coordinates":[[[7.080959,50.683317],[7.08047,50.683743],[7.080144,50.68392],[7.079352,50.683706],[7.079378,50.683592],[7.079247,50.683497],[7.078984,50.683389],[7.078832,50.683698],[7.078979,50.684094],[7.078978,50.684176],[7.078844,50.684242],[7.078242,50.684155],[7.078047,50.684347],[7.078129,50.684677],[7.078266,50.684764],[7.078464,50.684811],[7.078552,50.684886],[7.07854,50.684932],[7.078676,50.685018],[7.078642,50.685203],[7.0787,50.685271],[7.078949,50.685335],[7.079089,50.685447],[7.079108,50.685553],[7.078931,50.685708],[7.078915,50.68585],[7.078962,50.685909],[7.079231,50.685954],[7.079311,50.686001],[7.079336,50.686061],[7.079238,50.686461],[7.0792,50.686541],[7.079109,50.68658],[7.079452,50.686723],[7.080104,50.687045],[7.080104,50.687019],[7.080213,50.686995],[7.08023,50.686959],[7.080211,50.686907],[7.080266,50.686841],[7.080204,50.686778],[7.080279,50.686702],[7.080175,50.686587],[7.080192,50.686568],[7.080316,50.686578],[7.080336,50.686553],[7.080388,50.686429],[7.080341,50.686331],[7.080343,50.6862],[7.080454,50.686057],[7.080458,50.68602],[7.080409,50.685969],[7.080223,50.685935],[7.080195,50.685888],[7.080368,50.685779],[7.080375,50.6857],[7.080495,50.685601],[7.08047,50.685389],[7.080516,50.685331],[7.080532,50.685227],[7.080498,50.685178],[7.080521,50.685132],[7.080491,50.684808],[7.080563,50.684648],[7.080494,50.684553],[7.080645,50.6842],[7.080816,50.684115],[7.08087,50.683929],[7.081112,50.68385],[7.081191,50.683798],[7.081235,50.683662],[7.081316,50.683598],[7.081331,50.683532],[7.081507,50.683324],[7.08155,50.683195],[7.081671,50.683055],[7.081704,50.68281],[7.081748,50.682737],[7.081724,50.682601],[7.081803,50.68235],[7.08155,50.682146],[7.081508,50.682132],[7.081421,50.682157],[7.081393,50.68214],[7.081421,50.682081],[7.081398,50.681997],[7.081643,50.681542],[7.08171,50.681488],[7.081724,50.681413],[7.081981,50.681087],[7.081966,50.681048],[7.08235,50.680952],[7.082484,50.680866],[7.082222,50.680748],[7.081831,50.680845],[7.081349,50.681292],[7.080881,50.682054],[7.080476,50.681928],[7.080059,50.682469],[7.080376,50.682577],[7.08021,50.682754],[7.081101,50.683187],[7.081,50.68331],[7.081387,50.68347],[7.081377,50.683484],[7.08097,50.683315],[7.081035,50.683234],[7.080959,50.683317]]]},"properties":{"landuse_id":6725,"landuse_code":2600,"landuse":"Wald","environment":"forest","area_m2":60291}},{"type":"Feature","geometry":{"type":"Polygon","coordinates":[[[7.14557,50.663298],[7.146798,50.66389],[7.146849,50.66386],[7.146565,50.663538],[7.145885,50.663342],[7.14557,50.663298]]]},"properties":{"landuse_id":2603,"landuse_code":2600,"landuse":"Wald","environment":"forest","area_m2":1382}},{"type":"Feature","geometry":{"type":"Polygon","coordinates":[[[7.102563,50.710056],[7.101731,50.709949],[7.101693,50.710021],[7.101575,50.710098],[7.100901,50.71038],[7.1007,50.710319],[7.100608,50.710314],[7.100531,50.710343],[7.100476,50.710397],[7.10034,50.710696],[7.099913,50.710854],[7.099495,50.711172],[7.098864,50.711386],[7.09841,50.711724],[7.098263,50.712046],[7.098713,50.712452],[7.098779,50.712455],[7.099292,50.712244],[7.10011,50.712372],[7.100335,50.712333],[7.100487,50.712228],[7.100518,50.712229],[7.100499,50.712183],[7.100216,50.712078],[7.100249,50.711944],[7.100238,50.711787],[7.10029,50.711731],[7.100955,50.711703],[7.101412,50.711537],[7.101292,50.711381],[7.101574,50.711248],[7.101752,50.711337],[7.101908,50.711228],[7.101958,50.711123],[7.102255,50.711053],[7.102723,50.710769],[7.102788,50.71086],[7.102901,50.710882],[7.102997,50.710866],[7.103304,50.710616],[7.103316,50.710431],[7.103364,50.710373],[7.103546,50.710323],[7.103586,50.710487],[7.103552,50.710637],[7.103308,50.710822],[7.10318,50.71103],[7.103133,50.711168],[7.103161,50.711278],[7.103426,50.711582],[7.103484,50.711608],[7.103512,50.711584],[7.103412,50.711329],[7.103409,50.711212],[7.103439,50.711161],[7.103732,50.711157],[7.103721,50.710638],[7.103914,50.71017],[7.102884,50.709994],[7.102848,50.710093],[7.102563,50.710056]]]},"properties":{"landuse_id":1681,"landuse_code":2600,"landuse":"Wald","environment":"forest","area_m2":47205}},{"type":"Feature","geometry":{"type":"Polygon","coordinates":[[[7.076623,50.706779],[7.076379,50.706781],[7.076379,50.706876],[7.076613,50.706959],[7.076669,50.707114],[7.076763,50.707063],[7.076786,50.706907],[7.077047,50.707071],[7.077177,50.706776],[7.076623,50.706779]]]},"properties":{"landuse_id":15448,"landuse_code":2680,"landuse":"sonstige (kl.) Gehölzfläche","environment":"urban_green","area_m2":1215}},{"type":"Feature","geometry":{"type":"Polygon","coordinates":[[[7.179719,50.675842],[7.179542,50.676098],[7.182038,50.676812],[7.182227,50.676565],[7.179719,50.675842]]]},"properties":{"landuse_id":2870,"landuse_code":2680,"landuse":"sonstige (kl.) Gehölzfläche","environment":"urban_green","area_m2":6009}},{"type":"Feature","geometry":{"type":"Polygon","coordinates":[[[7.14059,50.726346],[7.141057,50.726183],[7.140983,50.726114],[7.140524,50.726274],[7.14059,50.726346]]]},"properties":{"landuse_id":5453,"landuse_code":2600,"landuse":"Wald","environment":"forest","area_m2":347}},{"type":"Feature","geometry":{"type":"MultiPolygon","coordinates":[[[[7.186103,50.65659],[7.186064,50.656571],[7.185887,50.656625],[7.185678,50.656738],[7.185907,50.656624],[7.186103,50.65659]]],[[[7.186492,50.656522],[7.186783,50.656314],[7.186857,50.656309],[7.18686,50.656143],[7.186664,50.655907],[7.186711,50.655779],[7.186886,50.655654],[7.186954,50.655474],[7.186933,50.655423],[7.186535,50.655383],[7.186448,50.65531],[7.185376,50.655641],[7.185471,50.655788],[7.18551,50.656256],[7.185412,50.656298],[7.185724,50.656575],[7.185547,50.656674],[7.185252,50.656743],[7.185113,50.656846],[7.18519,50.656887],[7.185282,50.656872],[7.186118,50.656489],[7.186198,50.656497],[7.186153,50.656581],[7.186492,50.656522]]]]},"properties":{"landuse_id":21007,"landuse_code":2600,"landuse":"Wald","environment":"forest","area_m2":11770}},{"type":"Feature","geometry":{"type":"MultiPolygon","coordinates":[[[[7.142418,50.677818],[7.142056,50.677875],[7.142202,50.678219],[7.142379,50.678183],[7.142363,50.678138],[7.142468,50.678119],[7.142418,50.677818]]],[[[7.142632,50.678196],[7.143303,50.678051],[7.143275,50.678017],[7.143356,50.67799],[7.143199,50.677687],[7.142457,50.677811],[7.142503,50.678112],[7.142592,50.678096],[7.142617,50.678109],[7.142632,50.678196]]]]},"properties":{"landuse_id":14210,"landuse_code":2680,"landuse":"sonstige (kl.) Gehölzfläche","environment":"urban_green","area_m2":3282}},{"type":"Feature","geometry":{"type":"Polygon","coordinates":[[[7.080942,50.691336],[7.080856,50.691464],[7.080569,50.691396],[7.080471,50.691571],[7.08007,50.691476],[7.079974,50.691599],[7.07916,50.69125],[7.07928,50.692621],[7.079253,50.692863],[7.07899,50.694029],[7.079451,50.694144],[7.07971,50.694059],[7.080227,50.69361],[7.080471,50.693246],[7.080761,50.69269],[7.080207,50.692609],[7.080535,50.692312],[7.080794,50.692367],[7.080935,50.692308],[7.081482,50.691765],[7.081545,50.691661],[7.081428,50.691618],[7.081469,50.691547],[7.081453,50.691496],[7.081339,50.691432],[7.08131,50.691364],[7.081381,50.691179],[7.081558,50.690951],[7.081588,50.690848],[7.081557,50.690481],[7.081329,50.690386],[7.081233,50.690389],[7.081209,50.690177],[7.081698,50.690152],[7.081439,50.689949],[7.078876,50.688184],[7.078857,50.688293],[7.078672,50.688301],[7.078541,50.688261],[7.078465,50.688264],[7.078453,50.688288],[7.078577,50.688474],[7.078518,50.688585],[7.078667,50.688645],[7.078757,50.688727],[7.078643,50.68884],[7.078521,50.688836],[7.078506,50.688922],[7.078547,50.688967],[7.078764,50.688996],[7.078746,50.689071],[7.078673,50.689145],[7.07875,50.689212],[7.07874,50.689242],[7.078674,50.689268],[7.078402,50.689237],[7.078367,50.689262],[7.078329,50.689398],[7.079242,50.689497],[7.079315,50.690251],[7.079059,50.69045],[7.079126,50.690897],[7.080461,50.691235],[7.080942,50.691336]]]},"properties":{"landuse_id":15788,"landuse_code":2600,"landuse":"Wald","environment":"forest","area_m2":71835}},{"type":"Feature","geometry":{"type":"MultiPolygon","coordinates":[[[[7.18608,50.653961],[7.18637,50.654263],[7.185998,50.654408],[7.185667,50.654084],[7.185221,50.653851],[7.185047,50.653872],[7.183458,50.654839],[7.183955,50.655261],[7.184155,50.655483],[7.184418,50.655929],[7.186448,50.65531],[7.186453,50.655178],[7.186545,50.655033],[7.186437,50.654881],[7.186313,50.654784],[7.186263,50.65465],[7.186527,50.654522],[7.186846,50.654713],[7.187002,50.654836],[7.187299,50.654976],[7.186626,50.654179],[7.186316,50.653861],[7.185054,50.652869],[7.184919,50.652733],[7.184637,50.652742],[7.184159,50.652639],[7.184016,50.652518],[7.1837,50.652624],[7.183443,50.652283],[7.183206,50.652216],[7.182965,50.652201],[7.182832,50.652103],[7.182369,50.65207],[7.182669,50.652185],[7.182741,50.652251],[7.182747,50.652308],[7.182794,50.652324],[7.182934,50.652305],[7.18314,50.652386],[7.183462,50.65268],[7.18347,50.652773],[7.183565,50.652954],[7.184088,50.652794],[7.184406,50.652932],[7.184748,50.653001],[7.185081,50.653222],[7.185167,50.653354],[7.185396,50.653456],[7.185628,50.653685],[7.18608,50.653961]]],[[[7.184789,50.653817],[7.18469,50.653845],[7.184594,50.653841],[7.183241,50.654644],[7.183434,50.654817],[7.184659,50.654085],[7.184991,50.653861],[7.184789,50.653817]]]]},"properties":{"landuse_id":2201,"landuse_code":2600,"landuse":"Wald","environment":"forest","area_m2":43405}},{"type":"Feature","geometry":{"type":"MultiPolygon","coordinates":[[[[7.062908,50.695192],[7.062997,50.694765],[7.063212,50.694724],[7.063304,50.694629],[7.063352,50.694321],[7.063451,50.694315],[7.063444,50.6941],[7.063399,50.694023],[7.063234,50.694046],[7.063254,50.694081],[7.063108,50.694115],[7.063083,50.694072],[7.062675,50.694167],[7.062551,50.694312],[7.062225,50.694446],[7.062173,50.694488],[7.062275,50.694704],[7.062584,50.695036],[7.062822,50.69537],[7.062908,50.695192]]],[[[7.062403,50.694235],[7.0622,50.694281],[7.062231,50.693108],[7.061397,50.693086],[7.061254,50.693048],[7.061152,50.692964],[7.061106,50.692999],[7.060765,50.693027],[7.060554,50.693149],[7.060375,50.693339],[7.061399,50.693976],[7.061673,50.693904],[7.061772,50.693905],[7.061884,50.693927],[7.062023,50.694001],[7.062064,50.694048],[7.062086,50.694373],[7.062139,50.694437],[7.062185,50.694438],[7.062524,50.6943],[7.062596,50.694238],[7.062606,50.694193],[7.062403,50.694235]]],[[[7.059978,50.693171],[7.060333,50.693558],[7.061242,50.69445],[7.063333,50.69632],[7.063537,50.696546],[7.063505,50.696402],[7.06321,50.696065],[7.062618,50.695135],[7.062241,50.694716],[7.062118,50.694467],[7.062034,50.694364],[7.061222,50.693903],[7.060464,50.693432],[7.060294,50.693301],[7.060138,50.693125],[7.059978,50.693171]]]]},"properties":{"landuse_id":21911,"landuse_code":2600,"landuse":"Wald","environment":"forest","area_m2":29815}},{"type":"Feature","geometry":{"type":"Polygon","coordinates":[[[7.075496,50.740434],[7.074723,50.740282],[7.073092,50.740057],[7.073001,50.740157],[7.072956,50.740151],[7.073047,50.740051],[7.072549,50.739983],[7.072267,50.740076],[7.072263,50.740092],[7.072303,50.740083],[7.07231,50.740098],[7.074995,50.740471],[7.075491,50.740574],[7.075626,50.740471],[7.075496,50.740434]]]},"properties":{"landuse_id":15326,"landuse_code":2680,"landuse":"sonstige (kl.) Gehölzfläche","environment":"urban_green","area_m2":3618}},{"type":"Feature","geometry":{"type":"Polygon","coordinates":[[[7.092071,50.698381],[7.092343,50.69872],[7.092729,50.698625],[7.09166,50.697105],[7.091509,50.696743],[7.091384,50.696205],[7.091282,50.695984],[7.09111,50.695738],[7.091107,50.695651],[7.090925,50.69639],[7.090845,50.696521],[7.090882,50.696542],[7.09076,50.696666],[7.090707,50.696852],[7.090703,50.697016],[7.090484,50.697145],[7.09045,50.697234],[7.09053,50.697251],[7.09059,50.697388],[7.090662,50.697418],[7.09062,50.697508],[7.090557,50.697551],[7.090651,50.697682],[7.090493,50.697735],[7.090523,50.697806],[7.090401,50.697906],[7.090474,50.697978],[7.090459,50.698015],[7.090537,50.698067],[7.090503,50.698111],[7.090534,50.698593],[7.090496,50.698632],[7.090494,50.698781],[7.090513,50.698952],[7.090566,50.699008],[7.090561,50.699123],[7.090432,50.699225],[7.090349,50.699259],[7.090412,50.699297],[7.090405,50.699317],[7.090313,50.69933],[7.090185,50.699386],[7.090167,50.69942],[7.090214,50.699444],[7.090206,50.699527],[7.090003,50.699588],[7.089962,50.6997],[7.090022,50.699784],[7.090002,50.699869],[7.089788,50.69999],[7.089797,50.700076],[7.089686,50.700179],[7.089695,50.700233],[7.089635,50.700268],[7.089613,50.700416],[7.089512,50.700449],[7.089499,50.700508],[7.089296,50.700554],[7.089304,50.700619],[7.089159,50.700629],[7.089142,50.700756],[7.08901,50.700815],[7.088998,50.700863],[7.088946,50.700893],[7.088833,50.700923],[7.088617,50.701042],[7.088554,50.701131],[7.088466,50.701165],[7.088446,50.701201],[7.088225,50.701218],[7.088146,50.701268],[7.088073,50.70127],[7.087878,50.701405],[7.087648,50.701453],[7.087561,50.701496],[7.087556,50.701524],[7.087449,50.701555],[7.087385,50.701608],[7.087376,50.701671],[7.087237,50.701746],[7.087205,50.701793],[7.087019,50.701872],[7.087006,50.70192],[7.086934,50.701969],[7.086712,50.702039],[7.086698,50.702073],[7.086511,50.702161],[7.086335,50.702181],[7.086276,50.702239],[7.086107,50.702294],[7.085998,50.702404],[7.0859,50.702403],[7.085754,50.702461],[7.085795,50.702525],[7.085678,50.702635],[7.085367,50.702665],[7.085314,50.702701],[7.085269,50.702928],[7.085477,50.702857],[7.085723,50.702733],[7.086117,50.702627],[7.087004,50.702705],[7.087534,50.702603],[7.087612,50.702609],[7.088449,50.702869],[7.089908,50.703162],[7.09,50.703121],[7.090164,50.702912],[7.089245,50.702382],[7.089559,50.702046],[7.089904,50.702237],[7.090386,50.702372],[7.090541,50.702189],[7.091033,50.701432],[7.091102,50.700967],[7.091172,50.700827],[7.091464,50.700549],[7.09164,50.700214],[7.091854,50.700022],[7.091793,50.700007],[7.092151,50.6998],[7.092328,50.699636],[7.092475,50.699379],[7.092203,50.699424],[7.091943,50.69962],[7.091755,50.699697],[7.091579,50.699712],[7.09146,50.699856],[7.0913,50.699828],[7.091034,50.699863],[7.090734,50.699826],[7.090787,50.699273],[7.091774,50.699023],[7.092243,50.699022],[7.092493,50.698977],[7.092378,50.698767],[7.091987,50.698887],[7.091654,50.698514],[7.092071,50.698381]]]},"properties":{"landuse_id":16386,"landuse_code":2600,"landuse":"Wald","environment":"forest","area_m2":105245}},{"type":"Feature","geometry":{"type":"Polygon","coordinates":[[[7.041957,50.705097],[7.041917,50.70561],[7.042128,50.705655],[7.041831,50.706064],[7.042692,50.706405],[7.042778,50.706447],[7.042915,50.706569],[7.043067,50.706595],[7.043152,50.706484],[7.043521,50.706524],[7.043766,50.706601],[7.043971,50.706727],[7.044018,50.706791],[7.043993,50.70689],[7.043169,50.707654],[7.043315,50.707661],[7.044126,50.706832],[7.044895,50.706306],[7.04466,50.706126],[7.044562,50.706172],[7.044495,50.706344],[7.044359,50.706308],[7.044211,50.706491],[7.04411,50.706429],[7.044058,50.706452],[7.043957,50.706389],[7.043887,50.70642],[7.043845,50.706372],[7.043775,50.706402],[7.043623,50.706389],[7.043587,50.706352],[7.043475,50.706345],[7.043464,50.706325],[7.042847,50.706288],[7.041978,50.705964],[7.042191,50.705726],[7.042629,50.705779],[7.042905,50.705789],[7.043141,50.70574],[7.043131,50.705687],[7.04281,50.70556],[7.042828,50.705298],[7.042598,50.705155],[7.042356,50.705116],[7.041957,50.705097]]]},"properties":{"landuse_id":16511,"landuse_code":2600,"landuse":"Wald","environment":"forest","area_m2":10675}},{"type":"Feature","geometry":{"type":"Polygon","coordinates":[[[7.041163,50.705099],[7.041322,50.705058],[7.04126,50.705035],[7.041069,50.705046],[7.040858,50.705008],[7.040686,50.704922],[7.04057,50.704779],[7.040561,50.704872],[7.040634,50.704961],[7.040766,50.705023],[7.041163,50.705099]]]},"properties":{"landuse_id":8882,"landuse_code":2645,"landuse":"Grün-/ Parkfläche mit Baumbestand","environment":"urban_green","area_m2":269}},{"type":"Feature","geometry":{"type":"Polygon","coordinates":[[[7.190314,50.745544],[7.190649,50.745697],[7.191177,50.74583],[7.191508,50.74599],[7.191493,50.746139],[7.191419,50.746215],[7.188781,50.745691],[7.188722,50.745805],[7.188549,50.745775],[7.188451,50.746007],[7.191601,50.746595],[7.191946,50.745991],[7.192453,50.745493],[7.192395,50.745428],[7.192411,50.745346],[7.192461,50.745316],[7.192361,50.745126],[7.192191,50.74499],[7.192455,50.744492],[7.192561,50.744394],[7.192601,50.744213],[7.192704,50.744052],[7.192817,50.743942],[7.191223,50.743975],[7.191096,50.744281],[7.19069,50.74422],[7.190338,50.744433],[7.189816,50.744277],[7.189698,50.744386],[7.190093,50.744578],[7.189881,50.744769],[7.189707,50.744746],[7.189544,50.745068],[7.189449,50.745051],[7.189385,50.7452],[7.189265,50.745179],[7.189191,50.74534],[7.190314,50.745544]]]},"properties":{"landuse_id":2141,"landuse_code":2600,"landuse":"Wald","environment":"forest","area_m2":44324}},{"type":"Feature","geometry":{"type":"MultiPolygon","coordinates":[[[[7.057009,50.686016],[7.057159,50.684752],[7.057292,50.684464],[7.057551,50.683466],[7.057332,50.683551],[7.057163,50.684305],[7.057103,50.684393],[7.056965,50.685569],[7.057009,50.686016]]],[[[7.057228,50.688456],[7.057136,50.688112],[7.057068,50.688113],[7.05711,50.68826],[7.057228,50.688456]]]]},"properties":{"landuse_id":1960,"landuse_code":2670,"landuse":"Verkehrsbegleitgrün mit Baumbestand","environment":"urban_green","area_m2":2783}},{"type":"Feature","geometry":{"type":"Polygon","coordinates":[[[7.191366,50.743482],[7.191538,50.743509],[7.191477,50.743673],[7.191353,50.743652],[7.19129,50.743813],[7.191159,50.743792],[7.191101,50.743943],[7.191223,50.743975],[7.192817,50.743942],[7.192963,50.743791],[7.193043,50.743658],[7.193333,50.743023],[7.193451,50.742963],[7.193929,50.742444],[7.194094,50.742324],[7.194144,50.742208],[7.194186,50.741913],[7.194401,50.741512],[7.194355,50.741276],[7.194628,50.74093],[7.194421,50.740874],[7.194249,50.740781],[7.193487,50.741559],[7.193628,50.741659],[7.193354,50.741954],[7.193149,50.741886],[7.193019,50.74202],[7.193046,50.742232],[7.193155,50.742351],[7.193133,50.742403],[7.192816,50.742434],[7.192615,50.742687],[7.192156,50.742532],[7.192105,50.742601],[7.192161,50.742667],[7.192122,50.742708],[7.191987,50.742713],[7.191891,50.742799],[7.191714,50.742997],[7.191897,50.743048],[7.192075,50.742743],[7.192352,50.742809],[7.192321,50.742863],[7.192558,50.742919],[7.192383,50.743233],[7.192218,50.743194],[7.192072,50.743436],[7.191517,50.74331],[7.191429,50.743315],[7.191366,50.743482]]]},"properties":{"landuse_id":2142,"landuse_code":2600,"landuse":"Wald","environment":"forest","area_m2":26363}},{"type":"Feature","geometry":{"type":"MultiPolygon","coordinates":[[[[7.118213,50.753737],[7.118192,50.753797],[7.118223,50.753879],[7.118296,50.753933],[7.118407,50.753963],[7.118759,50.753452],[7.11906,50.752947],[7.119263,50.752505],[7.119443,50.751967],[7.11936,50.751984],[7.119248,50.752061],[7.119125,50.752192],[7.118514,50.753555],[7.118213,50.753737]]],[[[7.118193,50.753881],[7.118194,50.753888],[7.118206,50.753895],[7.118205,50.753893],[7.118198,50.753887],[7.118193,50.753881]]],[[[7.118326,50.753962],[7.118385,50.753995],[7.118395,50.753981],[7.118326,50.753962]]],[[[7.119453,50.751936],[7.119433,50.751934],[7.119395,50.75196],[7.119449,50.751948],[7.119453,50.751936]]]]},"properties":{"landuse_id":9560,"landuse_code":2670,"landuse":"Verkehrsbegleitgrün mit Baumbestand","environment":"urban_green","area_m2":3908}},{"type":"Feature","geometry":{"type":"Polygon","coordinates":[[[7.155207,50.697289],[7.155126,50.697374],[7.155144,50.69753],[7.155044,50.697693],[7.154839,50.69781],[7.154604,50.697854],[7.154303,50.697819],[7.153154,50.697384],[7.153031,50.697296],[7.152966,50.697207],[7.152938,50.697111],[7.152959,50.696994],[7.153085,50.696845],[7.153227,50.69677],[7.153399,50.696726],[7.153485,50.696638],[7.154785,50.69713],[7.154951,50.696933],[7.153275,50.696291],[7.152499,50.69711],[7.15304,50.697427],[7.152969,50.697536],[7.153083,50.697579],[7.152993,50.697675],[7.153663,50.697927],[7.153853,50.697969],[7.154734,50.698289],[7.154766,50.698283],[7.154977,50.698036],[7.154812,50.697819],[7.154971,50.697749],[7.155102,50.697627],[7.155149,50.697499],[7.155128,50.697376],[7.15525,50.697421],[7.155377,50.697296],[7.155207,50.697289]]]},"properties":{"landuse_id":22899,"landuse_code":2645,"landuse":"Grün-/ Parkfläche mit Baumbestand","environment":"urban_green","area_m2":11207}},{"type":"Feature","geometry":{"type":"MultiPolygon","coordinates":[[[[7.140866,50.65373],[7.140855,50.653748],[7.140842,50.653778],[7.140829,50.653815],[7.140817,50.653851],[7.140809,50.653888],[7.140804,50.653939],[7.140817,50.653867],[7.140866,50.65373]]],[[[7.140722,50.654366],[7.140539,50.654675],[7.140046,50.655107],[7.139955,50.655568],[7.14053,50.655771],[7.141708,50.656089],[7.141512,50.655057],[7.141505,50.654631],[7.141318,50.65425],[7.140929,50.653663],[7.140858,50.653871],[7.140791,50.65425],[7.140722,50.654366]]],[[[7.140323,50.654821],[7.140242,50.65488],[7.140172,50.654934],[7.140121,50.65498],[7.140078,50.655025],[7.140053,50.655055],[7.140215,50.654915],[7.140323,50.654821]]],[[[7.139981,50.655187],[7.139974,50.655208],[7.139959,50.655255],[7.139953,50.655292],[7.139981,50.655187]]]]},"properties":{"landuse_id":4456,"landuse_code":2600,"landuse":"Wald","environment":"forest","area_m2":17271}},{"type":"Feature","geometry":{"type":"Polygon","coordinates":[[[7.04229,50.703726],[7.04247,50.703689],[7.042425,50.70354],[7.041353,50.702643],[7.04121,50.702608],[7.041141,50.702644],[7.041128,50.702679],[7.04134,50.703007],[7.04092,50.703324],[7.040683,50.703203],[7.040625,50.703148],[7.040605,50.703073],[7.040666,50.702877],[7.040973,50.702518],[7.040993,50.702363],[7.041208,50.70219],[7.041543,50.702218],[7.041788,50.701523],[7.041927,50.701402],[7.040527,50.701141],[7.03881,50.701076],[7.038599,50.700938],[7.037138,50.700639],[7.036476,50.700972],[7.034853,50.7009],[7.034826,50.700925],[7.034555,50.700948],[7.034181,50.700923],[7.03388,50.700847],[7.03393,50.700933],[7.034149,50.701034],[7.035246,50.701166],[7.035805,50.701297],[7.036432,50.701378],[7.036653,50.701281],[7.036335,50.701653],[7.036074,50.701887],[7.035882,50.702115],[7.035148,50.702002],[7.035546,50.702106],[7.035695,50.702209],[7.035967,50.702943],[7.035758,50.702967],[7.035982,50.703725],[7.03556,50.703785],[7.035615,50.704021],[7.035787,50.703993],[7.035856,50.704167],[7.035703,50.70423],[7.035845,50.704628],[7.035757,50.704757],[7.035167,50.704951],[7.035874,50.705149],[7.036182,50.705179],[7.036879,50.705353],[7.03705,50.705332],[7.037212,50.705381],[7.037601,50.705322],[7.037764,50.705243],[7.038092,50.704878],[7.038068,50.70479],[7.038186,50.704754],[7.038284,50.704484],[7.038205,50.704764],[7.038091,50.704797],[7.038109,50.704864],[7.038236,50.704771],[7.038558,50.704663],[7.03868,50.704571],[7.03888,50.704819],[7.039044,50.704945],[7.039056,50.70488],[7.039354,50.70452],[7.039656,50.704585],[7.040545,50.704649],[7.04055,50.704618],[7.040752,50.704623],[7.040973,50.704588],[7.040976,50.704568],[7.042049,50.704442],[7.042062,50.704413],[7.042585,50.704365],[7.042799,50.704243],[7.042495,50.703738],[7.042376,50.70378],[7.04208,50.704026],[7.042103,50.703893],[7.042049,50.703852],[7.041899,50.703886],[7.041815,50.70395],[7.041586,50.703989],[7.041389,50.703987],[7.041245,50.704009],[7.041013,50.704203],[7.04081,50.704188],[7.040624,50.704114],[7.04049,50.703974],[7.040435,50.703874],[7.04044,50.703799],[7.040524,50.703757],[7.040531,50.703719],[7.040449,50.703616],[7.040698,50.703552],[7.040815,50.703562],[7.040988,50.703665],[7.041266,50.703471],[7.041277,50.703383],[7.041348,50.703308],[7.041588,50.70316],[7.04229,50.703726]],[[7.040787,50.702367],[7.040777,50.702426],[7.039925,50.702946],[7.039891,50.70294],[7.04,50.702817],[7.03998,50.702694],[7.039853,50.702535],[7.039622,50.702437],[7.039289,50.70222],[7.039047,50.702144],[7.038854,50.702157],[7.038664,50.7023],[7.038408,50.702116],[7.038362,50.701915],[7.03869,50.70184],[7.038974,50.701835],[7.039051,50.701787],[7.039103,50.701741],[7.03909,50.701674],[7.038983,50.701605],[7.03888,50.701483],[7.038873,50.701408],[7.038919,50.701375],[7.038995,50.701381],[7.039114,50.701462],[7.039312,50.701673],[7.039548,50.701708],[7.039762,50.701855],[7.04011,50.701956],[7.040217,50.702026],[7.040378,50.702154],[7.040433,50.702232],[7.040448,50.702388],[7.040659,50.702394],[7.040787,50.702367]]]},"properties":{"landuse_id":16567,"landuse_code":2600,"landuse":"Wald","environment":"forest","area_m2":165745}},{"type":"Feature","geometry":{"type":"Polygon","coordinates":[[[7.043063,50.694821],[7.044309,50.694769],[7.044301,50.694634],[7.04434,50.694635],[7.044324,50.694607],[7.044273,50.694612],[7.044302,50.694499],[7.043036,50.694629],[7.043063,50.694821]]]},"properties":{"landuse_id":20451,"landuse_code":2600,"landuse":"Wald","environment":"forest","area_m2":2265}},{"type":"Feature","geometry":{"type":"Polygon","coordinates":[[[7.052214,50.730302],[7.05208,50.730028],[7.050971,50.730247],[7.051241,50.730258],[7.051267,50.730325],[7.051758,50.730365],[7.052214,50.730302]]]},"properties":{"landuse_id":16539,"landuse_code":2680,"landuse":"sonstige (kl.) Gehölzfläche","environment":"urban_green","area_m2":1748}},{"type":"Feature","geometry":{"type":"MultiPolygon","coordinates":[[[[7.147871,50.73656],[7.147973,50.736499],[7.148095,50.736496],[7.14816,50.736541],[7.14817,50.736671],[7.148327,50.73676],[7.148812,50.736903],[7.14887,50.736891],[7.148623,50.736424],[7.147993,50.736199],[7.147723,50.736496],[7.147871,50.73656]]],[[[7.149183,50.734921],[7.148014,50.736176],[7.148595,50.736383],[7.148405,50.736039],[7.148409,50.735876],[7.148862,50.735319],[7.149278,50.734937],[7.149183,50.734921]]]]},"properties":{"landuse_id":344,"landuse_code":2600,"landuse":"Wald","environment":"forest","area_m2":4328}},{"type":"Feature","geometry":{"type":"Polygon","coordinates":[[[7.180145,50.661177],[7.180551,50.661432],[7.181053,50.66089],[7.181694,50.660439],[7.181073,50.660121],[7.180992,50.660057],[7.180381,50.66056],[7.180448,50.660601],[7.179902,50.661023],[7.180145,50.661177]]]},"properties":{"landuse_id":4329,"landuse_code":2680,"landuse":"sonstige (kl.) Gehölzfläche","environment":"urban_green","area_m2":8117}},{"type":"Feature","geometry":{"type":"Polygon","coordinates":[[[7.18051,50.657468],[7.179363,50.656949],[7.17928,50.657171],[7.180042,50.657423],[7.179983,50.657606],[7.180432,50.657689],[7.180458,50.657623],[7.180357,50.657583],[7.18051,50.657468]]]},"properties":{"landuse_id":5368,"landuse_code":2680,"landuse":"sonstige (kl.) Gehölzfläche","environment":"urban_green","area_m2":2239}},{"type":"Feature","geometry":{"type":"Polygon","coordinates":[[[7.058234,50.691129],[7.058324,50.691111],[7.05778,50.690109],[7.057685,50.689877],[7.057693,50.690023],[7.057876,50.690393],[7.057831,50.690394],[7.058234,50.691129]]]},"properties":{"landuse_id":20463,"landuse_code":2670,"landuse":"Verkehrsbegleitgrün mit Baumbestand","environment":"urban_green","area_m2":793}},{"type":"Feature","geometry":{"type":"MultiPolygon","coordinates":[[[[7.153339,50.7558],[7.152971,50.755667],[7.152957,50.755682],[7.15302,50.755705],[7.152461,50.756295],[7.152509,50.75629],[7.152829,50.756024],[7.153326,50.755826],[7.153339,50.7558]]],[[[7.152431,50.756327],[7.151907,50.75688],[7.151903,50.756912],[7.152021,50.756965],[7.15243,50.75707],[7.152888,50.757131],[7.15298,50.75702],[7.153173,50.756223],[7.153306,50.755868],[7.152906,50.756016],[7.152681,50.756175],[7.152521,50.756329],[7.152488,50.756344],[7.152431,50.756327]]]]},"properties":{"landuse_id":218,"landuse_code":2680,"landuse":"sonstige (kl.) Gehölzfläche","environment":"urban_green","area_m2":7693}},{"type":"Feature","geometry":{"type":"MultiPolygon","coordinates":[[[[7.078679,50.672124],[7.078608,50.672357],[7.078406,50.672578],[7.07869,50.672622],[7.078751,50.672593],[7.078985,50.672612],[7.079017,50.672503],[7.079117,50.672469],[7.079115,50.672316],[7.079169,50.672222],[7.079107,50.672095],[7.079218,50.672057],[7.079199,50.672],[7.07912,50.671981],[7.078792,50.671987],[7.07857,50.671864],[7.078509,50.671879],[7.078511,50.671946],[7.078481,50.671965],[7.078352,50.671971],[7.078337,50.671952],[7.078418,50.671875],[7.07841,50.671846],[7.078273,50.671813],[7.078187,50.671713],[7.078051,50.67169],[7.07796,50.671388],[7.077836,50.671264],[7.077741,50.671082],[7.077512,50.670964],[7.077192,50.670558],[7.07706,50.670434],[7.076915,50.670382],[7.076186,50.670269],[7.075964,50.670175],[7.075782,50.670171],[7.075652,50.67011],[7.075272,50.670051],[7.075027,50.669928],[7.074924,50.669713],[7.07458,50.66959],[7.074727,50.669676],[7.07462,50.669883],[7.075214,50.670198],[7.075825,50.670315],[7.076471,50.670485],[7.076842,50.670529],[7.077065,50.670726],[7.077224,50.670972],[7.076816,50.671013],[7.077255,50.671269],[7.077093,50.67136],[7.077111,50.671396],[7.077529,50.671617],[7.077795,50.671553],[7.077839,50.671592],[7.077858,50.671711],[7.077911,50.67177],[7.077938,50.671912],[7.077897,50.671984],[7.077652,50.672135],[7.07752,50.672277],[7.077095,50.672548],[7.076744,50.672382],[7.076388,50.672174],[7.076192,50.672009],[7.076074,50.671956],[7.075861,50.671922],[7.074294,50.671791],[7.074002,50.672306],[7.074733,50.672318],[7.075181,50.67239],[7.075891,50.672542],[7.07635,50.672592],[7.076516,50.672647],[7.076816,50.672833],[7.077458,50.672952],[7.077597,50.673009],[7.077689,50.673084],[7.078124,50.672793],[7.077896,50.672695],[7.077771,50.672685],[7.077654,50.672641],[7.077405,50.672482],[7.077992,50.672013],[7.078303,50.672101],[7.078679,50.672124]]],[[[7.072054,50.675824],[7.072454,50.675904],[7.072682,50.676053],[7.073028,50.676126],[7.073665,50.67643],[7.074306,50.677115],[7.075151,50.676804],[7.075124,50.67663],[7.075037,50.676457],[7.074627,50.676118],[7.074372,50.675841],[7.07386,50.675714],[7.073313,50.675438],[7.073171,50.675414],[7.072595,50.675415],[7.072199,50.675474],[7.072054,50.675824]]],[[[7.075738,50.676598],[7.075389,50.675982],[7.075409,50.675897],[7.07558,50.675875],[7.077325,50.675882],[7.077361,50.675919],[7.077433,50.675835],[7.0779,50.675568],[7.078024,50.675424],[7.077832,50.675381],[7.077532,50.675371],[7.077241,50.675465],[7.076652,50.675504],[7.076516,50.675493],[7.076158,50.675383],[7.076084,50.675383],[7.075418,50.675473],[7.075107,50.675604],[7.074837,50.675675],[7.074568,50.675806],[7.074532,50.675845],[7.074572,50.675949],[7.074762,50.676081],[7.074974,50.676311],[7.075116,50.676531],[7.0752,50.676784],[7.075738,50.676598]]],[[[7.078144,50.675087],[7.077531,50.675245],[7.076657,50.673937],[7.076608,50.6733],[7.076638,50.673217],[7.077529,50.673211],[7.077616,50.67314],[7.077628,50.673072],[7.077435,50.672969],[7.076797,50.672856],[7.076471,50.672657],[7.076242,50.672604],[7.07595,50.672678],[7.075621,50.672872],[7.075273,50.673217],[7.075256,50.673402],[7.075569,50.673441],[7.075758,50.673502],[7.076016,50.673732],[7.076084,50.674029],[7.075984,50.674194],[7.075902,50.674272],[7.075708,50.674411],[7.075583,50.674453],[7.074513,50.674615],[7.073754,50.674805],[7.073487,50.674999],[7.072776,50.675212],[7.072931,50.674966],[7.073075,50.674861],[7.073203,50.674668],[7.073305,50.67459],[7.073519,50.674512],[7.073821,50.674206],[7.073895,50.674163],[7.074025,50.674024],[7.074121,50.673808],[7.0742,50.673737],[7.074882,50.673334],[7.07522,50.673172],[7.07551,50.672827],[7.075855,50.672562],[7.074727,50.672343],[7.074052,50.672333],[7.073515,50.672295],[7.072209,50.675449],[7.072519,50.675386],[7.072763,50.675227],[7.072796,50.67524],[7.072602,50.675391],[7.073291,50.675408],[7.073946,50.675728],[7.074081,50.675766],[7.074286,50.675779],[7.074513,50.675743],[7.074698,50.675682],[7.075128,50.675427],[7.075321,50.675376],[7.077563,50.675355],[7.078026,50.675386],[7.078067,50.675374],[7.078115,50.675273],[7.078144,50.675087]]]]},"properties":{"landuse_id":20635,"landuse_code":2600,"landuse":"Wald","environment":"forest","area_m2":138119}},{"type":"Feature","geometry":{"type":"Polygon","coordinates":[[[7.192817,50.743942],[7.192704,50.744052],[7.192601,50.744213],[7.192591,50.744285],[7.19385,50.744095],[7.193942,50.743907],[7.192817,50.743942]]]},"properties":{"landuse_id":20569,"landuse_code":2600,"landuse":"Wald","environment":"forest","area_m2":2424}},{"type":"Feature","geometry":{"type":"Polygon","coordinates":[[[7.195566,50.741916],[7.195233,50.741704],[7.194809,50.741939],[7.194639,50.741851],[7.194546,50.741289],[7.194832,50.741069],[7.194628,50.74093],[7.194355,50.741276],[7.194401,50.741512],[7.194186,50.741913],[7.194144,50.742208],[7.194094,50.742324],[7.193929,50.742444],[7.193451,50.742963],[7.193333,50.743023],[7.193043,50.743658],[7.192963,50.743791],[7.192817,50.743942],[7.193942,50.743907],[7.194537,50.742657],[7.194254,50.74253],[7.195566,50.741916]]]},"properties":{"landuse_id":20570,"landuse_code":2600,"landuse":"Wald","environment":"forest","area_m2":17012}},{"type":"Feature","geometry":{"type":"Polygon","coordinates":[[[7.163144,50.748054],[7.163271,50.748024],[7.163258,50.747964],[7.163127,50.747983],[7.163094,50.748031],[7.163144,50.748054]]]},"properties":{"landuse_id":23022,"landuse_code":2680,"landuse":"sonstige (kl.) Gehölzfläche","environment":"urban_green","area_m2":95}},{"type":"Feature","geometry":{"type":"MultiPolygon","coordinates":[[[[7.077807,50.760607],[7.077425,50.760379],[7.077351,50.76041],[7.076913,50.760078],[7.076456,50.760429],[7.076871,50.760738],[7.076451,50.760937],[7.076591,50.761057],[7.077088,50.761262],[7.077737,50.761307],[7.077783,50.761184],[7.077745,50.761118],[7.077777,50.761004],[7.078117,50.760557],[7.077988,50.760488],[7.077807,50.760607]],[[7.077334,50.761036],[7.07709,50.760848],[7.077436,50.760655],[7.077678,50.760842],[7.077334,50.761036]]],[[[7.076415,50.760954],[7.076591,50.761112],[7.077014,50.761274],[7.076552,50.761082],[7.076415,50.760954]]]]},"properties":{"landuse_id":20092,"landuse_code":2680,"landuse":"sonstige (kl.) Gehölzfläche","environment":"urban_green","area_m2":8189}},{"type":"Feature","geometry":{"type":"MultiPolygon","coordinates":[[[[7.167478,50.735632],[7.167685,50.735499],[7.166712,50.73477],[7.166555,50.734933],[7.166473,50.735071],[7.166492,50.735425],[7.166464,50.735594],[7.166507,50.735602],[7.166611,50.736028],[7.166712,50.73611],[7.166718,50.736153],[7.166508,50.736258],[7.166346,50.736295],[7.166177,50.736276],[7.164904,50.735872],[7.164478,50.735676],[7.164321,50.735688],[7.162774,50.737718],[7.161632,50.738296],[7.166374,50.737662],[7.166775,50.737586],[7.167149,50.737471],[7.167402,50.737356],[7.167811,50.737092],[7.168044,50.736865],[7.168647,50.736153],[7.169185,50.735573],[7.16902,50.735503],[7.168323,50.736355],[7.167063,50.735897],[7.167478,50.735632]]],[[[7.164542,50.735665],[7.16434,50.735564],[7.164321,50.735589],[7.164542,50.735665]]]]},"properties":{"landuse_id":14816,"landuse_code":2600,"landuse":"Wald","environment":"forest","area_m2":73234}},{"type":"Feature","geometry":{"type":"Polygon","coordinates":[[[7.123558,50.699008],[7.123783,50.698845],[7.122537,50.698142],[7.122546,50.698311],[7.123035,50.698571],[7.122938,50.698647],[7.123558,50.699008]]]},"properties":{"landuse_id":17005,"landuse_code":2645,"landuse":"Grün-/ Parkfläche mit Baumbestand","environment":"urban_green","area_m2":2139}},{"type":"Feature","geometry":{"type":"Polygon","coordinates":[[[7.091543,50.723838],[7.092087,50.724271],[7.091933,50.724346],[7.092025,50.724443],[7.092178,50.724539],[7.092336,50.724555],[7.093494,50.723978],[7.093275,50.723709],[7.093094,50.723552],[7.092667,50.723448],[7.092612,50.72339],[7.092439,50.723437],[7.092029,50.723636],[7.091997,50.723611],[7.091543,50.723838]]]},"properties":{"landuse_id":16807,"landuse_code":2645,"landuse":"Grün-/ Parkfläche mit Baumbestand","environment":"urban_green","area_m2":9881}},{"type":"Feature","geometry":{"type":"Polygon","coordinates":[[[7.086002,50.701984],[7.085139,50.702459],[7.084787,50.702901],[7.084988,50.702963],[7.085269,50.702928],[7.085314,50.702701],[7.085367,50.702665],[7.085678,50.702635],[7.085795,50.702525],[7.085754,50.702461],[7.0859,50.702403],[7.085998,50.702404],[7.086107,50.702294],[7.086276,50.702239],[7.086335,50.702181],[7.086511,50.702161],[7.086698,50.702073],[7.086712,50.702039],[7.086934,50.701969],[7.087006,50.70192],[7.087019,50.701872],[7.087205,50.701793],[7.087237,50.701746],[7.087376,50.701671],[7.087385,50.701608],[7.087479,50.701534],[7.087556,50.701524],[7.087561,50.701496],[7.087648,50.701453],[7.087878,50.701405],[7.088073,50.70127],[7.087798,50.701153],[7.086002,50.701984]]]},"properties":{"landuse_id":20735,"landuse_code":2600,"landuse":"Wald","environment":"forest","area_m2":8811}},{"type":"Feature","geometry":{"type":"Polygon","coordinates":[[[7.076643,50.695421],[7.076601,50.695416],[7.076559,50.695462],[7.076459,50.695405],[7.076297,50.695489],[7.076309,50.695508],[7.076348,50.695496],[7.07634,50.695578],[7.07644,50.695578],[7.076487,50.695641],[7.076562,50.695671],[7.076642,50.695655],[7.07662,50.695552],[7.076643,50.695421]]]},"properties":{"landuse_id":15513,"landuse_code":2680,"landuse":"sonstige (kl.) Gehölzfläche","environment":"urban_green","area_m2":451}},{"type":"Feature","geometry":{"type":"Polygon","coordinates":[[[7.104814,50.710012],[7.104837,50.709767],[7.104687,50.70976],[7.104713,50.709535],[7.104324,50.709526],[7.103871,50.70959],[7.103446,50.709865],[7.103287,50.709685],[7.103111,50.709615],[7.102927,50.709146],[7.102945,50.709095],[7.103096,50.708972],[7.103683,50.708657],[7.103607,50.708668],[7.102687,50.708595],[7.102578,50.709009],[7.102639,50.709167],[7.102648,50.709634],[7.102563,50.710056],[7.102848,50.710093],[7.102884,50.709994],[7.103914,50.71017],[7.103964,50.709967],[7.104814,50.710012]]]},"properties":{"landuse_id":4254,"landuse_code":2600,"landuse":"Wald","environment":"forest","area_m2":11129}},{"type":"Feature","geometry":{"type":"Polygon","coordinates":[[[7.093369,50.725199],[7.093509,50.725297],[7.093579,50.725421],[7.093644,50.725474],[7.093794,50.725515],[7.093795,50.725638],[7.093853,50.725788],[7.094746,50.725314],[7.094631,50.725162],[7.094819,50.725084],[7.094834,50.725058],[7.094822,50.725021],[7.094314,50.724588],[7.094047,50.724914],[7.09378,50.725001],[7.093712,50.72512],[7.093504,50.725153],[7.093369,50.725199]]]},"properties":{"landuse_id":16810,"landuse_code":2645,"landuse":"Grün-/ Parkfläche mit Baumbestand","environment":"urban_green","area_m2":6374}},{"type":"Feature","geometry":{"type":"MultiPolygon","coordinates":[[[[7.17387,50.714745],[7.173774,50.714906],[7.173378,50.715335],[7.172429,50.716302],[7.171149,50.717541],[7.17173,50.717662],[7.17191,50.717761],[7.171926,50.717921],[7.171448,50.718592],[7.171209,50.718647],[7.170872,50.718937],[7.170422,50.718962],[7.170294,50.719314],[7.170167,50.719498],[7.170075,50.71958],[7.169986,50.719627],[7.169833,50.719665],[7.16947,50.719676],[7.169304,50.719707],[7.16886,50.72002],[7.168658,50.720223],[7.168587,50.720408],[7.168634,50.720748],[7.1685,50.721074],[7.168474,50.721267],[7.168544,50.721428],[7.168816,50.721546],[7.169178,50.721596],[7.169466,50.721571],[7.169656,50.721531],[7.169761,50.721332],[7.170151,50.720823],[7.170087,50.720774],[7.169773,50.720723],[7.169781,50.720698],[7.170144,50.720763],[7.170207,50.720758],[7.170327,50.720572],[7.170437,50.720483],[7.170586,50.720421],[7.170847,50.720379],[7.171035,50.720315],[7.172156,50.719554],[7.172362,50.719438],[7.172933,50.719193],[7.172997,50.719123],[7.17309,50.718865],[7.17285,50.718646],[7.172927,50.718544],[7.173241,50.718649],[7.173432,50.718475],[7.173798,50.718304],[7.174194,50.718209],[7.175364,50.717998],[7.175543,50.717914],[7.175695,50.717773],[7.175785,50.717561],[7.175817,50.717117],[7.175874,50.717178],[7.175827,50.71671],[7.176673,50.715825],[7.177098,50.715521],[7.177353,50.715449],[7.177892,50.715433],[7.178168,50.715376],[7.178477,50.715205],[7.179114,50.714746],[7.179764,50.714387],[7.179915,50.714361],[7.18016,50.714386],[7.180361,50.714379],[7.180948,50.714282],[7.181078,50.714234],[7.181493,50.713984],[7.181566,50.713981],[7.181741,50.714025],[7.182124,50.714172],[7.182264,50.714257],[7.182307,50.714353],[7.182239,50.714656],[7.182248,50.714758],[7.182302,50.714827],[7.18244,50.714885],[7.182634,50.714893],[7.182833,50.714843],[7.183748,50.714435],[7.183574,50.71428],[7.183432,50.713993],[7.183219,50.713359],[7.183,50.713146],[7.182758,50.712973],[7.182278,50.713528],[7.182067,50.713523],[7.181286,50.713321],[7.181314,50.713073],[7.180949,50.713033],[7.180995,50.712697],[7.180731,50.71268],[7.180714,50.712481],[7.180307,50.712509],[7.180312,50.712545],[7.180036,50.712564],[7.180087,50.71268],[7.179836,50.712703],[7.179711,50.712557],[7.179108,50.712818],[7.178869,50.712533],[7.17855,50.712627],[7.17859,50.712695],[7.178153,50.712829],[7.177871,50.712874],[7.177902,50.71293],[7.177639,50.713009],[7.177719,50.713167],[7.176548,50.713382],[7.176283,50.71293],[7.175701,50.713099],[7.175464,50.713082],[7.175349,50.713133],[7.174991,50.713426],[7.174098,50.714445],[7.175005,50.714499],[7.175725,50.714085],[7.175994,50.714125],[7.176159,50.714223],[7.176228,50.71432],[7.176874,50.714445],[7.176874,50.714596],[7.176619,50.714902],[7.176368,50.71496],[7.176355,50.715048],[7.176074,50.715086],[7.175803,50.71508],[7.17545,50.715167],[7.175021,50.715036],[7.174935,50.714812],[7.17483,50.714725],[7.174027,50.714533],[7.17387,50.714745]],[[7.170305,50.719952],[7.170327,50.720037],[7.170286,50.720162],[7.170075,50.720303],[7.170022,50.720312],[7.170013,50.720123],[7.170046,50.720056],[7.170174,50.719955],[7.170239,50.719936],[7.170305,50.719952]]],[[[7.170366,50.720616],[7.170555,50.720494],[7.170798,50.720425],[7.170523,50.720491],[7.170399,50.720572],[7.170336,50.72065],[7.170366,50.720616]]]]},"properties":{"landuse_id":23012,"landuse_code":2600,"landuse":"Wald","environment":"forest","area_m2":261770}},{"type":"Feature","geometry":{"type":"MultiPolygon","coordinates":[[[[7.097944,50.755144],[7.097861,50.755137],[7.097913,50.755146],[7.097944,50.755144]]],[[[7.09786,50.755137],[7.096983,50.754867],[7.097772,50.755115],[7.097812,50.755129],[7.09786,50.755137]]],[[[7.097824,50.755395],[7.097844,50.755405],[7.098093,50.755189],[7.097794,50.755153],[7.096545,50.754761],[7.09696,50.754947],[7.097824,50.755395]]]]},"properties":{"landuse_id":16819,"landuse_code":2680,"landuse":"sonstige (kl.) Gehölzfläche","environment":"urban_green","area_m2":1347}},{"type":"Feature","geometry":{"type":"Polygon","coordinates":[[[7.190149,50.646622],[7.189951,50.646518],[7.189572,50.646882],[7.189618,50.646956],[7.18993,50.646966],[7.189977,50.646865],[7.189868,50.646783],[7.190061,50.646778],[7.190165,50.646669],[7.190149,50.646622]]]},"properties":{"landuse_id":17961,"landuse_code":2680,"landuse":"sonstige (kl.) Gehölzfläche","environment":"urban_green","area_m2":1063}},{"type":"Feature","geometry":{"type":"Polygon","coordinates":[[[7.139846,50.687439],[7.13981,50.6873],[7.139631,50.687331],[7.139703,50.687469],[7.139846,50.687439]]]},"properties":{"landuse_id":19903,"landuse_code":2600,"landuse":"Wald","environment":"forest","area_m2":188}},{"type":"Feature","geometry":{"type":"MultiPolygon","coordinates":[[[[7.126527,50.675919],[7.126197,50.676162],[7.125905,50.676264],[7.125472,50.676282],[7.124388,50.676115],[7.123253,50.67588],[7.122469,50.675931],[7.122178,50.676006],[7.121842,50.67606],[7.121595,50.675926],[7.121543,50.675971],[7.121381,50.676738],[7.121708,50.676801],[7.122075,50.676973],[7.122581,50.676994],[7.123438,50.677075],[7.124086,50.677286],[7.125574,50.678051],[7.126139,50.678157],[7.126272,50.678202],[7.127059,50.678574],[7.12767,50.678742],[7.128201,50.678961],[7.129796,50.679521],[7.129972,50.679332],[7.130502,50.679025],[7.130109,50.678848],[7.130081,50.678665],[7.129836,50.67837],[7.129471,50.678055],[7.128778,50.677578],[7.128571,50.67731],[7.128445,50.677268],[7.127908,50.677216],[7.127583,50.677229],[7.12748,50.67721],[7.126547,50.676913],[7.126507,50.67686],[7.126473,50.676449],[7.126527,50.675919]]],[[[7.121953,50.675997],[7.121714,50.675943],[7.121856,50.676011],[7.121953,50.675997]]]]},"properties":{"landuse_id":2617,"landuse_code":2600,"landuse":"Wald","environment":"forest","area_m2":95857}},{"type":"Feature","geometry":{"type":"Polygon","coordinates":[[[7.139203,50.687402],[7.138623,50.687479],[7.138751,50.68768],[7.139703,50.687469],[7.139631,50.687331],[7.139203,50.687402]]]},"properties":{"landuse_id":19904,"landuse_code":2600,"landuse":"Wald","environment":"forest","area_m2":1409}},{"type":"Feature","geometry":{"type":"MultiPolygon","coordinates":[[[[7.149923,50.685546],[7.150341,50.685661],[7.150982,50.68549],[7.15055,50.685479],[7.150425,50.685558],[7.15029,50.685575],[7.150081,50.68549],[7.150031,50.685554],[7.150003,50.685545],[7.150054,50.685477],[7.14985,50.685384],[7.149826,50.685398],[7.149846,50.685448],[7.149923,50.685546]]],[[[7.150367,50.685699],[7.150313,50.685742],[7.150132,50.685768],[7.149793,50.685721],[7.150144,50.685868],[7.150267,50.685886],[7.150998,50.685879],[7.151693,50.685909],[7.152107,50.685675],[7.152161,50.685636],[7.152134,50.685621],[7.152153,50.685593],[7.15232,50.685466],[7.152149,50.68532],[7.152064,50.685104],[7.152012,50.685136],[7.151993,50.685123],[7.152054,50.685087],[7.152027,50.684943],[7.151935,50.684809],[7.151834,50.68473],[7.151443,50.684563],[7.151202,50.684521],[7.150886,50.684505],[7.150422,50.684577],[7.150022,50.684742],[7.150746,50.684772],[7.151047,50.684818],[7.151112,50.684842],[7.151193,50.684932],[7.151352,50.684975],[7.151499,50.685107],[7.151544,50.685311],[7.151289,50.685461],[7.150694,50.685573],[7.150401,50.685665],[7.150367,50.685699]]],[[[7.150405,50.686035],[7.150111,50.686051],[7.150018,50.686027],[7.149172,50.685953],[7.149147,50.686062],[7.149243,50.686254],[7.149366,50.68638],[7.150577,50.686287],[7.151589,50.685969],[7.151655,50.685931],[7.151143,50.685916],[7.150405,50.686035]]],[[[7.152234,50.685122],[7.152134,50.685157],[7.15217,50.68527],[7.15222,50.685355],[7.152352,50.685447],[7.152431,50.685377],[7.152437,50.685294],[7.152294,50.685104],[7.152234,50.685122]]],[[[7.151613,50.68457],[7.151472,50.68451],[7.151357,50.684511],[7.151661,50.684606],[7.151613,50.68457]]],[[[7.14996,50.685166],[7.149997,50.685045],[7.150151,50.684961],[7.150318,50.684943],[7.150342,50.684962],[7.150686,50.684909],[7.150957,50.684936],[7.151169,50.685009],[7.151292,50.685246],[7.151301,50.685368],[7.15115,50.685426],[7.1511,50.685472],[7.151274,50.685445],[7.151519,50.685284],[7.151474,50.68512],[7.151334,50.68499],[7.151208,50.68496],[7.151255,50.68504],[7.15122,50.685047],[7.151091,50.684861],[7.150741,50.684795],[7.149999,50.684764],[7.149838,50.684939],[7.149798,50.685042],[7.149845,50.685299],[7.14996,50.685166]]],[[[7.152425,50.685072],[7.15261,50.685278],[7.152448,50.685064],[7.152425,50.685072]]]]},"properties":{"landuse_id":19798,"landuse_code":2600,"landuse":"Wald","environment":"forest","area_m2":20758}},{"type":"Feature","geometry":{"type":"Polygon","coordinates":[[[7.117831,50.757422],[7.117984,50.757455],[7.118372,50.756711],[7.118275,50.756692],[7.118208,50.756751],[7.117831,50.757422]]]},"properties":{"landuse_id":21163,"landuse_code":2680,"landuse":"sonstige (kl.) Gehölzfläche","environment":"urban_green","area_m2":896}},{"type":"Feature","geometry":{"type":"Polygon","coordinates":[[[7.08022,50.761581],[7.080315,50.761454],[7.080167,50.761401],[7.079802,50.761317],[7.079272,50.761258],[7.078099,50.761256],[7.077783,50.761184],[7.077737,50.761307],[7.0789,50.761303],[7.079275,50.761326],[7.079651,50.761383],[7.079969,50.761464],[7.080237,50.761552],[7.08022,50.761581]]]},"properties":{"landuse_id":20096,"landuse_code":2680,"landuse":"sonstige (kl.) Gehölzfläche","environment":"urban_green","area_m2":1436}},{"type":"Feature","geometry":{"type":"MultiPolygon","coordinates":[[[[7.059353,50.749642],[7.059246,50.749664],[7.059277,50.749728],[7.058951,50.74979],[7.058891,50.749653],[7.057698,50.749916],[7.057586,50.749959],[7.057044,50.750062],[7.054301,50.750807],[7.053963,50.750473],[7.053838,50.7505],[7.054432,50.751213],[7.055556,50.750853],[7.056514,50.750583],[7.057733,50.750278],[7.059789,50.74981],[7.05945,50.749586],[7.059353,50.749642]]],[[[7.055206,50.751143],[7.056522,50.750757],[7.057312,50.750554],[7.059982,50.749947],[7.059956,50.74993],[7.058489,50.750255],[7.056963,50.750618],[7.055745,50.750953],[7.054551,50.751345],[7.054563,50.751358],[7.055206,50.751143]]]]},"properties":{"landuse_id":5557,"landuse_code":2670,"landuse":"Verkehrsbegleitgrün mit Baumbestand","environment":"urban_green","area_m2":16920}},{"type":"Feature","geometry":{"type":"MultiPolygon","coordinates":[[[[7.087299,50.746498],[7.087305,50.746517],[7.087322,50.746512],[7.087316,50.746495],[7.087299,50.746498]]],[[[7.087326,50.746575],[7.087346,50.746634],[7.087359,50.74663],[7.08734,50.746571],[7.087326,50.746575]]],[[[7.087388,50.746755],[7.087431,50.746881],[7.087415,50.746818],[7.087398,50.746752],[7.087388,50.746755]]],[[[7.087292,50.747829],[7.087394,50.747841],[7.087652,50.747063],[7.087475,50.746493],[7.087397,50.746506],[7.087398,50.746545],[7.08754,50.74706],[7.087292,50.747829]]]]},"properties":{"landuse_id":20098,"landuse_code":2680,"landuse":"sonstige (kl.) Gehölzfläche","environment":"urban_green","area_m2":1114}},{"type":"Feature","geometry":{"type":"MultiPolygon","coordinates":[[[[7.13981,50.6873],[7.139642,50.68675],[7.140218,50.686575],[7.141066,50.687074],[7.142531,50.686631],[7.143056,50.686684],[7.143013,50.686638],[7.143243,50.686647],[7.143279,50.686635],[7.143233,50.686447],[7.142864,50.68589],[7.142611,50.685823],[7.142185,50.685535],[7.141776,50.685381],[7.140865,50.685453],[7.140704,50.685304],[7.141037,50.685157],[7.141138,50.685217],[7.141274,50.68519],[7.140991,50.685056],[7.140718,50.685162],[7.140488,50.685217],[7.140335,50.685225],[7.140122,50.685175],[7.140043,50.685199],[7.140011,50.685169],[7.140076,50.685134],[7.139852,50.685231],[7.139263,50.684702],[7.138853,50.684238],[7.138585,50.684062],[7.138988,50.683793],[7.138925,50.683743],[7.138827,50.683739],[7.138219,50.683573],[7.137775,50.683725],[7.137439,50.683725],[7.137242,50.683688],[7.136974,50.683541],[7.135799,50.684964],[7.136003,50.685442],[7.1356,50.685534],[7.135673,50.685666],[7.135849,50.685626],[7.135937,50.685785],[7.135431,50.685896],[7.135453,50.685938],[7.135072,50.686023],[7.134838,50.685634],[7.134017,50.685747],[7.133888,50.685714],[7.133344,50.685714],[7.133137,50.685686],[7.133035,50.68573],[7.132937,50.685817],[7.132898,50.685931],[7.132965,50.686001],[7.133015,50.686118],[7.132784,50.68621],[7.132483,50.68616],[7.131884,50.686357],[7.13167,50.686115],[7.131999,50.685999],[7.131944,50.685924],[7.13186,50.68588],[7.131732,50.685754],[7.131704,50.685543],[7.131811,50.685343],[7.13203,50.685092],[7.132182,50.684974],[7.133671,50.68442],[7.13387,50.684501],[7.13397,50.684423],[7.134112,50.684386],[7.134585,50.684413],[7.134738,50.684383],[7.134859,50.684314],[7.134805,50.684067],[7.134854,50.683856],[7.133925,50.684162],[7.133896,50.684128],[7.132252,50.68468],[7.132021,50.68469],[7.131996,50.684719],[7.132031,50.68473],[7.131553,50.685284],[7.131532,50.685277],[7.131545,50.685352],[7.130821,50.686239],[7.130225,50.685786],[7.128865,50.685021],[7.127427,50.684327],[7.127885,50.683902],[7.127335,50.683693],[7.127368,50.683661],[7.126374,50.683342],[7.126699,50.682976],[7.126537,50.682917],[7.126468,50.682858],[7.126378,50.682831],[7.126351,50.682863],[7.12593,50.682728],[7.125919,50.682741],[7.123614,50.681993],[7.123625,50.681978],[7.123275,50.681863],[7.123262,50.68188],[7.122335,50.681581],[7.122339,50.681563],[7.119793,50.682071],[7.119798,50.68204],[7.118716,50.681988],[7.119223,50.682708],[7.11966,50.68292],[7.119909,50.682986],[7.12045,50.683067],[7.120633,50.683145],[7.12128,50.683774],[7.121434,50.684036],[7.121545,50.684118],[7.12162,50.684243],[7.12185,50.684406],[7.121903,50.684535],[7.122151,50.684744],[7.122512,50.684807],[7.123389,50.685431],[7.124003,50.685653],[7.12416,50.685778],[7.124294,50.685812],[7.124502,50.68595],[7.124742,50.686046],[7.124955,50.686174],[7.12515,50.686256],[7.125524,50.686368],[7.125805,50.686401],[7.12605,50.686398],[7.126385,50.686548],[7.126621,50.686581],[7.126698,50.686516],[7.126783,50.68649],[7.127082,50.686495],[7.127486,50.686583],[7.128053,50.686745],[7.128288,50.686844],[7.129109,50.687649],[7.12946,50.687907],[7.12976,50.68808],[7.129815,50.688141],[7.12986,50.688318],[7.129813,50.688492],[7.129818,50.688707],[7.129951,50.689017],[7.130204,50.689303],[7.13068,50.689745],[7.130786,50.689828],[7.130898,50.689869],[7.131054,50.689879],[7.131182,50.689851],[7.132407,50.689376],[7.133122,50.689165],[7.134465,50.688857],[7.135613,50.688655],[7.136005,50.688517],[7.135967,50.688476],[7.136274,50.688365],[7.136603,50.688178],[7.136753,50.688142],[7.137067,50.688126],[7.138403,50.687853],[7.138596,50.687866],[7.138767,50.68793],[7.138892,50.687948],[7.138623,50.687479],[7.13981,50.6873]],[[7.12405,50.682823],[7.1241,50.68273],[7.123807,50.682652],[7.123451,50.68245],[7.12339,50.682442],[7.123236,50.682476],[7.123005,50.682419],[7.122945,50.682282],[7.123191,50.68197],[7.124583,50.682427],[7.124232,50.682874],[7.12405,50.682823]]],[[[7.137214,50.683115],[7.137105,50.68307],[7.136991,50.683073],[7.13683,50.683223],[7.136603,50.683329],[7.136814,50.683405],[7.137274,50.683658],[7.137614,50.683702],[7.137753,50.683693],[7.137864,50.683654],[7.137214,50.683115]]]]},"properties":{"landuse_id":22666,"landuse_code":2600,"landuse":"Wald","environment":"forest","area_m2":543401}},{"type":"Feature","geometry":{"type":"Polygon","coordinates":[[[7.110824,50.765919],[7.110898,50.766165],[7.111553,50.766385],[7.111635,50.766315],[7.111333,50.766236],[7.111215,50.765914],[7.110824,50.765919]]]},"properties":{"landuse_id":16499,"landuse_code":2680,"landuse":"sonstige (kl.) Gehölzfläche","environment":"urban_green","area_m2":1195}},{"type":"Feature","geometry":{"type":"Polygon","coordinates":[[[7.168408,50.748084],[7.168242,50.747877],[7.166773,50.748025],[7.166327,50.747903],[7.166144,50.747907],[7.165953,50.748108],[7.166865,50.748705],[7.166964,50.748667],[7.16707,50.748479],[7.167156,50.748038],[7.167216,50.748],[7.168186,50.747921],[7.168408,50.748084]],[[7.16645,50.748343],[7.166597,50.748245],[7.166676,50.748096],[7.166746,50.748042],[7.167003,50.74804],[7.166945,50.748522],[7.1666,50.74848],[7.166459,50.748391],[7.16645,50.748343]]]},"properties":{"landuse_id":15043,"landuse_code":2680,"landuse":"sonstige (kl.) Gehölzfläche","environment":"urban_green","area_m2":3221}},{"type":"Feature","geometry":{"type":"MultiPolygon","coordinates":[[[[7.144152,50.686399],[7.144291,50.686706],[7.144256,50.686754],[7.144487,50.686651],[7.144652,50.686511],[7.145082,50.685824],[7.145244,50.685705],[7.145491,50.685604],[7.145507,50.685561],[7.143599,50.685973],[7.14355,50.685878],[7.143255,50.68591],[7.142864,50.68589],[7.143233,50.686447],[7.143279,50.686635],[7.143525,50.686691],[7.143978,50.686721],[7.143871,50.686414],[7.144152,50.686399]]],[[[7.146182,50.686431],[7.146498,50.68639],[7.147198,50.686409],[7.147259,50.686303],[7.148108,50.686161],[7.148239,50.686593],[7.148692,50.686542],[7.149366,50.68638],[7.149243,50.686254],[7.149147,50.686062],[7.149172,50.685953],[7.148033,50.685862],[7.147256,50.685736],[7.146515,50.685885],[7.146066,50.685773],[7.14564,50.685581],[7.145323,50.685699],[7.145124,50.685832],[7.144721,50.686482],[7.144618,50.686596],[7.144487,50.686688],[7.144598,50.686657],[7.14463,50.68672],[7.145443,50.686535],[7.146182,50.686431]]],[[[7.145918,50.686773],[7.145981,50.686789],[7.146686,50.686523],[7.146639,50.686476],[7.146676,50.686423],[7.146468,50.686416],[7.146157,50.686463],[7.145918,50.686773]]]]},"properties":{"landuse_id":22667,"landuse_code":2600,"landuse":"Wald","environment":"forest","area_m2":33571}},{"type":"Feature","geometry":{"type":"Polygon","coordinates":[[[7.074848,50.696182],[7.074842,50.69616],[7.074797,50.696153],[7.074668,50.69623],[7.074589,50.696222],[7.074533,50.696182],[7.074523,50.695829],[7.0747,50.69577],[7.074774,50.695558],[7.074771,50.695439],[7.074882,50.695384],[7.074971,50.695391],[7.075066,50.695258],[7.07529,50.695295],[7.075395,50.695256],[7.075394,50.695064],[7.075451,50.694788],[7.075604,50.694749],[7.075707,50.694653],[7.076006,50.694701],[7.076012,50.694629],[7.076253,50.69463],[7.076373,50.694558],[7.076497,50.69443],[7.076502,50.694401],[7.076345,50.694347],[7.076331,50.694194],[7.076449,50.693849],[7.076666,50.693773],[7.076595,50.693624],[7.076488,50.693613],[7.076469,50.693594],[7.076617,50.693444],[7.076791,50.693438],[7.076914,50.693255],[7.076819,50.693229],[7.076638,50.693243],[7.076474,50.693109],[7.076496,50.69299],[7.076575,50.692823],[7.076654,50.692798],[7.076714,50.692835],[7.076785,50.692839],[7.076807,50.692559],[7.076831,50.692543],[7.076985,50.692566],[7.077008,50.692546],[7.07699,50.692393],[7.077137,50.69228],[7.077079,50.692237],[7.076984,50.692244],[7.076914,50.692224],[7.076894,50.692034],[7.076803,50.691984],[7.076796,50.691957],[7.076912,50.691879],[7.077156,50.691894],[7.077453,50.691636],[7.077422,50.691613],[7.077367,50.691615],[7.077153,50.691648],[7.07702,50.691485],[7.077103,50.691393],[7.077091,50.69123],[7.077218,50.691167],[7.077223,50.69114],[7.07706,50.691014],[7.077018,50.690951],[7.077092,50.690831],[7.07716,50.690818],[7.077247,50.690861],[7.077414,50.69067],[7.07763,50.690598],[7.077888,50.690259],[7.07764,50.690172],[7.077493,50.69002],[7.077514,50.69014],[7.077575,50.690235],[7.077779,50.690306],[7.077662,50.690498],[7.077587,50.69055],[7.076977,50.690816],[7.07694,50.690885],[7.076964,50.691267],[7.076848,50.691306],[7.076858,50.691372],[7.076953,50.691488],[7.07705,50.691765],[7.077002,50.69181],[7.07653,50.69194],[7.076521,50.692062],[7.076669,50.692135],[7.07681,50.69215],[7.076929,50.692492],[7.076675,50.692511],[7.076613,50.692557],[7.076568,50.692704],[7.076489,50.692814],[7.076276,50.692971],[7.076352,50.693049],[7.076237,50.693174],[7.076045,50.693087],[7.075944,50.692959],[7.075826,50.692878],[7.075764,50.69274],[7.075769,50.692455],[7.0757,50.692079],[7.075609,50.692029],[7.075447,50.691872],[7.075026,50.691998],[7.074716,50.691952],[7.074175,50.69176],[7.073734,50.691653],[7.073456,50.691439],[7.073153,50.691335],[7.07296,50.691202],[7.072481,50.690718],[7.072382,50.690676],[7.072671,50.690264],[7.071879,50.690969],[7.071654,50.691266],[7.072113,50.691471],[7.073247,50.691621],[7.073593,50.691707],[7.074158,50.69197],[7.074655,50.692163],[7.075029,50.692246],[7.075325,50.692282],[7.075698,50.692958],[7.075956,50.693126],[7.076185,50.693203],[7.076486,50.693264],[7.076222,50.693882],[7.076189,50.694422],[7.075851,50.694429],[7.075638,50.69448],[7.075574,50.694577],[7.075253,50.694738],[7.07517,50.694861],[7.07511,50.695097],[7.075084,50.695126],[7.074931,50.695177],[7.074681,50.695435],[7.074484,50.695765],[7.074313,50.69594],[7.074329,50.696028],[7.074073,50.695947],[7.073984,50.696201],[7.074635,50.696353],[7.07486,50.696283],[7.074848,50.696182]],[[7.072597,50.691154],[7.07243,50.69114],[7.07229,50.691087],[7.072272,50.691066],[7.072332,50.69099],[7.072403,50.690996],[7.072596,50.691113],[7.072597,50.691154]]]},"properties":{"landuse_id":16332,"landuse_code":2600,"landuse":"Wald","environment":"forest","area_m2":25334}},{"type":"Feature","geometry":{"type":"Polygon","coordinates":[[[7.14121,50.71178],[7.141371,50.711802],[7.141514,50.711753],[7.141547,50.71167],[7.141492,50.711602],[7.141334,50.711565],[7.141213,50.7116],[7.141152,50.711704],[7.14121,50.71178]]]},"properties":{"landuse_id":17397,"landuse_code":2645,"landuse":"Grün-/ Parkfläche mit Baumbestand","environment":"urban_green","area_m2":586}},{"type":"Feature","geometry":{"type":"Polygon","coordinates":[[[7.120466,50.770862],[7.120601,50.770828],[7.120686,50.77071],[7.120656,50.770651],[7.120583,50.770649],[7.120429,50.770717],[7.120351,50.770718],[7.120202,50.770614],[7.11994,50.770364],[7.119862,50.770365],[7.1197,50.77046],[7.119599,50.770458],[7.11957,50.770397],[7.11962,50.770241],[7.119596,50.770196],[7.119199,50.770144],[7.118793,50.770259],[7.118747,50.770237],[7.118813,50.770114],[7.118756,50.770057],[7.118688,50.770075],[7.118581,50.770192],[7.118556,50.770275],[7.118506,50.770294],[7.118441,50.77028],[7.118377,50.770189],[7.118287,50.770166],[7.117966,50.770185],[7.117777,50.770243],[7.117809,50.770264],[7.118549,50.770356],[7.118918,50.770496],[7.119847,50.77072],[7.120267,50.770791],[7.120466,50.770862]]]},"properties":{"landuse_id":16824,"landuse_code":2680,"landuse":"sonstige (kl.) Gehölzfläche","environment":"urban_green","area_m2":5441}},{"type":"Feature","geometry":{"type":"Polygon","coordinates":[[[7.083935,50.704092],[7.083765,50.704272],[7.083461,50.704686],[7.083733,50.704716],[7.083689,50.704884],[7.084261,50.704935],[7.084351,50.704894],[7.08437,50.704808],[7.084206,50.704721],[7.084191,50.704676],[7.084217,50.704578],[7.084308,50.704537],[7.084284,50.704416],[7.084403,50.704397],[7.084548,50.704302],[7.084569,50.704262],[7.084539,50.704182],[7.084664,50.704113],[7.084689,50.70401],[7.084779,50.703934],[7.084785,50.703867],[7.084868,50.703803],[7.084919,50.703597],[7.084897,50.703553],[7.08499,50.703418],[7.0852,50.703253],[7.085083,50.703268],[7.084972,50.703332],[7.084683,50.703826],[7.084382,50.704183],[7.083935,50.704092]]]},"properties":{"landuse_id":20739,"landuse_code":2600,"landuse":"Wald","environment":"forest","area_m2":5209}},{"type":"Feature","geometry":{"type":"MultiPolygon","coordinates":[[[[7.167837,50.73256],[7.16942,50.732434],[7.170153,50.73246],[7.170067,50.73238],[7.169385,50.732007],[7.166737,50.72947],[7.16623,50.728895],[7.166061,50.728967],[7.165776,50.729027],[7.165386,50.729077],[7.165225,50.729073],[7.165111,50.72905],[7.164281,50.728729],[7.163925,50.72863],[7.163818,50.72866],[7.16353,50.72887],[7.163435,50.728886],[7.163087,50.728749],[7.162588,50.72862],[7.16231,50.728578],[7.16175,50.728421],[7.162019,50.728642],[7.162383,50.728778],[7.162551,50.728872],[7.162933,50.729254],[7.162804,50.729153],[7.163261,50.729529],[7.163665,50.72968],[7.16399,50.729902],[7.164611,50.730737],[7.16541,50.731358],[7.165549,50.731626],[7.165689,50.731806],[7.165838,50.731905],[7.166929,50.732365],[7.167681,50.732545],[7.167837,50.73256]]],[[[7.163088,50.729426],[7.163124,50.72946],[7.163143,50.72947],[7.163133,50.729462],[7.163105,50.72944],[7.163088,50.729426]]]]},"properties":{"landuse_id":2475,"landuse_code":2600,"landuse":"Wald","environment":"forest","area_m2":96955}},{"type":"Feature","geometry":{"type":"MultiPolygon","coordinates":[[[[7.13982,50.657186],[7.14087,50.657822],[7.14091,50.658192],[7.140601,50.658433],[7.141077,50.658747],[7.142153,50.659676],[7.142462,50.659958],[7.142974,50.660549],[7.143476,50.660885],[7.143868,50.661073],[7.143979,50.660696],[7.143948,50.660318],[7.143639,50.659907],[7.142865,50.658],[7.142383,50.657536],[7.142011,50.657286],[7.141761,50.656433],[7.141705,50.656111],[7.140516,50.65579],[7.139962,50.655615],[7.13965,50.656358],[7.139099,50.657222],[7.13982,50.657186]]],[[[7.143881,50.661135],[7.143876,50.661126],[7.143867,50.661116],[7.14385,50.661099],[7.143839,50.661091],[7.143815,50.661077],[7.143779,50.661057],[7.14374,50.661036],[7.143715,50.661025],[7.143697,50.661019],[7.143696,50.661019],[7.143881,50.661135]]]]},"properties":{"landuse_id":4457,"landuse_code":2600,"landuse":"Wald","environment":"forest","area_m2":72642}},{"type":"Feature","geometry":{"type":"Polygon","coordinates":[[[7.180929,50.652237],[7.180813,50.652271],[7.180913,50.652457],[7.180622,50.652489],[7.180728,50.652784],[7.181189,50.652715],[7.181073,50.65244],[7.181012,50.652452],[7.180929,50.652237]]]},"properties":{"landuse_id":17929,"landuse_code":2680,"landuse":"sonstige (kl.) Gehölzfläche","environment":"urban_green","area_m2":1277}},{"type":"Feature","geometry":{"type":"Polygon","coordinates":[[[7.129156,50.770779],[7.129173,50.770763],[7.129249,50.770793],[7.129409,50.770908],[7.129524,50.770897],[7.129554,50.770722],[7.129491,50.770678],[7.129269,50.770634],[7.130525,50.769049],[7.130274,50.768501],[7.127502,50.768555],[7.127438,50.768613],[7.12726,50.768612],[7.127388,50.768802],[7.1275,50.769047],[7.127474,50.769239],[7.127377,50.769361],[7.126473,50.769862],[7.129156,50.770779]],[[7.128932,50.769391],[7.128835,50.769574],[7.12853,50.769506],[7.128627,50.76933],[7.128932,50.769391]],[[7.128454,50.768958],[7.129077,50.769008],[7.129319,50.769082],[7.129424,50.769205],[7.129476,50.769512],[7.129317,50.769741],[7.12913,50.769856],[7.128817,50.769909],[7.128548,50.769883],[7.128327,50.769834],[7.128148,50.769747],[7.128066,50.769617],[7.128033,50.769427],[7.12805,50.769345],[7.128266,50.769087],[7.12847,50.769164],[7.128333,50.769455],[7.128333,50.769576],[7.128395,50.7697],[7.128576,50.769686],[7.128892,50.76973],[7.129112,50.769644],[7.12921,50.76952],[7.129222,50.769442],[7.129164,50.769253],[7.128964,50.769162],[7.128429,50.769028],[7.128454,50.768958]]]},"properties":{"landuse_id":17193,"landuse_code":2680,"landuse":"sonstige (kl.) Gehölzfläche","environment":"urban_green","area_m2":39362}},{"type":"Feature","geometry":{"type":"Polygon","coordinates":[[[7.112189,50.74888],[7.112392,50.748621],[7.112249,50.748647],[7.111471,50.748505],[7.111267,50.748524],[7.111164,50.748555],[7.111173,50.748655],[7.112189,50.74888]]]},"properties":{"landuse_id":16653,"landuse_code":2680,"landuse":"sonstige (kl.) Gehölzfläche","environment":"urban_green","area_m2":1871}},{"type":"Feature","geometry":{"type":"Polygon","coordinates":[[[7.080151,50.675367],[7.081252,50.676303],[7.081179,50.676565],[7.081286,50.676642],[7.081567,50.67673],[7.081762,50.67688],[7.081918,50.677169],[7.081677,50.677336],[7.081618,50.677453],[7.08164,50.677581],[7.081619,50.677739],[7.081748,50.678139],[7.081945,50.678089],[7.081766,50.677992],[7.081727,50.677861],[7.081842,50.677714],[7.081829,50.677604],[7.081892,50.677564],[7.082034,50.677545],[7.082061,50.677495],[7.081954,50.677452],[7.081937,50.677352],[7.081875,50.677304],[7.081904,50.677251],[7.082001,50.677197],[7.081953,50.677058],[7.082094,50.676946],[7.082046,50.676855],[7.081855,50.67678],[7.081792,50.676646],[7.081707,50.676579],[7.081732,50.676362],[7.081884,50.67639],[7.081891,50.676351],[7.081759,50.676198],[7.081755,50.676054],[7.081724,50.676016],[7.081595,50.675979],[7.081586,50.67594],[7.081434,50.675908],[7.081341,50.675832],[7.081188,50.675766],[7.081101,50.675589],[7.081167,50.675506],[7.081151,50.675449],[7.081021,50.675416],[7.080916,50.675451],[7.08058,50.675314],[7.08057,50.675209],[7.080705,50.675145],[7.080704,50.675116],[7.080414,50.675046],[7.080383,50.675003],[7.08042,50.67495],[7.080146,50.67489],[7.080068,50.674772],[7.080035,50.674637],[7.079794,50.674498],[7.079642,50.67428],[7.079688,50.674254],[7.079792,50.674246],[7.079694,50.67403],[7.079531,50.67404],[7.079472,50.674004],[7.079339,50.673625],[7.079417,50.673577],[7.079635,50.673565],[7.079736,50.673535],[7.079761,50.673471],[7.079729,50.673416],[7.079573,50.673405],[7.079578,50.67328],[7.079705,50.673273],[7.079753,50.673222],[7.079746,50.673091],[7.079606,50.673135],[7.079533,50.673131],[7.079566,50.673005],[7.079514,50.672963],[7.079441,50.67296],[7.079267,50.673038],[7.079206,50.673008],[7.079153,50.672807],[7.079057,50.672816],[7.078955,50.672862],[7.078885,50.672831],[7.07886,50.672714],[7.078687,50.672653],[7.07869,50.672622],[7.078406,50.672578],[7.078582,50.672753],[7.079462,50.67322],[7.079424,50.673399],[7.078853,50.673615],[7.078915,50.673864],[7.078988,50.673997],[7.079139,50.674139],[7.079263,50.674321],[7.079428,50.674771],[7.079657,50.674996],[7.079899,50.675124],[7.080151,50.675367]]]},"properties":{"landuse_id":20472,"landuse_code":2600,"landuse":"Wald","environment":"forest","area_m2":19350}},{"type":"Feature","geometry":{"type":"MultiPolygon","coordinates":[[[[7.042833,50.707501],[7.042801,50.707651],[7.041952,50.707608],[7.042006,50.707226],[7.042434,50.70724],[7.042452,50.707033],[7.042579,50.706861],[7.042717,50.706563],[7.042915,50.706569],[7.042778,50.706447],[7.042692,50.706405],[7.041831,50.706064],[7.042128,50.705655],[7.041917,50.70561],[7.041942,50.705291],[7.041753,50.705352],[7.041176,50.705162],[7.041337,50.705386],[7.041358,50.705521],[7.041238,50.705398],[7.040872,50.705248],[7.040372,50.705182],[7.040539,50.705423],[7.040532,50.705519],[7.040481,50.705602],[7.040366,50.705684],[7.040575,50.705711],[7.041477,50.706246],[7.04127,50.706361],[7.041162,50.70652],[7.041162,50.706951],[7.041129,50.706988],[7.041016,50.706959],[7.040952,50.706974],[7.040837,50.707578],[7.040836,50.708572],[7.040867,50.708855],[7.041104,50.709958],[7.041316,50.710434],[7.041349,50.71049],[7.041385,50.710475],[7.041689,50.710782],[7.04204,50.71096],[7.042312,50.710724],[7.042409,50.710604],[7.042573,50.710356],[7.042681,50.710119],[7.042794,50.709612],[7.042842,50.708359],[7.043159,50.707828],[7.043315,50.707661],[7.043169,50.707654],[7.042833,50.707501]],[[7.042179,50.708559],[7.042198,50.70866],[7.042617,50.708616],[7.042682,50.708828],[7.042702,50.709319],[7.042707,50.709531],[7.042644,50.70965],[7.042272,50.709595],[7.04195,50.709251],[7.041847,50.709035],[7.041762,50.708601],[7.042179,50.708559]],[[7.041682,50.707596],[7.041813,50.707619],[7.041961,50.707685],[7.04242,50.708025],[7.042611,50.70836],[7.042179,50.708349],[7.041652,50.708464],[7.041728,50.708325],[7.041743,50.708119],[7.041682,50.707596]],[[7.041054,50.708903],[7.041052,50.708777],[7.041085,50.708713],[7.041265,50.708622],[7.041476,50.708635],[7.041586,50.708798],[7.041589,50.708958],[7.041531,50.708996],[7.041273,50.708998],[7.041179,50.708977],[7.041054,50.708903]],[[7.041139,50.708214],[7.041473,50.708211],[7.041514,50.708237],[7.041516,50.708319],[7.041466,50.708408],[7.041379,50.708484],[7.041286,50.708522],[7.041222,50.70853],[7.041163,50.708508],[7.041055,50.708397],[7.041058,50.708293],[7.041092,50.708229],[7.041139,50.708214]],[[7.041235,50.708064],[7.041185,50.707927],[7.041213,50.707863],[7.041265,50.707822],[7.041353,50.707821],[7.041525,50.707917],[7.041546,50.708088],[7.041518,50.708129],[7.041459,50.708129],[7.041235,50.708064]],[[7.041857,50.710761],[7.041844,50.710498],[7.041661,50.710258],[7.04154,50.710152],[7.041412,50.70992],[7.041365,50.709517],[7.041408,50.709391],[7.041641,50.709092],[7.042141,50.709555],[7.042533,50.70981],[7.042589,50.709944],[7.042556,50.710074],[7.042135,50.710655],[7.041945,50.710774],[7.041857,50.710761]]],[[[7.040934,50.706978],[7.040271,50.707138],[7.040411,50.70726],[7.040555,50.707488],[7.040593,50.707619],[7.040626,50.708361],[7.040884,50.709066],[7.040811,50.708574],[7.040816,50.707584],[7.040934,50.706978]]]]},"properties":{"landuse_id":20639,"landuse_code":2645,"landuse":"Grün-/ Parkfläche mit Baumbestand","environment":"urban_green","area_m2":50590}},{"type":"Feature","geometry":{"type":"MultiPolygon","coordinates":[[[[7.085245,50.703067],[7.085256,50.703071],[7.085257,50.703064],[7.085245,50.703067]]],[[[7.085257,50.703064],[7.085269,50.702928],[7.085149,50.702953],[7.085257,50.703064]]]]},"properties":{"landuse_id":18037,"landuse_code":2600,"landuse":"Wald","environment":"forest","area_m2":72}},{"type":"Feature","geometry":{"type":"MultiPolygon","coordinates":[[[[7.040271,50.707138],[7.040934,50.706978],[7.040937,50.70696],[7.040327,50.706581],[7.039095,50.706111],[7.038908,50.706209],[7.038837,50.706222],[7.03872,50.706199],[7.038577,50.706093],[7.038474,50.706099],[7.038346,50.706262],[7.038241,50.706165],[7.038173,50.705969],[7.038361,50.705859],[7.038474,50.705848],[7.038709,50.705938],[7.038821,50.705955],[7.038398,50.705643],[7.038248,50.705442],[7.038092,50.704878],[7.037705,50.705284],[7.037601,50.705322],[7.037212,50.705381],[7.03705,50.705332],[7.036879,50.705353],[7.036955,50.705372],[7.037492,50.705668],[7.03758,50.705756],[7.037724,50.706008],[7.038097,50.706208],[7.038711,50.706524],[7.039193,50.706672],[7.039415,50.706795],[7.040066,50.706997],[7.040271,50.707138]],[[7.038908,50.706209],[7.03946,50.706301],[7.039777,50.706391],[7.040212,50.706765],[7.040289,50.70686],[7.04028,50.706993],[7.04002,50.706884],[7.039596,50.706787],[7.039114,50.706633],[7.038611,50.706407],[7.038794,50.706324],[7.038908,50.706209]],[[7.037985,50.705803],[7.037692,50.705707],[7.037424,50.705567],[7.037917,50.705621],[7.037996,50.705672],[7.038028,50.705734],[7.037985,50.705803]]],[[[7.040952,50.706974],[7.041016,50.706959],[7.040968,50.706858],[7.040715,50.706639],[7.040543,50.70655],[7.040221,50.706435],[7.039536,50.706255],[7.039656,50.706077],[7.039654,50.706021],[7.039368,50.705827],[7.039106,50.705712],[7.038985,50.705621],[7.038918,50.705618],[7.038641,50.705683],[7.038499,50.70555],[7.038342,50.705537],[7.038176,50.705109],[7.038153,50.704827],[7.038109,50.704864],[7.038265,50.705443],[7.038415,50.705639],[7.038614,50.705806],[7.038836,50.705949],[7.039007,50.705889],[7.039136,50.705924],[7.039203,50.705979],[7.039103,50.706101],[7.040342,50.706574],[7.040927,50.706921],[7.040952,50.706974]]]]},"properties":{"landuse_id":20640,"landuse_code":2645,"landuse":"Grün-/ Parkfläche mit Baumbestand","environment":"urban_green","area_m2":14152}},{"type":"Feature","geometry":{"type":"Polygon","coordinates":[[[7.109231,50.752895],[7.108937,50.752835],[7.108835,50.752787],[7.108737,50.752871],[7.108768,50.752926],[7.109152,50.752999],[7.109231,50.752895]]]},"properties":{"landuse_id":16658,"landuse_code":2680,"landuse":"sonstige (kl.) Gehölzfläche","environment":"urban_green","area_m2":425}},{"type":"Feature","geometry":{"type":"MultiPolygon","coordinates":[[[[7.188096,50.649103],[7.188148,50.64903],[7.188138,50.648705],[7.188183,50.64867],[7.188508,50.64857],[7.188508,50.648907],[7.188187,50.648976],[7.188178,50.649071],[7.188544,50.649085],[7.188663,50.649207],[7.189027,50.649453],[7.189442,50.649848],[7.189637,50.649738],[7.189668,50.649668],[7.189751,50.649633],[7.189684,50.649551],[7.189175,50.649356],[7.189025,50.649248],[7.188734,50.648519],[7.187599,50.648695],[7.187946,50.649508],[7.187983,50.6493],[7.188096,50.649103]]],[[[7.189729,50.649535],[7.189711,50.649517],[7.189671,50.649497],[7.189617,50.64948],[7.189573,50.649467],[7.189622,50.649486],[7.18969,50.649516],[7.189729,50.649535]]]]},"properties":{"landuse_id":20019,"landuse_code":2680,"landuse":"sonstige (kl.) Gehölzfläche","environment":"urban_green","area_m2":6194}},{"type":"Feature","geometry":{"type":"Polygon","coordinates":[[[7.077851,50.690314],[7.07763,50.690598],[7.077414,50.69067],[7.077247,50.690861],[7.07716,50.690818],[7.077092,50.690831],[7.077018,50.690951],[7.077029,50.690985],[7.077223,50.69114],[7.077218,50.691167],[7.077084,50.691251],[7.077301,50.691228],[7.077394,50.691114],[7.077356,50.691048],[7.077196,50.691027],[7.077165,50.69097],[7.077199,50.690913],[7.077318,50.690894],[7.077494,50.690751],[7.077864,50.690571],[7.077938,50.690511],[7.078122,50.690465],[7.078224,50.690307],[7.078012,50.690297],[7.078011,50.690355],[7.077842,50.69034],[7.077851,50.690314]]]},"properties":{"landuse_id":15525,"landuse_code":2600,"landuse":"Wald","environment":"forest","area_m2":1607}},{"type":"Feature","geometry":{"type":"Polygon","coordinates":[[[7.078224,50.690307],[7.078122,50.690465],[7.077938,50.690511],[7.077864,50.690571],[7.078289,50.690537],[7.078922,50.690711],[7.078891,50.69053],[7.078842,50.690429],[7.078773,50.690379],[7.078673,50.690338],[7.078552,50.690322],[7.078224,50.690307]]]},"properties":{"landuse_id":15527,"landuse_code":2600,"landuse":"Wald","environment":"forest","area_m2":1668}},{"type":"Feature","geometry":{"type":"Polygon","coordinates":[[[7.205541,50.650527],[7.205616,50.650491],[7.205591,50.650342],[7.205407,50.6503],[7.205304,50.650316],[7.205275,50.650469],[7.20532,50.650494],[7.205541,50.650527]]]},"properties":{"landuse_id":18119,"landuse_code":2680,"landuse":"sonstige (kl.) Gehölzfläche","environment":"urban_green","area_m2":479}},{"type":"Feature","geometry":{"type":"MultiPolygon","coordinates":[[[[7.062286,50.675697],[7.062372,50.675442],[7.062271,50.675692],[7.062286,50.675697]]],[[[7.0626,50.674767],[7.062729,50.674385],[7.062743,50.674156],[7.0626,50.674767]]]]},"properties":{"landuse_id":256,"landuse_code":2670,"landuse":"Verkehrsbegleitgrün mit Baumbestand","environment":"urban_green","area_m2":99}},{"type":"Feature","geometry":{"type":"MultiPolygon","coordinates":[[[[7.177615,50.708661],[7.177704,50.708221],[7.177699,50.707865],[7.17745,50.707785],[7.177357,50.707859],[7.177358,50.707897],[7.177416,50.708014],[7.177591,50.708173],[7.177535,50.708686],[7.17759,50.708696],[7.177615,50.708661]]],[[[7.177528,50.708178],[7.177528,50.708186],[7.17753,50.70818],[7.177528,50.708178]]]]},"properties":{"landuse_id":18260,"landuse_code":2670,"landuse":"Verkehrsbegleitgrün mit Baumbestand","environment":"urban_green","area_m2":1132}},{"type":"Feature","geometry":{"type":"MultiPolygon","coordinates":[[[[7.159498,50.728084],[7.159482,50.728093],[7.159423,50.728118],[7.159444,50.728116],[7.159457,50.728112],[7.159468,50.728108],[7.159478,50.728102],[7.159489,50.728095],[7.159498,50.728085],[7.159498,50.728084]]],[[[7.160215,50.728119],[7.160336,50.728117],[7.160851,50.728201],[7.160294,50.728109],[7.160215,50.728119]]],[[[7.163595,50.728827],[7.163818,50.72866],[7.163885,50.728635],[7.163992,50.728635],[7.165111,50.72905],[7.165386,50.729077],[7.166061,50.728967],[7.16623,50.728895],[7.166314,50.728774],[7.166258,50.728729],[7.165565,50.728488],[7.164597,50.728012],[7.164015,50.727766],[7.161688,50.727051],[7.160612,50.727351],[7.159624,50.727658],[7.159683,50.72772],[7.159721,50.72783],[7.159695,50.727933],[7.159605,50.728048],[7.159612,50.728089],[7.159655,50.72811],[7.160378,50.728084],[7.161289,50.728235],[7.16146,50.728271],[7.162329,50.728551],[7.162594,50.728588],[7.163112,50.728724],[7.16341,50.728849],[7.163509,50.728847],[7.163588,50.728794],[7.163595,50.728827]]]]},"properties":{"landuse_id":2960,"landuse_code":2600,"landuse":"Wald","environment":"forest","area_m2":47056}},{"type":"Feature","geometry":{"type":"Polygon","coordinates":[[[7.112382,50.764745],[7.113132,50.764864],[7.113765,50.76455],[7.113494,50.76446],[7.112466,50.764268],[7.11193,50.764065],[7.111864,50.763986],[7.112419,50.763324],[7.111854,50.763111],[7.11177,50.76319],[7.111697,50.763361],[7.11182,50.764229],[7.112053,50.764553],[7.112328,50.764679],[7.112382,50.764745]]]},"properties":{"landuse_id":7011,"landuse_code":2680,"landuse":"sonstige (kl.) Gehölzfläche","environment":"urban_green","area_m2":8643}},{"type":"Feature","geometry":{"type":"Polygon","coordinates":[[[7.111165,50.76362],[7.111138,50.763639],[7.111219,50.763668],[7.111349,50.763637],[7.111683,50.763302],[7.111667,50.763276],[7.111165,50.76362]]]},"properties":{"landuse_id":7307,"landuse_code":2670,"landuse":"Verkehrsbegleitgrün mit Baumbestand","environment":"urban_green","area_m2":402}},{"type":"Feature","geometry":{"type":"Polygon","coordinates":[[[7.176349,50.735954],[7.175679,50.735462],[7.175478,50.735385],[7.174466,50.735394],[7.173101,50.735311],[7.172826,50.73526],[7.172583,50.735137],[7.172746,50.736485],[7.172528,50.736921],[7.172492,50.737537],[7.172736,50.737972],[7.172756,50.738904],[7.172866,50.740064],[7.174389,50.739727],[7.177476,50.739166],[7.177776,50.738509],[7.178122,50.738057],[7.178159,50.737669],[7.178064,50.737523],[7.177785,50.73725],[7.177758,50.737259],[7.177764,50.737231],[7.176349,50.735954]],[[7.174724,50.735903],[7.174768,50.735947],[7.174768,50.736017],[7.174681,50.736227],[7.174611,50.736298],[7.174496,50.736356],[7.174415,50.736363],[7.174187,50.736289],[7.174104,50.736203],[7.174131,50.73613],[7.174201,50.736069],[7.174572,50.735906],[7.174724,50.735903]]]},"properties":{"landuse_id":9882,"landuse_code":2600,"landuse":"Wald","environment":"forest","area_m2":153136}},{"type":"Feature","geometry":{"type":"Polygon","coordinates":[[[7.139207,50.714817],[7.139828,50.714645],[7.140158,50.714523],[7.139951,50.714146],[7.139665,50.714264],[7.139405,50.714443],[7.139098,50.714531],[7.138818,50.714545],[7.138543,50.714662],[7.138765,50.714902],[7.139207,50.714817]]]},"properties":{"landuse_id":7362,"landuse_code":2645,"landuse":"Grün-/ Parkfläche mit Baumbestand","environment":"urban_green","area_m2":4049}},{"type":"Feature","geometry":{"type":"Polygon","coordinates":[[[7.142526,50.731021],[7.142524,50.730945],[7.142469,50.730863],[7.142205,50.730653],[7.141612,50.730658],[7.141029,50.730568],[7.140818,50.730563],[7.140578,50.730516],[7.140655,50.730968],[7.139453,50.73106],[7.139518,50.731177],[7.139428,50.731193],[7.139493,50.731317],[7.139385,50.73136],[7.139474,50.731516],[7.13961,50.73166],[7.139609,50.731788],[7.140504,50.73168],[7.141061,50.731652],[7.141451,50.731713],[7.142175,50.731929],[7.142036,50.731617],[7.142052,50.731436],[7.142116,50.731347],[7.142526,50.731021]]]},"properties":{"landuse_id":6053,"landuse_code":2600,"landuse":"Wald","environment":"forest","area_m2":20811}},{"type":"Feature","geometry":{"type":"MultiPolygon","coordinates":[[[[7.137709,50.751527],[7.137292,50.751481],[7.136818,50.751476],[7.136219,50.751406],[7.136188,50.751581],[7.137828,50.751765],[7.139123,50.751834],[7.139464,50.751818],[7.139583,50.751841],[7.139658,50.7518],[7.139718,50.751745],[7.139752,50.751655],[7.139837,50.750898],[7.139902,50.750758],[7.140012,50.75063],[7.140195,50.750499],[7.140424,50.750401],[7.141063,50.75027],[7.141401,50.750171],[7.141621,50.750055],[7.141746,50.749932],[7.141874,50.749618],[7.14198,50.748624],[7.141334,50.748429],[7.14142,50.748608],[7.141428,50.748716],[7.141403,50.748842],[7.141328,50.748968],[7.141104,50.749119],[7.140562,50.749283],[7.140315,50.749436],[7.140237,50.749535],[7.140217,50.749641],[7.140253,50.749721],[7.140353,50.749789],[7.140594,50.749818],[7.140753,50.749785],[7.14083,50.749744],[7.140833,50.74966],[7.140766,50.749673],[7.140703,50.749656],[7.140618,50.749503],[7.14069,50.749409],[7.140841,50.749361],[7.141036,50.749377],[7.14117,50.749437],[7.141248,50.749551],[7.141235,50.749697],[7.14116,50.74978],[7.14095,50.749887],[7.140563,50.749992],[7.139894,50.750097],[7.139658,50.750202],[7.139489,50.750314],[7.139394,50.750413],[7.139293,50.750587],[7.13929,50.750881],[7.13923,50.751311],[7.139198,50.751393],[7.139132,50.751453],[7.138865,50.751571],[7.138681,50.751603],[7.138385,50.751598],[7.138031,50.751539],[7.137709,50.751527]]],[[[7.136179,50.75163],[7.137679,50.751807],[7.139172,50.751889],[7.139511,50.751863],[7.139088,50.751865],[7.138287,50.751806],[7.137774,50.751793],[7.136182,50.751614],[7.136179,50.75163]]],[[[7.140661,50.749541],[7.140678,50.749452],[7.140651,50.749514],[7.140669,50.749556],[7.140661,50.749541]]],[[[7.140708,50.749427],[7.140707,50.749428],[7.140696,50.749435],[7.14069,50.74944],[7.140685,50.749445],[7.140681,50.749448],[7.140708,50.749427]]]]},"properties":{"landuse_id":17066,"landuse_code":2680,"landuse":"sonstige (kl.) Gehölzfläche","environment":"urban_green","area_m2":27450}},{"type":"Feature","geometry":{"type":"MultiPolygon","coordinates":[[[[7.138602,50.671459],[7.1392,50.671389],[7.139456,50.671336],[7.14004,50.671087],[7.140483,50.670831],[7.140634,50.670783],[7.141241,50.670502],[7.141469,50.67035],[7.141559,50.670239],[7.141617,50.67009],[7.14229,50.669177],[7.142918,50.668481],[7.143013,50.668463],[7.142969,50.668446],[7.142989,50.668358],[7.143105,50.668405],[7.143232,50.667956],[7.143595,50.667548],[7.144386,50.666992],[7.144681,50.666868],[7.144599,50.666804],[7.14416,50.666632],[7.143731,50.666496],[7.143644,50.666507],[7.143339,50.666738],[7.142403,50.668317],[7.142439,50.66835],[7.142962,50.668346],[7.142958,50.66844],[7.142844,50.668393],[7.142059,50.668397],[7.140823,50.667726],[7.140741,50.667764],[7.140682,50.667817],[7.142575,50.668767],[7.142131,50.669132],[7.141748,50.669553],[7.141183,50.670319],[7.141063,50.670406],[7.140091,50.670864],[7.13971,50.671086],[7.139481,50.671184],[7.139048,50.671309],[7.137917,50.671533],[7.137891,50.671606],[7.138602,50.671459]]],[[[7.142664,50.667774],[7.141041,50.667798],[7.142011,50.668323],[7.142134,50.668352],[7.142266,50.668351],[7.142342,50.668317],[7.142664,50.667774]]]]},"properties":{"landuse_id":17296,"landuse_code":2600,"landuse":"Wald","environment":"forest","area_m2":26164}},{"type":"Feature","geometry":{"type":"Polygon","coordinates":[[[7.147543,50.712553],[7.147069,50.71286],[7.147173,50.712932],[7.147384,50.712858],[7.147595,50.712823],[7.147873,50.712811],[7.147831,50.712726],[7.147861,50.712571],[7.147908,50.712526],[7.148093,50.712513],[7.148169,50.712545],[7.148285,50.712644],[7.148544,50.713133],[7.148631,50.713139],[7.148526,50.71261],[7.148418,50.712433],[7.148319,50.712368],[7.148197,50.712335],[7.147941,50.712364],[7.147543,50.712553]]]},"properties":{"landuse_id":17166,"landuse_code":2645,"landuse":"Grün-/ Parkfläche mit Baumbestand","environment":"urban_green","area_m2":3128}},{"type":"Feature","geometry":{"type":"Polygon","coordinates":[[[7.139527,50.716367],[7.139533,50.715657],[7.139618,50.715595],[7.139652,50.71553],[7.139679,50.715421],[7.139659,50.715224],[7.139591,50.715135],[7.139328,50.715131],[7.139288,50.71501],[7.138894,50.715113],[7.138457,50.715284],[7.138625,50.715527],[7.138882,50.715577],[7.138906,50.715681],[7.138695,50.715748],[7.138573,50.715892],[7.138953,50.716023],[7.13892,50.716252],[7.138511,50.716214],[7.13848,50.71635],[7.138648,50.716502],[7.13868,50.716657],[7.139527,50.716367]]]},"properties":{"landuse_id":2847,"landuse_code":2645,"landuse":"Grün-/ Parkfläche mit Baumbestand","environment":"urban_green","area_m2":9907}},{"type":"Feature","geometry":{"type":"Polygon","coordinates":[[[7.078778,50.659432],[7.082457,50.660242],[7.088084,50.661785],[7.088246,50.66009],[7.088274,50.659256],[7.088195,50.657962],[7.088109,50.657886],[7.080094,50.656326],[7.080013,50.656399],[7.078778,50.659432]],[[7.083809,50.659941],[7.083982,50.659596],[7.084204,50.659331],[7.08468,50.659611],[7.084478,50.660065],[7.083809,50.659941]],[[7.084255,50.660431],[7.084216,50.660374],[7.084297,50.660349],[7.084342,50.660372],[7.084341,50.66041],[7.084255,50.660431]]]},"properties":{"landuse_id":16019,"landuse_code":2600,"landuse":"Wald","environment":"forest","area_m2":245748}},{"type":"Feature","geometry":{"type":"MultiPolygon","coordinates":[[[[7.143843,50.719738],[7.143551,50.720102],[7.143768,50.720045],[7.143994,50.720035],[7.144393,50.720089],[7.144501,50.720139],[7.144265,50.720143],[7.144086,50.720175],[7.143844,50.720255],[7.143657,50.720375],[7.143601,50.720527],[7.143663,50.720628],[7.14375,50.7207],[7.144201,50.720892],[7.14451,50.721058],[7.1441,50.721242],[7.144358,50.721474],[7.144416,50.721594],[7.144414,50.7217],[7.144647,50.721671],[7.144791,50.721712],[7.144873,50.721792],[7.144879,50.721836],[7.144802,50.72195],[7.145943,50.721636],[7.14566,50.721416],[7.145454,50.721216],[7.144864,50.720422],[7.144505,50.720148],[7.144496,50.720055],[7.144636,50.719857],[7.144453,50.719593],[7.143843,50.719738]]],[[[7.144601,50.722006],[7.144473,50.721989],[7.144384,50.721942],[7.144325,50.721805],[7.144194,50.721847],[7.143931,50.721885],[7.143669,50.72188],[7.143335,50.7218],[7.142956,50.72158],[7.142856,50.721642],[7.143308,50.722387],[7.144601,50.722006]]],[[[7.146027,50.721613],[7.146193,50.721607],[7.14644,50.721542],[7.146044,50.72129],[7.145571,50.720911],[7.145085,50.720385],[7.144704,50.719861],[7.144553,50.720063],[7.144568,50.720154],[7.144895,50.720396],[7.145533,50.721251],[7.145803,50.721495],[7.146027,50.721613]]]]},"properties":{"landuse_id":11648,"landuse_code":2645,"landuse":"Grün-/ Parkfläche mit Baumbestand","environment":"urban_green","area_m2":26474}},{"type":"Feature","geometry":{"type":"Polygon","coordinates":[[[7.189017,50.648696],[7.18923,50.648624],[7.189102,50.64854],[7.189016,50.648515],[7.18893,50.648613],[7.189017,50.648696]]]},"properties":{"landuse_id":23048,"landuse_code":2680,"landuse":"sonstige (kl.) Gehölzfläche","environment":"urban_green","area_m2":237}},{"type":"Feature","geometry":{"type":"MultiPolygon","coordinates":[[[[7.136227,50.717368],[7.133617,50.71798],[7.133495,50.717938],[7.133545,50.717715],[7.133497,50.717605],[7.133346,50.717482],[7.13333,50.717334],[7.133114,50.717183],[7.132966,50.717373],[7.132747,50.717536],[7.132607,50.71769],[7.132411,50.717726],[7.132906,50.71806],[7.131228,50.718448],[7.131301,50.718553],[7.133921,50.718032],[7.137308,50.717227],[7.137395,50.716899],[7.136489,50.716903],[7.136625,50.717162],[7.136661,50.717177],[7.136637,50.717184],[7.136673,50.717253],[7.136227,50.717368]]],[[[7.134395,50.717942],[7.134415,50.717938],[7.134474,50.717924],[7.134402,50.71794],[7.134395,50.717942]]]]},"properties":{"landuse_id":16854,"landuse_code":2645,"landuse":"Grün-/ Parkfläche mit Baumbestand","environment":"urban_green","area_m2":12347}},{"type":"Feature","geometry":{"type":"Polygon","coordinates":[[[7.052122,50.752985],[7.049158,50.754339],[7.049849,50.754968],[7.050432,50.755092],[7.050945,50.754808],[7.051331,50.754821],[7.051392,50.755233],[7.051571,50.75543],[7.051749,50.755561],[7.051733,50.755243],[7.052177,50.755203],[7.052141,50.753746],[7.052053,50.753094],[7.052117,50.753063],[7.052122,50.752985]]]},"properties":{"landuse_id":4950,"landuse_code":2680,"landuse":"sonstige (kl.) Gehölzfläche","environment":"urban_green","area_m2":30732}},{"type":"Feature","geometry":{"type":"MultiPolygon","coordinates":[[[[7.058249,50.750333],[7.056522,50.750757],[7.055206,50.751143],[7.054563,50.751358],[7.054579,50.751375],[7.055769,50.750984],[7.056984,50.75065],[7.059998,50.749959],[7.059982,50.749947],[7.058249,50.750333]]],[[[7.054944,50.751822],[7.054696,50.751566],[7.054668,50.751576],[7.054909,50.751829],[7.054944,50.751822]]],[[[7.055152,50.751784],[7.056362,50.751427],[7.057581,50.751101],[7.060696,50.750376],[7.060212,50.750072],[7.060158,50.750071],[7.057058,50.750786],[7.056168,50.751026],[7.054688,50.751496],[7.054995,50.751813],[7.055152,50.751784]]]]},"properties":{"landuse_id":16169,"landuse_code":2670,"landuse":"Verkehrsbegleitgrün mit Baumbestand","environment":"urban_green","area_m2":20239}},{"type":"Feature","geometry":{"type":"MultiPolygon","coordinates":[[[[7.157186,50.731006],[7.157186,50.731008],[7.157187,50.731006],[7.157186,50.731006]]],[[[7.157193,50.731096],[7.157255,50.731206],[7.157772,50.731555],[7.158045,50.731875],[7.158205,50.732151],[7.158472,50.732839],[7.160616,50.733801],[7.16154,50.733942],[7.164051,50.734268],[7.164413,50.734295],[7.164678,50.734277],[7.164508,50.734189],[7.164117,50.734116],[7.163661,50.73385],[7.163426,50.733323],[7.163418,50.733081],[7.163296,50.73288],[7.162583,50.73214],[7.16194,50.731717],[7.161985,50.731689],[7.16264,50.732119],[7.163221,50.732739],[7.163067,50.732522],[7.16258,50.731981],[7.161992,50.731078],[7.161852,50.73098],[7.161166,50.730796],[7.159533,50.730244],[7.159486,50.730244],[7.158025,50.730853],[7.157855,50.730901],[7.157298,50.730994],[7.157219,50.731034],[7.157193,50.731096]]],[[[7.158368,50.732665],[7.158404,50.732778],[7.158406,50.732773],[7.158407,50.732768],[7.158406,50.732763],[7.158406,50.732761],[7.158405,50.732759],[7.158368,50.732665]]],[[[7.164597,50.734197],[7.164558,50.734159],[7.164322,50.734066],[7.16415,50.733931],[7.163463,50.733083],[7.163484,50.733316],[7.163696,50.733826],[7.163862,50.733945],[7.164138,50.734085],[7.164597,50.734197]]],[[[7.158224,50.730736],[7.157695,50.730901],[7.157961,50.730844],[7.158224,50.730736]]]]},"properties":{"landuse_id":2408,"landuse_code":2600,"landuse":"Wald","environment":"forest","area_m2":116693}},{"type":"Feature","geometry":{"type":"MultiPolygon","coordinates":[[[[7.148612,50.713535],[7.148544,50.713133],[7.148426,50.713112],[7.148226,50.713029],[7.148104,50.712894],[7.147873,50.712811],[7.147667,50.713015],[7.147777,50.713218],[7.147828,50.713362],[7.147825,50.713456],[7.147645,50.7137],[7.147453,50.713829],[7.147108,50.713909],[7.146757,50.713922],[7.146588,50.713814],[7.146612,50.71398],[7.146585,50.714093],[7.146487,50.71419],[7.146329,50.714264],[7.146065,50.714321],[7.145706,50.714347],[7.145442,50.71432],[7.145025,50.714524],[7.144751,50.71453],[7.14452,50.714485],[7.144069,50.71427],[7.143992,50.714273],[7.143876,50.714323],[7.143799,50.714396],[7.143812,50.714478],[7.143881,50.714587],[7.144147,50.714781],[7.144456,50.714918],[7.144365,50.715048],[7.143732,50.714987],[7.142722,50.714946],[7.142331,50.714954],[7.141883,50.714996],[7.142395,50.715735],[7.143854,50.715632],[7.144095,50.71543],[7.144615,50.715092],[7.1456,50.714932],[7.145727,50.714675],[7.145854,50.714604],[7.146596,50.714427],[7.146891,50.714228],[7.146993,50.714214],[7.14742,50.714307],[7.147774,50.714159],[7.148607,50.713744],[7.149068,50.71372],[7.149356,50.713733],[7.149538,50.713768],[7.149759,50.713682],[7.149947,50.713603],[7.149791,50.713472],[7.14955,50.713564],[7.149477,50.713238],[7.149812,50.712899],[7.149773,50.712732],[7.149453,50.712643],[7.149323,50.71255],[7.149007,50.712807],[7.148835,50.713002],[7.148746,50.713144],[7.148892,50.713142],[7.148612,50.713535]]],[[[7.147594,50.714601],[7.147552,50.714783],[7.148949,50.714224],[7.149637,50.713984],[7.151395,50.71319],[7.153004,50.712431],[7.154366,50.711726],[7.154211,50.711693],[7.15193,50.712791],[7.149774,50.713698],[7.148157,50.714327],[7.147594,50.714601]]],[[[7.152373,50.712555],[7.152495,50.712281],[7.152807,50.711969],[7.152507,50.711953],[7.15197,50.711984],[7.150855,50.712118],[7.151367,50.712427],[7.151776,50.712618],[7.151722,50.712857],[7.152373,50.712555]]]]},"properties":{"landuse_id":17419,"landuse_code":2645,"landuse":"Grün-/ Parkfläche mit Baumbestand","environment":"urban_green","area_m2":54850}},{"type":"Feature","geometry":{"type":"Polygon","coordinates":[[[7.070843,50.662932],[7.070773,50.664637],[7.075869,50.666301],[7.077365,50.662732],[7.070843,50.662932]]]},"properties":{"landuse_id":16402,"landuse_code":2600,"landuse":"Wald","environment":"forest","area_m2":125162}},{"type":"Feature","geometry":{"type":"Polygon","coordinates":[[[7.070932,50.660504],[7.070843,50.662932],[7.077365,50.662732],[7.078669,50.659558],[7.076302,50.658397],[7.070995,50.658478],[7.070932,50.660504]]]},"properties":{"landuse_id":16401,"landuse_code":2600,"landuse":"Wald","environment":"forest","area_m2":240523}},{"type":"Feature","geometry":{"type":"Polygon","coordinates":[[[7.075867,50.666302],[7.070773,50.664637],[7.070587,50.668188],[7.074533,50.666808],[7.075794,50.666354],[7.075867,50.666302]]]},"properties":{"landuse_id":829,"landuse_code":2600,"landuse":"Wald","environment":"forest","area_m2":73005}},{"type":"Feature","geometry":{"type":"MultiPolygon","coordinates":[[[[7.133185,50.668936],[7.133985,50.66859],[7.13397,50.66837],[7.133711,50.668203],[7.133687,50.667944],[7.132889,50.667231],[7.13284,50.666897],[7.133939,50.666789],[7.133634,50.666495],[7.133071,50.665748],[7.132622,50.665219],[7.132749,50.665216],[7.132724,50.665185],[7.132665,50.665147],[7.132433,50.665076],[7.131899,50.664958],[7.131617,50.664801],[7.131207,50.664391],[7.131098,50.664002],[7.131026,50.664013],[7.130878,50.664169],[7.130775,50.664348],[7.130716,50.664538],[7.130677,50.665166],[7.13074,50.665475],[7.130916,50.66583],[7.130837,50.666002],[7.130629,50.666107],[7.129917,50.666156],[7.12946,50.666234],[7.129323,50.66621],[7.129262,50.666156],[7.129262,50.666076],[7.129568,50.665824],[7.129594,50.665741],[7.129541,50.665713],[7.129467,50.665717],[7.129137,50.665884],[7.128973,50.665942],[7.128819,50.665942],[7.128702,50.665898],[7.128638,50.665836],[7.128623,50.66575],[7.128749,50.66548],[7.128793,50.665271],[7.12874,50.665207],[7.128627,50.665181],[7.127966,50.665372],[7.127467,50.665454],[7.126882,50.66547],[7.126253,50.665411],[7.126161,50.665449],[7.126026,50.665625],[7.125863,50.665754],[7.125693,50.665831],[7.125499,50.665879],[7.122524,50.666124],[7.122248,50.666169],[7.122504,50.666347],[7.122812,50.66648],[7.123164,50.666579],[7.123784,50.66686],[7.124574,50.667127],[7.12651,50.667933],[7.1298,50.668967],[7.131929,50.670068],[7.13266,50.669368],[7.133185,50.668936]]],[[[7.129562,50.666181],[7.129436,50.666201],[7.129426,50.666203],[7.129435,50.666203],[7.129455,50.666203],[7.129474,50.6662],[7.129492,50.666196],[7.129562,50.666181]]],[[[7.127377,50.665429],[7.127105,50.665436],[7.126741,50.665431],[7.126791,50.665435],[7.126885,50.665439],[7.126978,50.665441],[7.127072,50.665441],[7.127166,50.665439],[7.127259,50.665435],[7.12736,50.66543],[7.127377,50.665429]]],[[[7.126485,50.665406],[7.126438,50.665397],[7.126367,50.665386],[7.126357,50.665386],[7.126422,50.665397],[7.126485,50.665406]]],[[[7.126078,50.665477],[7.125863,50.665701],[7.125696,50.665793],[7.125929,50.665661],[7.126078,50.665477]]],[[[7.125695,50.665794],[7.125618,50.665819],[7.125626,50.665817],[7.12567,50.665803],[7.125695,50.665794]]],[[[7.125565,50.665833],[7.125521,50.665842],[7.125534,50.66584],[7.125565,50.665833]]]]},"properties":{"landuse_id":2584,"landuse_code":2600,"landuse":"Wald","environment":"forest","area_m2":232432}},{"type":"Feature","geometry":{"type":"Polygon","coordinates":[[[7.094145,50.685809],[7.094019,50.685627],[7.092278,50.683968],[7.089917,50.684361],[7.089922,50.684386],[7.090394,50.684667],[7.091063,50.684845],[7.091924,50.685192],[7.092337,50.685388],[7.093056,50.685527],[7.094145,50.685809]]]},"properties":{"landuse_id":6659,"landuse_code":2600,"landuse":"Wald","environment":"forest","area_m2":23940}},{"type":"Feature","geometry":{"type":"Polygon","coordinates":[[[7.15211,50.730857],[7.15138,50.730797],[7.150999,50.730826],[7.150909,50.730944],[7.151556,50.731167],[7.151357,50.731386],[7.151096,50.731428],[7.151305,50.731591],[7.151709,50.732091],[7.152659,50.731298],[7.152577,50.731229],[7.152447,50.731328],[7.152375,50.731292],[7.152447,50.731198],[7.152419,50.731131],[7.15211,50.730857]]]},"properties":{"landuse_id":3808,"landuse_code":2600,"landuse":"Wald","environment":"forest","area_m2":8789}},{"type":"Feature","geometry":{"type":"MultiPolygon","coordinates":[[[[7.073899,50.667032],[7.073957,50.667011],[7.074239,50.666913],[7.074427,50.666846],[7.074533,50.666808],[7.073899,50.667032]]],[[[7.070434,50.668357],[7.071983,50.668607],[7.072363,50.66866],[7.07239,50.668631],[7.072432,50.668637],[7.072245,50.668861],[7.073296,50.669237],[7.073165,50.669394],[7.073685,50.669583],[7.073832,50.669032],[7.07431,50.669159],[7.074223,50.66945],[7.074131,50.669609],[7.074447,50.669713],[7.074512,50.669572],[7.07458,50.66959],[7.074516,50.669563],[7.074608,50.669265],[7.074699,50.669292],[7.075866,50.666371],[7.070308,50.668317],[7.070434,50.668357]]]]},"properties":{"landuse_id":15580,"landuse_code":2600,"landuse":"Wald","environment":"forest","area_m2":58347}},{"type":"Feature","geometry":{"type":"Polygon","coordinates":[[[7.06703,50.728973],[7.066759,50.728788],[7.066396,50.729028],[7.066666,50.729209],[7.06703,50.728973]]]},"properties":{"landuse_id":16211,"landuse_code":2680,"landuse":"sonstige (kl.) Gehölzfläche","environment":"urban_green","area_m2":1030}},{"type":"Feature","geometry":{"type":"MultiPolygon","coordinates":[[[[7.07472,50.669638],[7.074924,50.669713],[7.075027,50.669928],[7.075272,50.670051],[7.075652,50.67011],[7.075782,50.670171],[7.075964,50.670175],[7.076186,50.670269],[7.076915,50.670382],[7.07706,50.670434],[7.077192,50.670558],[7.077512,50.670964],[7.077741,50.671082],[7.077836,50.671264],[7.07796,50.671388],[7.078051,50.67169],[7.078187,50.671713],[7.078273,50.671813],[7.07841,50.671846],[7.078418,50.671875],[7.078337,50.671952],[7.078352,50.671971],[7.078481,50.671965],[7.078511,50.671946],[7.078509,50.671879],[7.07857,50.671864],[7.078792,50.671987],[7.07912,50.671981],[7.079199,50.672],[7.079218,50.672057],[7.079107,50.672095],[7.079169,50.672222],[7.079115,50.672316],[7.079117,50.672469],[7.079017,50.672503],[7.078985,50.672612],[7.078751,50.672593],[7.07869,50.672622],[7.078687,50.672653],[7.07886,50.672714],[7.078885,50.672831],[7.078955,50.672862],[7.079057,50.672816],[7.079153,50.672807],[7.079206,50.673008],[7.079267,50.673038],[7.079441,50.67296],[7.079514,50.672963],[7.079566,50.673005],[7.079533,50.673131],[7.079606,50.673135],[7.079746,50.673091],[7.079753,50.673222],[7.079705,50.673273],[7.079578,50.67328],[7.079573,50.673405],[7.079729,50.673416],[7.079761,50.673471],[7.079736,50.673535],[7.079635,50.673565],[7.079417,50.673577],[7.079339,50.673625],[7.079472,50.674004],[7.079531,50.67404],[7.079694,50.67403],[7.079792,50.674246],[7.079688,50.674254],[7.079642,50.67428],[7.079794,50.674498],[7.080035,50.674637],[7.080068,50.674772],[7.080146,50.67489],[7.08042,50.67495],[7.080383,50.675003],[7.080414,50.675046],[7.080704,50.675116],[7.080705,50.675145],[7.08057,50.675209],[7.08058,50.675314],[7.080916,50.675451],[7.081021,50.675416],[7.081151,50.675449],[7.081167,50.675506],[7.081101,50.675589],[7.081188,50.675766],[7.081341,50.675832],[7.081434,50.675908],[7.081586,50.67594],[7.081595,50.675979],[7.081724,50.676016],[7.081755,50.676054],[7.081759,50.676198],[7.081891,50.676351],[7.081884,50.67639],[7.081732,50.676362],[7.081707,50.676579],[7.081792,50.676646],[7.081855,50.67678],[7.082046,50.676855],[7.082094,50.676946],[7.081953,50.677058],[7.082001,50.677197],[7.081904,50.677251],[7.081875,50.677304],[7.081937,50.677352],[7.081954,50.677452],[7.082061,50.677495],[7.082034,50.677545],[7.081892,50.677564],[7.081829,50.677604],[7.081842,50.677714],[7.081727,50.677861],[7.081766,50.677992],[7.081945,50.678089],[7.082113,50.678045],[7.082238,50.678177],[7.082102,50.678284],[7.082171,50.678347],[7.082167,50.678489],[7.082287,50.678556],[7.082203,50.678716],[7.082241,50.678781],[7.082506,50.678858],[7.082575,50.678909],[7.082924,50.678941],[7.082942,50.67906],[7.083004,50.679104],[7.083054,50.67911],[7.083185,50.679068],[7.083248,50.679083],[7.08322,50.679175],[7.083304,50.679217],[7.083306,50.679317],[7.083533,50.679424],[7.083519,50.679499],[7.083576,50.679636],[7.083536,50.679721],[7.08355,50.679887],[7.083645,50.679966],[7.083667,50.680022],[7.083646,50.680098],[7.083526,50.680146],[7.083454,50.680273],[7.082776,50.680751],[7.082484,50.680866],[7.08235,50.680952],[7.081966,50.681048],[7.081981,50.681087],[7.081724,50.681413],[7.08171,50.681488],[7.081643,50.681542],[7.08142,50.681933],[7.081398,50.681997],[7.081421,50.682081],[7.08139,50.682111],[7.081421,50.682157],[7.081508,50.682132],[7.08155,50.682146],[7.081775,50.682319],[7.081807,50.682374],[7.081724,50.682601],[7.081748,50.682737],[7.081704,50.68281],[7.081696,50.682996],[7.081393,50.683482],[7.081648,50.68367],[7.083615,50.684588],[7.083598,50.684484],[7.083629,50.684395],[7.083679,50.684369],[7.083714,50.683912],[7.083877,50.683747],[7.083973,50.683053],[7.084339,50.68249],[7.084336,50.682209],[7.084394,50.682113],[7.084672,50.681841],[7.085347,50.681537],[7.085846,50.681221],[7.085899,50.68116],[7.085929,50.681063],[7.085779,50.680509],[7.086083,50.679944],[7.086228,50.679243],[7.086126,50.678479],[7.085753,50.67796],[7.085275,50.677458],[7.084453,50.676509],[7.08434,50.676308],[7.084309,50.676047],[7.084114,50.67579],[7.084101,50.675675],[7.084139,50.675569],[7.08415,50.675345],[7.083866,50.674517],[7.083936,50.674319],[7.084172,50.673956],[7.084044,50.673742],[7.084049,50.673473],[7.083305,50.672876],[7.082415,50.672013],[7.082313,50.671956],[7.082057,50.671872],[7.081961,50.671769],[7.081955,50.67158],[7.081985,50.67151],[7.082254,50.671266],[7.08407,50.669015],[7.082594,50.668519],[7.082335,50.668777],[7.081709,50.669015],[7.081315,50.66929],[7.081305,50.669341],[7.081489,50.669534],[7.081475,50.669584],[7.08112,50.669728],[7.080915,50.669871],[7.080719,50.669968],[7.080526,50.670032],[7.080141,50.670114],[7.079955,50.670195],[7.07988,50.670162],[7.079841,50.669998],[7.079676,50.669887],[7.079473,50.670337],[7.079378,50.670407],[7.079244,50.670436],[7.079126,50.670425],[7.078609,50.670262],[7.078336,50.670205],[7.077834,50.670037],[7.077181,50.669922],[7.07639,50.669659],[7.075732,50.669499],[7.075348,50.669348],[7.074829,50.669188],[7.074766,50.669217],[7.074732,50.669302],[7.074863,50.669341],[7.074742,50.669639],[7.07472,50.669638]],[[7.078097,50.670889],[7.077975,50.670891],[7.077733,50.670759],[7.077485,50.67074],[7.077451,50.670714],[7.077446,50.670488],[7.077322,50.670411],[7.077186,50.670258],[7.077258,50.670066],[7.077935,50.670138],[7.077969,50.670396],[7.078092,50.670645],[7.078097,50.670889]],[[7.083506,50.680602],[7.083407,50.680898],[7.083025,50.681402],[7.082791,50.681605],[7.082506,50.681786],[7.082251,50.681989],[7.082047,50.6823],[7.081907,50.682028],[7.082096,50.681973],[7.08212,50.681808],[7.081993,50.681769],[7.081854,50.681832],[7.081747,50.681784],[7.082247,50.681212],[7.082631,50.681079],[7.082762,50.680993],[7.082858,50.680885],[7.083152,50.680811],[7.083506,50.680602]],[[7.080987,50.669906],[7.081171,50.669772],[7.081677,50.669559],[7.081755,50.669563],[7.081775,50.669598],[7.081638,50.66973],[7.081249,50.669994],[7.08105,50.670093],[7.080699,50.670344],[7.080541,50.670404],[7.080292,50.670439],[7.079997,50.670372],[7.079926,50.67033],[7.079997,50.670243],[7.080174,50.670152],[7.080796,50.669994],[7.080987,50.669906]]],[[[7.080058,50.668924],[7.079953,50.66915],[7.079644,50.669853],[7.079511,50.67018],[7.080058,50.668924]]],[[[7.080552,50.667886],[7.07969,50.669855],[7.079879,50.669983],[7.079917,50.670166],[7.079943,50.670178],[7.080111,50.670104],[7.08052,50.670012],[7.080776,50.669922],[7.08111,50.669711],[7.081462,50.669562],[7.081442,50.669504],[7.081271,50.669338],[7.081293,50.669283],[7.08166,50.669015],[7.082288,50.66877],[7.082449,50.668599],[7.082574,50.668513],[7.080593,50.66787],[7.080552,50.667886]],[[7.08002,50.669742],[7.080128,50.669515],[7.080165,50.669476],[7.080226,50.669471],[7.080429,50.669743],[7.0804,50.669782],[7.079963,50.669911],[7.08002,50.669742]]]]},"properties":{"landuse_id":20643,"landuse_code":2600,"landuse":"Wald","environment":"forest","area_m2":429394}},{"type":"Feature","geometry":{"type":"Polygon","coordinates":[[[7.052649,50.688722],[7.054345,50.689202],[7.056585,50.688819],[7.056347,50.68773],[7.054316,50.687941],[7.052708,50.688134],[7.052545,50.688526],[7.052728,50.688531],[7.052649,50.688722]],[[7.053433,50.688481],[7.053814,50.688326],[7.053935,50.688214],[7.053912,50.688166],[7.053959,50.68814],[7.054389,50.688031],[7.05452,50.688039],[7.054625,50.688406],[7.054667,50.688791],[7.054523,50.688764],[7.05435,50.688251],[7.054059,50.688281],[7.053582,50.688564],[7.053433,50.688481]],[[7.052782,50.688226],[7.05288,50.688161],[7.052974,50.688142],[7.053121,50.688174],[7.053284,50.688109],[7.053476,50.688082],[7.053659,50.688143],[7.053684,50.688203],[7.053668,50.68827],[7.053581,50.6883],[7.053387,50.688291],[7.05313,50.688312],[7.052834,50.688441],[7.052727,50.688397],[7.052782,50.688226]]]},"properties":{"landuse_id":20644,"landuse_code":2600,"landuse":"Wald","environment":"forest","area_m2":28590}},{"type":"Feature","geometry":{"type":"Polygon","coordinates":[[[7.161064,50.706501],[7.160466,50.7062],[7.160219,50.706377],[7.160745,50.706693],[7.161064,50.706501]]]},"properties":{"landuse_id":17389,"landuse_code":2645,"landuse":"Grün-/ Parkfläche mit Baumbestand","environment":"urban_green","area_m2":1500}},{"type":"Feature","geometry":{"type":"Polygon","coordinates":[[[7.135022,50.681706],[7.134662,50.681963],[7.134526,50.682242],[7.134913,50.68247],[7.135013,50.682478],[7.135058,50.682403],[7.134988,50.682248],[7.135003,50.682205],[7.135327,50.68209],[7.135022,50.681706]]]},"properties":{"landuse_id":17394,"landuse_code":2680,"landuse":"sonstige (kl.) Gehölzfläche","environment":"urban_green","area_m2":2428}},{"type":"Feature","geometry":{"type":"Polygon","coordinates":[[[7.066327,50.69944],[7.066408,50.699717],[7.066399,50.699883],[7.066895,50.699922],[7.066855,50.699872],[7.066782,50.699528],[7.066667,50.69932],[7.066295,50.699367],[7.066327,50.69944]]]},"properties":{"landuse_id":6574,"landuse_code":2680,"landuse":"sonstige (kl.) Gehölzfläche","environment":"urban_green","area_m2":1861}},{"type":"Feature","geometry":{"type":"Polygon","coordinates":[[[7.089699,50.698489],[7.089688,50.698361],[7.089415,50.698366],[7.089341,50.698435],[7.089322,50.698426],[7.08915,50.698539],[7.089505,50.698702],[7.088844,50.699247],[7.087867,50.698751],[7.087525,50.698311],[7.087339,50.69815],[7.08693,50.698414],[7.086993,50.69846],[7.087001,50.698521],[7.087282,50.698724],[7.088016,50.698992],[7.088858,50.699372],[7.088682,50.699619],[7.088641,50.699631],[7.088558,50.699739],[7.089602,50.700175],[7.089479,50.700328],[7.089084,50.700493],[7.088943,50.700667],[7.088499,50.700915],[7.088242,50.700977],[7.087798,50.701153],[7.088073,50.70127],[7.088146,50.701268],[7.088253,50.701211],[7.088446,50.701201],[7.088466,50.701165],[7.088554,50.701131],[7.088617,50.701042],[7.088833,50.700923],[7.088946,50.700893],[7.088998,50.700863],[7.08901,50.700815],[7.089142,50.700756],[7.089159,50.700629],[7.089304,50.700619],[7.089296,50.700554],[7.089499,50.700508],[7.089512,50.700449],[7.089613,50.700416],[7.089635,50.700268],[7.089695,50.700233],[7.089686,50.700179],[7.089797,50.700076],[7.089788,50.69999],[7.090002,50.699869],[7.090022,50.699784],[7.089962,50.6997],[7.090003,50.699588],[7.090206,50.699527],[7.090214,50.699444],[7.090167,50.69942],[7.090185,50.699386],[7.090313,50.69933],[7.090405,50.699317],[7.090412,50.699297],[7.090349,50.699259],[7.090432,50.699225],[7.090561,50.699123],[7.090566,50.699008],[7.090513,50.698952],[7.090494,50.698781],[7.090496,50.698632],[7.090534,50.698593],[7.090503,50.698111],[7.090537,50.698067],[7.090459,50.698015],[7.090474,50.697978],[7.090401,50.697906],[7.090523,50.697806],[7.090493,50.697735],[7.090651,50.697682],[7.090557,50.697551],[7.09062,50.697508],[7.090662,50.697418],[7.09059,50.697388],[7.09053,50.697251],[7.09045,50.697234],[7.090475,50.697206],[7.090207,50.697122],[7.090247,50.698478],[7.089699,50.698489]],[[7.089722,50.699557],[7.089403,50.699498],[7.089071,50.699472],[7.089364,50.699022],[7.089686,50.698757],[7.08981,50.698851],[7.089869,50.698955],[7.089971,50.69929],[7.089923,50.699478],[7.089851,50.699549],[7.089722,50.699557]]]},"properties":{"landuse_id":21894,"landuse_code":2600,"landuse":"Wald","environment":"forest","area_m2":22778}},{"type":"Feature","geometry":{"type":"Polygon","coordinates":[[[7.036485,50.708051],[7.036469,50.708389],[7.036877,50.708364],[7.036885,50.70835],[7.036788,50.708355],[7.036566,50.70811],[7.036599,50.708066],[7.036485,50.708051]]]},"properties":{"landuse_id":2675,"landuse_code":2600,"landuse":"Wald","environment":"forest","area_m2":499}},{"type":"Feature","geometry":{"type":"Polygon","coordinates":[[[7.193647,50.714858],[7.193254,50.714962],[7.193405,50.715081],[7.193281,50.715221],[7.193712,50.715607],[7.193679,50.715277],[7.193934,50.715327],[7.193647,50.714858]]]},"properties":{"landuse_id":18054,"landuse_code":2600,"landuse":"Wald","environment":"forest","area_m2":1838}},{"type":"Feature","geometry":{"type":"Polygon","coordinates":[[[7.06409,50.706211],[7.064229,50.706172],[7.064613,50.706195],[7.064538,50.705951],[7.064029,50.705948],[7.06409,50.706211]]]},"properties":{"landuse_id":20716,"landuse_code":2670,"landuse":"Verkehrsbegleitgrün mit Baumbestand","environment":"urban_green","area_m2":954}},{"type":"Feature","geometry":{"type":"MultiPolygon","coordinates":[[[[7.101655,50.761298],[7.101252,50.76115],[7.100851,50.761046],[7.100637,50.761044],[7.100422,50.761073],[7.09993,50.761199],[7.099613,50.76121],[7.099075,50.761171],[7.097932,50.761178],[7.097595,50.761138],[7.097466,50.761142],[7.097336,50.761202],[7.096758,50.761254],[7.096589,50.761324],[7.096225,50.761402],[7.096253,50.761468],[7.096212,50.76153],[7.096722,50.761455],[7.098543,50.761279],[7.100725,50.761312],[7.101656,50.761415],[7.10204,50.761485],[7.102855,50.76166],[7.104688,50.762116],[7.105404,50.762365],[7.105778,50.762522],[7.106117,50.762695],[7.106653,50.763061],[7.107127,50.763611],[7.107591,50.764471],[7.107685,50.764673],[7.107724,50.765211],[7.108041,50.765215],[7.108212,50.765027],[7.108332,50.764991],[7.10854,50.764976],[7.107989,50.764603],[7.107961,50.764545],[7.107986,50.764405],[7.107794,50.764209],[7.107596,50.763818],[7.10717,50.763198],[7.10689,50.762964],[7.10644,50.762656],[7.105161,50.762124],[7.10432,50.761856],[7.103893,50.761799],[7.102816,50.761549],[7.102437,50.761499],[7.10175,50.761363],[7.101643,50.761313],[7.101655,50.761298]]],[[[7.107728,50.765227],[7.107778,50.765472],[7.108021,50.765338],[7.108045,50.76526],[7.107989,50.765231],[7.107728,50.765227]]],[[[7.10809,50.7653],[7.108102,50.765228],[7.108064,50.765314],[7.10809,50.7653]]],[[[7.1076,50.763758],[7.107598,50.763751],[7.107541,50.763658],[7.107344,50.763397],[7.107349,50.76343],[7.107479,50.763591],[7.107495,50.76361],[7.1076,50.763758]]]]},"properties":{"landuse_id":16489,"landuse_code":2680,"landuse":"sonstige (kl.) Gehölzfläche","environment":"urban_green","area_m2":19624}},{"type":"Feature","geometry":{"type":"Polygon","coordinates":[[[7.118022,50.680122],[7.118929,50.680414],[7.119144,50.679872],[7.119428,50.67968],[7.11967,50.679408],[7.120246,50.678338],[7.120344,50.678057],[7.12033,50.677838],[7.120272,50.677736],[7.120265,50.677451],[7.120349,50.677292],[7.120354,50.677129],[7.120432,50.677039],[7.120574,50.676951],[7.120632,50.676759],[7.116695,50.676601],[7.116682,50.676573],[7.116219,50.676553],[7.116184,50.67658],[7.117008,50.677434],[7.117124,50.677627],[7.118022,50.680122]]]},"properties":{"landuse_id":2878,"landuse_code":2600,"landuse":"Wald","environment":"forest","area_m2":74279}},{"type":"Feature","geometry":{"type":"MultiPolygon","coordinates":[[[[7.059317,50.675489],[7.060424,50.677175],[7.060405,50.677076],[7.059317,50.675489]]],[[[7.060453,50.677178],[7.061487,50.675566],[7.058899,50.674779],[7.058852,50.674737],[7.060434,50.67707],[7.060453,50.677178]]]]},"properties":{"landuse_id":4966,"landuse_code":2600,"landuse":"Wald","environment":"forest","area_m2":19790}},{"type":"Feature","geometry":{"type":"MultiPolygon","coordinates":[[[[7.154617,50.723378],[7.155102,50.723317],[7.155295,50.723362],[7.155411,50.723219],[7.156052,50.723304],[7.156829,50.723593],[7.157037,50.723368],[7.155423,50.723175],[7.154894,50.723015],[7.154442,50.723138],[7.154617,50.723378]]],[[[7.15763,50.723453],[7.157715,50.723384],[7.15769,50.723376],[7.157595,50.723453],[7.15763,50.723453]]],[[[7.154447,50.722978],[7.154019,50.72295],[7.153889,50.723123],[7.153826,50.72327],[7.154814,50.723004],[7.154447,50.722978]]]]},"properties":{"landuse_id":19794,"landuse_code":2670,"landuse":"Verkehrsbegleitgrün mit Baumbestand","environment":"urban_green","area_m2":4435}},{"type":"Feature","geometry":{"type":"Polygon","coordinates":[[[7.043422,50.698903],[7.043963,50.699004],[7.044112,50.698634],[7.044864,50.698142],[7.044626,50.697549],[7.04428,50.697004],[7.043472,50.696849],[7.043175,50.697449],[7.044017,50.697608],[7.043422,50.698903]]]},"properties":{"landuse_id":272,"landuse_code":2680,"landuse":"sonstige (kl.) Gehölzfläche","environment":"urban_green","area_m2":14069}},{"type":"Feature","geometry":{"type":"Polygon","coordinates":[[[7.181575,50.664799],[7.182645,50.664565],[7.182876,50.664555],[7.182937,50.664524],[7.182925,50.664424],[7.183672,50.664374],[7.183992,50.664452],[7.184118,50.664245],[7.184497,50.664241],[7.184716,50.664004],[7.184852,50.664002],[7.185369,50.664179],[7.185377,50.664288],[7.185788,50.664286],[7.185779,50.663575],[7.185169,50.663576],[7.185157,50.663278],[7.185008,50.663071],[7.184375,50.663208],[7.184399,50.663307],[7.184604,50.663275],[7.184702,50.663438],[7.184146,50.663512],[7.184124,50.663458],[7.183882,50.66349],[7.183858,50.66354],[7.183707,50.663561],[7.183736,50.663784],[7.183826,50.663813],[7.183961,50.663785],[7.183904,50.663919],[7.18398,50.663993],[7.184013,50.664169],[7.183979,50.664309],[7.183946,50.664324],[7.183813,50.66423],[7.183743,50.664225],[7.18365,50.664265],[7.183588,50.664238],[7.183529,50.664132],[7.183522,50.664034],[7.183634,50.664006],[7.183665,50.663955],[7.18355,50.663852],[7.183333,50.664281],[7.18291,50.664189],[7.181762,50.664278],[7.181088,50.664353],[7.180544,50.664287],[7.179945,50.664325],[7.179998,50.664575],[7.180032,50.664615],[7.180218,50.664407],[7.181575,50.664799]],[[7.184631,50.663784],[7.184585,50.663621],[7.185043,50.663568],[7.185089,50.663726],[7.184631,50.663784]]]},"properties":{"landuse_id":18978,"landuse_code":2645,"landuse":"Grün-/ Parkfläche mit Baumbestand","environment":"urban_green","area_m2":20786}},{"type":"Feature","geometry":{"type":"MultiPolygon","coordinates":[[[[7.074245,50.725961],[7.074249,50.725943],[7.073951,50.725827],[7.074096,50.725893],[7.0742,50.726021],[7.074209,50.725945],[7.074245,50.725961]]],[[[7.07365,50.725709],[7.073603,50.725691],[7.073901,50.72534],[7.073315,50.724963],[7.072932,50.724614],[7.072914,50.724665],[7.073261,50.72499],[7.073312,50.725262],[7.073632,50.72539],[7.073417,50.725697],[7.07365,50.725709]]]]},"properties":{"landuse_id":16611,"landuse_code":2680,"landuse":"sonstige (kl.) Gehölzfläche","environment":"urban_green","area_m2":1780}},{"type":"Feature","geometry":{"type":"MultiPolygon","coordinates":[[[[7.108509,50.698749],[7.108361,50.6988],[7.108283,50.698866],[7.108074,50.699167],[7.108076,50.699233],[7.108205,50.699394],[7.108622,50.699526],[7.10879,50.699639],[7.108835,50.699702],[7.108821,50.700096],[7.109048,50.700322],[7.109084,50.700476],[7.109056,50.700534],[7.108995,50.700572],[7.108372,50.700713],[7.108238,50.70092],[7.108176,50.701349],[7.108245,50.701558],[7.108416,50.701836],[7.108429,50.701937],[7.108333,50.702164],[7.108342,50.702355],[7.108228,50.702515],[7.108073,50.702624],[7.107828,50.702666],[7.107428,50.702602],[7.107362,50.70262],[7.10722,50.702726],[7.107082,50.702945],[7.107142,50.70348],[7.107103,50.703559],[7.107034,50.703594],[7.106901,50.703591],[7.106288,50.703468],[7.106159,50.703458],[7.106036,50.703484],[7.105975,50.703538],[7.106043,50.703782],[7.106015,50.703913],[7.105944,50.703989],[7.105658,50.704147],[7.105538,50.704268],[7.10539,50.704512],[7.105314,50.704715],[7.105444,50.705089],[7.105464,50.70553],[7.105447,50.705613],[7.10527,50.705818],[7.105534,50.70595],[7.10552,50.70597],[7.105977,50.706293],[7.105832,50.70638],[7.106506,50.706739],[7.106532,50.706663],[7.106707,50.70675],[7.106767,50.706722],[7.106975,50.706749],[7.107249,50.706093],[7.107522,50.706125],[7.107437,50.705824],[7.107028,50.705534],[7.106819,50.705194],[7.106815,50.70512],[7.107011,50.704522],[7.106918,50.70431],[7.106836,50.70425],[7.106725,50.704239],[7.106163,50.704453],[7.106123,50.704464],[7.106108,50.704442],[7.106667,50.704226],[7.106849,50.704216],[7.106954,50.70427],[7.107061,50.704461],[7.107167,50.704499],[7.107424,50.704548],[7.107599,50.704506],[7.107664,50.70446],[7.10833,50.704714],[7.108388,50.704653],[7.10824,50.704428],[7.108262,50.703727],[7.10819,50.703896],[7.108093,50.703861],[7.108235,50.703341],[7.108334,50.703374],[7.108316,50.703399],[7.108728,50.702913],[7.10958,50.703117],[7.109662,50.703032],[7.109192,50.702881],[7.109338,50.702699],[7.108347,50.702379],[7.108362,50.702354],[7.109005,50.702544],[7.108987,50.702566],[7.109358,50.702675],[7.10958,50.702118],[7.11021,50.702292],[7.110322,50.702135],[7.109971,50.702038],[7.110146,50.701775],[7.110159,50.701689],[7.110309,50.701411],[7.110545,50.701156],[7.110258,50.701059],[7.110464,50.700791],[7.110099,50.700672],[7.109955,50.700302],[7.109677,50.699988],[7.110161,50.700019],[7.110138,50.700116],[7.110514,50.700134],[7.110705,50.69949],[7.110311,50.699385],[7.110223,50.699295],[7.110467,50.699213],[7.110412,50.699158],[7.110475,50.698823],[7.110537,50.698718],[7.110615,50.698699],[7.110779,50.698716],[7.111026,50.698935],[7.11091,50.698606],[7.110791,50.698415],[7.110464,50.698156],[7.110048,50.697998],[7.109852,50.697988],[7.109468,50.697753],[7.109291,50.697538],[7.109212,50.697294],[7.109214,50.697164],[7.109095,50.697934],[7.108882,50.698151],[7.108912,50.698526],[7.108872,50.698581],[7.108763,50.698646],[7.108509,50.698749]],[[7.110198,50.699886],[7.110335,50.699545],[7.110405,50.699535],[7.110429,50.699577],[7.110279,50.699944],[7.110213,50.699927],[7.110198,50.699886]],[[7.109888,50.699689],[7.109939,50.699662],[7.109972,50.699676],[7.109894,50.699933],[7.109842,50.699928],[7.109826,50.69985],[7.109888,50.699689]]],[[[7.107587,50.706132],[7.107715,50.70617],[7.107783,50.706233],[7.107657,50.706004],[7.107644,50.705922],[7.107756,50.705718],[7.107222,50.705338],[7.107611,50.705105],[7.107731,50.704631],[7.108218,50.704702],[7.107679,50.704497],[7.107568,50.704549],[7.107431,50.704576],[7.107147,50.704524],[7.107068,50.704547],[7.106851,50.705138],[7.106867,50.705216],[7.107061,50.705521],[7.107476,50.70582],[7.107556,50.706107],[7.107587,50.706132]]],[[[7.108286,50.703445],[7.108291,50.703428],[7.108298,50.70342],[7.108292,50.703419],[7.108289,50.703429],[7.108285,50.70344],[7.108286,50.703445]]],[[[7.110064,50.697984],[7.110059,50.697981],[7.110011,50.69798],[7.110064,50.697984]]],[[[7.109251,50.697292],[7.109249,50.697267],[7.109249,50.697284],[7.109251,50.697292]]]]},"properties":{"landuse_id":20877,"landuse_code":2600,"landuse":"Wald","environment":"forest","area_m2":128038}},{"type":"Feature","geometry":{"type":"MultiPolygon","coordinates":[[[[7.107283,50.706776],[7.10726,50.706745],[7.107247,50.706706],[7.107246,50.706715],[7.107245,50.706718],[7.107245,50.706722],[7.107245,50.706726],[7.107245,50.706729],[7.107246,50.706733],[7.107247,50.706737],[7.107248,50.70674],[7.10725,50.706744],[7.107252,50.706747],[7.107254,50.70675],[7.107257,50.706754],[7.10726,50.706757],[7.107263,50.70676],[7.107266,50.706763],[7.10727,50.706766],[7.107273,50.706769],[7.107283,50.706776]]],[[[7.107601,50.706142],[7.107612,50.706135],[7.107587,50.706132],[7.107596,50.706139],[7.107601,50.706142]]],[[[7.107522,50.706125],[7.107249,50.706093],[7.106975,50.706749],[7.107286,50.706853],[7.10728,50.70689],[7.107577,50.706986],[7.107596,50.706943],[7.107318,50.706837],[7.107207,50.706732],[7.107241,50.706527],[7.107349,50.70631],[7.107522,50.706179],[7.107522,50.706125]]]]},"properties":{"landuse_id":20878,"landuse_code":2600,"landuse":"Wald","environment":"forest","area_m2":1324}},{"type":"Feature","geometry":{"type":"MultiPolygon","coordinates":[[[[7.111154,50.746677],[7.111098,50.746794],[7.111345,50.746854],[7.112061,50.745556],[7.112083,50.745474],[7.111931,50.745425],[7.111371,50.746226],[7.111154,50.746677]]],[[[7.111088,50.746814],[7.11116,50.74684],[7.10977,50.749345],[7.109701,50.749537],[7.108486,50.751658],[7.108651,50.751757],[7.108711,50.751748],[7.109119,50.750946],[7.109417,50.750476],[7.110111,50.749116],[7.111334,50.746874],[7.111088,50.746814]]],[[[7.108752,50.751783],[7.108818,50.751821],[7.109538,50.750605],[7.109503,50.750556],[7.109819,50.749981],[7.110058,50.749787],[7.110021,50.749382],[7.109799,50.749841],[7.108888,50.751447],[7.108752,50.751783]]]]},"properties":{"landuse_id":16656,"landuse_code":2680,"landuse":"sonstige (kl.) Gehölzfläche","environment":"urban_green","area_m2":13986}},{"type":"Feature","geometry":{"type":"Polygon","coordinates":[[[7.174549,50.651425],[7.174375,50.651756],[7.174091,50.652094],[7.174001,50.652253],[7.174058,50.652261],[7.174402,50.651807],[7.174596,50.651445],[7.174549,50.651425]]]},"properties":{"landuse_id":23036,"landuse_code":2680,"landuse":"sonstige (kl.) Gehölzfläche","environment":"urban_green","area_m2":441}},{"type":"Feature","geometry":{"type":"MultiPolygon","coordinates":[[[[7.133623,50.662227],[7.133958,50.662007],[7.134587,50.661679],[7.135475,50.66103],[7.136278,50.660015],[7.137227,50.659558],[7.13801,50.659236],[7.138602,50.659149],[7.138878,50.659036],[7.138944,50.658623],[7.138892,50.658617],[7.138558,50.658723],[7.138138,50.658598],[7.137757,50.658578],[7.136848,50.65826],[7.136418,50.658063],[7.135832,50.657994],[7.135593,50.658022],[7.135411,50.658146],[7.135076,50.658228],[7.134682,50.658233],[7.134463,50.658272],[7.13369,50.658127],[7.133499,50.658045],[7.133085,50.658024],[7.132799,50.657899],[7.132102,50.657683],[7.132134,50.657672],[7.132813,50.657883],[7.133095,50.658007],[7.133508,50.658028],[7.133703,50.65811],[7.134463,50.658254],[7.134676,50.658215],[7.135071,50.65821],[7.135395,50.658131],[7.135579,50.658005],[7.135832,50.657975],[7.136373,50.658029],[7.136864,50.658245],[7.137732,50.658554],[7.138146,50.65858],[7.138558,50.658705],[7.138927,50.658585],[7.138951,50.658568],[7.139029,50.657847],[7.138405,50.657559],[7.137961,50.657123],[7.137582,50.656802],[7.137216,50.656573],[7.136879,50.656468],[7.136244,50.656457],[7.136021,50.656427],[7.135742,50.656331],[7.13536,50.656318],[7.135163,50.656631],[7.133125,50.657436],[7.132725,50.657045],[7.131973,50.657375],[7.130569,50.657886],[7.130357,50.658005],[7.129578,50.658827],[7.129364,50.658899],[7.129359,50.658957],[7.129414,50.659064],[7.129626,50.659243],[7.129723,50.659373],[7.130755,50.659998],[7.131034,50.660131],[7.13139,50.660227],[7.131756,50.660273],[7.132109,50.660493],[7.132236,50.660713],[7.132424,50.660882],[7.132793,50.661554],[7.133598,50.662268],[7.133623,50.662227]]],[[[7.138883,50.659121],[7.138891,50.659052],[7.138689,50.659148],[7.138883,50.659121]]],[[[7.136063,50.656416],[7.136078,50.656419],[7.136086,50.656421],[7.136063,50.656416]]],[[[7.135747,50.656305],[7.13574,50.656304],[7.135763,50.656314],[7.135781,50.656322],[7.135747,50.656305]]],[[[7.135486,50.656292],[7.135483,50.656292],[7.135486,50.656292],[7.135486,50.656292]]],[[[7.135374,50.656297],[7.135373,50.656298],[7.135428,50.656294],[7.135374,50.656297]]],[[[7.131889,50.657374],[7.131624,50.657474],[7.132339,50.657197],[7.131889,50.657374]]],[[[7.131268,50.657608],[7.131282,50.657605],[7.131313,50.657601],[7.131331,50.657596],[7.131442,50.65755],[7.131503,50.65752],[7.131268,50.657608]]],[[[7.130456,50.657923],[7.130456,50.657923],[7.130456,50.657923],[7.130456,50.657923]]],[[[7.13217,50.660705],[7.132275,50.660791],[7.132199,50.660724],[7.132129,50.660603],[7.13217,50.660705]]]]},"properties":{"landuse_id":17325,"landuse_code":2600,"landuse":"Wald","environment":"forest","area_m2":239802}},{"type":"Feature","geometry":{"type":"Polygon","coordinates":[[[7.068918,50.637196],[7.059388,50.63839],[7.060022,50.639909],[7.060574,50.641425],[7.060713,50.641732],[7.066641,50.641259],[7.069556,50.640859],[7.069605,50.640809],[7.069601,50.640717],[7.068918,50.637196]],[[7.066708,50.640798],[7.067242,50.638607],[7.067513,50.638629],[7.066949,50.640746],[7.066793,50.640799],[7.066708,50.640798]]]},"properties":{"landuse_id":2506,"landuse_code":2600,"landuse":"Wald","environment":"forest","area_m2":262077}},{"type":"Feature","geometry":{"type":"Polygon","coordinates":[[[7.060079,50.707279],[7.059845,50.707302],[7.059505,50.7073],[7.059449,50.707376],[7.059986,50.70739],[7.060689,50.707337],[7.061073,50.707333],[7.061131,50.707177],[7.060212,50.707282],[7.060074,50.707293],[7.060079,50.707279]]]},"properties":{"landuse_id":16257,"landuse_code":2670,"landuse":"Verkehrsbegleitgrün mit Baumbestand","environment":"urban_green","area_m2":1316}},{"type":"Feature","geometry":{"type":"MultiPolygon","coordinates":[[[[7.14883,50.734828],[7.148584,50.734731],[7.148264,50.735085],[7.14787,50.73518],[7.147825,50.735408],[7.147428,50.735401],[7.147447,50.7359],[7.147657,50.736045],[7.14769,50.736037],[7.14883,50.734828]]],[[[7.147391,50.735401],[7.147379,50.735525],[7.146845,50.735671],[7.146882,50.735723],[7.147121,50.735832],[7.147188,50.735842],[7.147245,50.735915],[7.147401,50.735852],[7.147391,50.735401]]],[[[7.147016,50.73602],[7.147217,50.736307],[7.147387,50.736365],[7.147635,50.736069],[7.147395,50.735911],[7.147016,50.73602]]]]},"properties":{"landuse_id":14401,"landuse_code":2600,"landuse":"Wald","environment":"forest","area_m2":6988}},{"type":"Feature","geometry":{"type":"Polygon","coordinates":[[[7.06123,50.735062],[7.061127,50.73498],[7.060353,50.735173],[7.059294,50.735343],[7.057189,50.7354],[7.055094,50.735534],[7.055096,50.735555],[7.056763,50.735593],[7.056781,50.735661],[7.059037,50.735561],[7.059475,50.735516],[7.059934,50.735396],[7.060387,50.735342],[7.06123,50.735062]]]},"properties":{"landuse_id":657,"landuse_code":2670,"landuse":"Verkehrsbegleitgrün mit Baumbestand","environment":"urban_green","area_m2":8343}},{"type":"Feature","geometry":{"type":"Polygon","coordinates":[[[7.088352,50.731816],[7.088225,50.731984],[7.088133,50.732052],[7.088029,50.732118],[7.087847,50.732156],[7.087675,50.732084],[7.087513,50.731979],[7.087377,50.73178],[7.087053,50.731758],[7.087785,50.732306],[7.087855,50.73233],[7.088232,50.732031],[7.088559,50.731813],[7.088919,50.731618],[7.089321,50.731442],[7.089294,50.731424],[7.088891,50.73152],[7.088634,50.731615],[7.088352,50.731816]]]},"properties":{"landuse_id":15748,"landuse_code":2645,"landuse":"Grün-/ Parkfläche mit Baumbestand","environment":"urban_green","area_m2":1987}},{"type":"Feature","geometry":{"type":"Polygon","coordinates":[[[7.098307,50.71827],[7.098464,50.718212],[7.097872,50.717678],[7.097632,50.7176],[7.097579,50.717401],[7.097154,50.717502],[7.096947,50.717595],[7.09677,50.71771],[7.096734,50.717682],[7.09705,50.717508],[7.096774,50.717597],[7.096723,50.717638],[7.096653,50.717904],[7.096491,50.718071],[7.096119,50.718374],[7.096153,50.718483],[7.096102,50.718703],[7.09597,50.71883],[7.095655,50.718992],[7.097054,50.718756],[7.097099,50.718714],[7.096874,50.718461],[7.097502,50.717884],[7.097854,50.718008],[7.098307,50.71827]]]},"properties":{"landuse_id":16633,"landuse_code":2600,"landuse":"Wald","environment":"forest","area_m2":11061}},{"type":"Feature","geometry":{"type":"MultiPolygon","coordinates":[[[[7.180578,50.746546],[7.18062,50.746547],[7.180584,50.746504],[7.180578,50.746546]]],[[[7.18061,50.746571],[7.181015,50.746883],[7.180938,50.747023],[7.180748,50.747067],[7.180544,50.747158],[7.180522,50.747279],[7.180604,50.747331],[7.181508,50.746883],[7.18109,50.746542],[7.181028,50.746204],[7.180515,50.746394],[7.180676,50.746567],[7.18061,50.746571]]]]},"properties":{"landuse_id":608,"landuse_code":2680,"landuse":"sonstige (kl.) Gehölzfläche","environment":"urban_green","area_m2":3460}},{"type":"Feature","geometry":{"type":"Polygon","coordinates":[[[7.061538,50.676889],[7.062241,50.675794],[7.062138,50.675762],[7.062094,50.675924],[7.061817,50.676418],[7.061495,50.676908],[7.061538,50.676889]]]},"properties":{"landuse_id":305,"landuse_code":2670,"landuse":"Verkehrsbegleitgrün mit Baumbestand","environment":"urban_green","area_m2":361}},{"type":"Feature","geometry":{"type":"MultiPolygon","coordinates":[[[[7.088098,50.704573],[7.088163,50.704394],[7.087979,50.704382],[7.087814,50.704478],[7.087598,50.704521],[7.08733,50.704525],[7.087052,50.704468],[7.086791,50.70431],[7.086722,50.704149],[7.087042,50.703247],[7.087238,50.703062],[7.087451,50.702979],[7.087703,50.70295],[7.088027,50.703028],[7.088206,50.703159],[7.088549,50.7032],[7.088635,50.702952],[7.0876,50.702636],[7.087528,50.702632],[7.087007,50.702732],[7.086861,50.702732],[7.086245,50.702654],[7.086124,50.702654],[7.086015,50.702681],[7.085873,50.70276],[7.085798,50.702875],[7.085727,50.703108],[7.085725,50.703294],[7.085642,50.703439],[7.0856,50.703687],[7.08544,50.704111],[7.085252,50.704292],[7.085132,50.704333],[7.084987,50.704349],[7.084806,50.704483],[7.084814,50.704561],[7.084742,50.70476],[7.084682,50.705128],[7.084749,50.705293],[7.084895,50.705493],[7.084951,50.705768],[7.085006,50.705867],[7.085071,50.705904],[7.085143,50.705868],[7.085457,50.705851],[7.086131,50.705571],[7.086542,50.705427],[7.086776,50.705388],[7.087019,50.705399],[7.087258,50.705455],[7.08747,50.705566],[7.088564,50.706568],[7.088668,50.706582],[7.089096,50.706485],[7.089258,50.706388],[7.089411,50.706215],[7.089731,50.706113],[7.089781,50.705989],[7.089838,50.705934],[7.090293,50.705699],[7.090361,50.705619],[7.090196,50.705346],[7.090079,50.704833],[7.090091,50.704036],[7.090053,50.70384],[7.089768,50.703811],[7.089695,50.704002],[7.089978,50.704038],[7.08999,50.70439],[7.089879,50.704617],[7.089782,50.704692],[7.089868,50.704754],[7.089776,50.704838],[7.089696,50.704848],[7.089484,50.705012],[7.089877,50.705168],[7.090038,50.705266],[7.090111,50.705356],[7.090086,50.705479],[7.089788,50.705776],[7.08927,50.706064],[7.089218,50.706261],[7.089144,50.706321],[7.088553,50.706499],[7.087279,50.705359],[7.087515,50.704993],[7.087743,50.70507],[7.087926,50.705067],[7.087957,50.704918],[7.087839,50.704621],[7.088098,50.704573]],[[7.085453,50.705724],[7.085207,50.705397],[7.085304,50.705366],[7.085063,50.705041],[7.0852,50.704997],[7.084923,50.704637],[7.085166,50.704441],[7.085887,50.704383],[7.086012,50.7044],[7.086258,50.704377],[7.086356,50.704182],[7.086429,50.704188],[7.086388,50.704399],[7.086672,50.704659],[7.086318,50.704778],[7.086362,50.70484],[7.086055,50.704944],[7.085894,50.705083],[7.085768,50.705108],[7.085841,50.7052],[7.08571,50.705242],[7.085961,50.705566],[7.085453,50.705724]],[[7.086457,50.703764],[7.086384,50.703835],[7.086233,50.703863],[7.086087,50.70382],[7.086036,50.70374],[7.086222,50.703218],[7.08626,50.703171],[7.086389,50.703129],[7.086577,50.70316],[7.08664,50.703233],[7.086457,50.703764]],[[7.086148,50.705346],[7.086082,50.705235],[7.086209,50.705243],[7.08637,50.70521],[7.086407,50.705267],[7.086283,50.705385],[7.08622,50.705408],[7.086148,50.705346]]],[[[7.08595,50.702682],[7.085723,50.702733],[7.085477,50.702857],[7.085269,50.702928],[7.085256,50.703071],[7.085311,50.703118],[7.085254,50.703254],[7.0852,50.703253],[7.08499,50.703418],[7.084897,50.703553],[7.084919,50.703597],[7.084868,50.703803],[7.084785,50.703867],[7.084779,50.703934],[7.084689,50.70401],[7.084664,50.704113],[7.084539,50.704182],[7.084569,50.704262],[7.084548,50.704302],[7.084403,50.704397],[7.084284,50.704416],[7.084308,50.704537],[7.084217,50.704578],[7.084191,50.704676],[7.084206,50.704721],[7.08437,50.704808],[7.084351,50.704894],[7.084224,50.704973],[7.084226,50.705107],[7.084132,50.705277],[7.084135,50.705324],[7.084361,50.705453],[7.084363,50.705552],[7.084278,50.705614],[7.08427,50.705694],[7.084323,50.705764],[7.084535,50.705882],[7.084575,50.706015],[7.084677,50.706052],[7.084696,50.706085],[7.084617,50.706158],[7.084701,50.706203],[7.084703,50.706295],[7.084764,50.706324],[7.084754,50.706458],[7.085007,50.706518],[7.085067,50.706571],[7.085088,50.706645],[7.085189,50.706675],[7.085317,50.706804],[7.085438,50.706869],[7.085395,50.707001],[7.085443,50.707092],[7.085548,50.707188],[7.085524,50.707367],[7.085569,50.70749],[7.085658,50.707586],[7.085928,50.707659],[7.085986,50.707734],[7.085989,50.707812],[7.08617,50.707903],[7.086335,50.708095],[7.086375,50.7082],[7.086474,50.708288],[7.086488,50.708366],[7.086588,50.708428],[7.086644,50.708541],[7.08675,50.708574],[7.08672,50.708736],[7.08677,50.708925],[7.086829,50.708967],[7.086857,50.709039],[7.087331,50.709405],[7.087417,50.709583],[7.087437,50.709741],[7.087545,50.709837],[7.087624,50.709838],[7.08767,50.709862],[7.087772,50.709998],[7.08785,50.710051],[7.087847,50.710077],[7.087747,50.710124],[7.087865,50.71026],[7.087857,50.710285],[7.087796,50.710295],[7.087788,50.710362],[7.087859,50.710404],[7.087938,50.710368],[7.088106,50.710556],[7.088391,50.71058],[7.088417,50.710599],[7.08841,50.710629],[7.088315,50.710672],[7.088325,50.710694],[7.088458,50.710731],[7.088467,50.71076],[7.088403,50.710809],[7.088417,50.710842],[7.088587,50.71091],[7.088576,50.710978],[7.088668,50.711076],[7.088626,50.711132],[7.088694,50.711343],[7.088992,50.711289],[7.089046,50.711231],[7.088788,50.710672],[7.088707,50.71063],[7.088673,50.710487],[7.0886,50.710468],[7.088355,50.710519],[7.088165,50.710501],[7.088094,50.710444],[7.088029,50.710319],[7.087909,50.710236],[7.087845,50.710126],[7.087875,50.710126],[7.087938,50.710235],[7.088049,50.71031],[7.088114,50.710436],[7.088175,50.710487],[7.088406,50.710504],[7.088589,50.710454],[7.088648,50.710457],[7.088703,50.710493],[7.088727,50.710621],[7.088783,50.710654],[7.088793,50.710578],[7.088969,50.7104],[7.089017,50.710283],[7.088701,50.70996],[7.088827,50.70976],[7.088337,50.709542],[7.088797,50.709204],[7.088576,50.709099],[7.089013,50.708752],[7.088862,50.708594],[7.088817,50.708581],[7.088667,50.708586],[7.088537,50.708632],[7.08826,50.708852],[7.08772,50.709411],[7.087713,50.709107],[7.087671,50.708932],[7.087561,50.708717],[7.087358,50.70864],[7.087197,50.708416],[7.08735,50.708287],[7.087288,50.708144],[7.087247,50.708121],[7.087069,50.708112],[7.086957,50.707655],[7.086874,50.707489],[7.086706,50.70733],[7.086592,50.70728],[7.086465,50.707263],[7.08596,50.706905],[7.085881,50.706751],[7.085676,50.706547],[7.085386,50.70634],[7.085591,50.706559],[7.08573,50.706625],[7.086009,50.706992],[7.086219,50.707186],[7.086201,50.707246],[7.086025,50.707228],[7.086041,50.707322],[7.08615,50.707359],[7.086387,50.707363],[7.086694,50.707488],[7.086694,50.707631],[7.086849,50.708116],[7.087074,50.708408],[7.087062,50.708624],[7.087222,50.708775],[7.087233,50.708976],[7.087318,50.709134],[7.087434,50.709231],[7.087491,50.7094],[7.087442,50.709489],[7.087471,50.7096],[7.087415,50.70949],[7.087457,50.709376],[7.087402,50.709233],[7.087293,50.709132],[7.087229,50.70902],[7.087192,50.708898],[7.087199,50.708777],[7.087039,50.708644],[7.087049,50.708415],[7.086843,50.708155],[7.086772,50.707995],[7.086666,50.707623],[7.086675,50.707504],[7.086388,50.707381],[7.086135,50.707374],[7.086007,50.707321],[7.08601,50.707212],[7.086193,50.707226],[7.086197,50.707198],[7.085975,50.706991],[7.08573,50.706658],[7.085572,50.706573],[7.085378,50.706385],[7.085334,50.706303],[7.085349,50.706134],[7.085507,50.70598],[7.085477,50.705958],[7.085174,50.705953],[7.084989,50.705907],[7.084913,50.705786],[7.084854,50.705503],[7.084647,50.705164],[7.084691,50.7048],[7.084778,50.704445],[7.084975,50.704323],[7.085211,50.704277],[7.085384,50.704124],[7.085546,50.703727],[7.085601,50.703425],[7.085687,50.703288],[7.085692,50.703082],[7.085379,50.703035],[7.08529,50.703049],[7.085382,50.703018],[7.085695,50.703066],[7.085757,50.702866],[7.085837,50.702745],[7.08595,50.702682]]],[[[7.085379,50.706269],[7.085539,50.706149],[7.086764,50.705584],[7.087054,50.705552],[7.087148,50.705557],[7.087308,50.705606],[7.08916,50.707108],[7.088777,50.70741],[7.08904,50.707537],[7.08821,50.708489],[7.088402,50.70854],[7.08868,50.708517],[7.088919,50.708528],[7.089107,50.708281],[7.089265,50.708451],[7.089425,50.708249],[7.08927,50.70816],[7.089675,50.707944],[7.089733,50.707644],[7.09001,50.707776],[7.090202,50.707635],[7.089765,50.707409],[7.09106,50.706911],[7.090965,50.706843],[7.090797,50.706643],[7.090318,50.705711],[7.089843,50.705964],[7.089746,50.706131],[7.089419,50.706238],[7.08927,50.706414],[7.089136,50.706494],[7.088659,50.706607],[7.088572,50.706598],[7.08851,50.70656],[7.087424,50.705569],[7.087219,50.705471],[7.086961,50.705418],[7.086733,50.705416],[7.086567,50.705444],[7.085484,50.705863],[7.0851,50.705899],[7.085086,50.705912],[7.085187,50.705935],[7.085491,50.705939],[7.085529,50.705973],[7.085383,50.706125],[7.085359,50.706188],[7.085379,50.706269]],[[7.088785,50.708336],[7.088923,50.708219],[7.088993,50.708209],[7.088953,50.708326],[7.088843,50.708416],[7.088794,50.708408],[7.088757,50.708368],[7.088785,50.708336]]],[[[7.091042,50.70688],[7.090497,50.705815],[7.090374,50.705641],[7.090349,50.705725],[7.09066,50.706284],[7.090673,50.706379],[7.09086,50.706681],[7.091042,50.70688]]]]},"properties":{"landuse_id":19020,"landuse_code":2600,"landuse":"Wald","environment":"forest","area_m2":123364}},{"type":"Feature","geometry":{"type":"MultiPolygon","coordinates":[[[[7.085949,50.686773],[7.086156,50.685858],[7.083662,50.684619],[7.083637,50.684978],[7.083719,50.685432],[7.083736,50.685807],[7.083598,50.6866],[7.083537,50.686585],[7.083526,50.68662],[7.084198,50.686686],[7.083909,50.686374],[7.084087,50.6856],[7.084767,50.685655],[7.084794,50.685527],[7.085311,50.685568],[7.085286,50.685676],[7.085726,50.685719],[7.085564,50.686379],[7.085616,50.686384],[7.085541,50.686732],[7.085949,50.686773]],[[7.083997,50.685362],[7.084051,50.68509],[7.084623,50.685142],[7.084571,50.685415],[7.083997,50.685362]]],[[[7.083615,50.684588],[7.083609,50.68478],[7.08362,50.684619],[7.083621,50.684598],[7.083622,50.684591],[7.083615,50.684588]]],[[[7.083634,50.685834],[7.083605,50.686098],[7.083649,50.685805],[7.083634,50.685834]]]]},"properties":{"landuse_id":21928,"landuse_code":2600,"landuse":"Wald","environment":"forest","area_m2":12893}},{"type":"Feature","geometry":{"type":"MultiPolygon","coordinates":[[[[7.155371,50.661908],[7.155358,50.661895],[7.15536,50.661897],[7.155363,50.6619],[7.155366,50.661903],[7.155369,50.661906],[7.155371,50.661908]]],[[[7.155679,50.662818],[7.155745,50.662807],[7.155841,50.662791],[7.155802,50.662796],[7.155719,50.662808],[7.155681,50.662818],[7.155679,50.662818]]],[[[7.156972,50.662424],[7.156594,50.662424],[7.156447,50.662372],[7.156445,50.662253],[7.156519,50.662222],[7.156594,50.662028],[7.156607,50.66181],[7.15674,50.661511],[7.156865,50.661435],[7.157036,50.661431],[7.157011,50.661417],[7.15701,50.661321],[7.156575,50.661075],[7.155996,50.661331],[7.155712,50.661617],[7.155716,50.661774],[7.155658,50.661838],[7.155634,50.661924],[7.155393,50.662088],[7.155335,50.662387],[7.155358,50.662548],[7.155452,50.662754],[7.155573,50.662818],[7.156184,50.66272],[7.156972,50.662424]],[[7.155881,50.661768],[7.156216,50.661357],[7.156372,50.661244],[7.156425,50.661226],[7.156514,50.661234],[7.156751,50.661349],[7.156801,50.661433],[7.156684,50.661496],[7.156542,50.661854],[7.156542,50.662014],[7.156462,50.662206],[7.15627,50.662292],[7.156295,50.662393],[7.156209,50.66249],[7.155747,50.662607],[7.155645,50.662566],[7.155735,50.662298],[7.15571,50.662158],[7.155774,50.66207],[7.15573,50.661907],[7.155756,50.661859],[7.155881,50.661768]]],[[[7.155617,50.661868],[7.155582,50.661912],[7.155562,50.661929],[7.155565,50.661927],[7.155569,50.661925],[7.155573,50.661923],[7.155577,50.661921],[7.155581,50.661919],[7.155585,50.661916],[7.155589,50.661914],[7.155592,50.661911],[7.155595,50.661908],[7.155598,50.661906],[7.155601,50.661903],[7.155604,50.6619],[7.155607,50.661897],[7.155609,50.661894],[7.155612,50.661891],[7.155614,50.661888],[7.155617,50.661868]]],[[[7.155078,50.661925],[7.15528,50.662505],[7.155357,50.662081],[7.155242,50.66161],[7.155116,50.661429],[7.155093,50.661056],[7.154967,50.660866],[7.154911,50.660291],[7.154927,50.66021],[7.155087,50.659918],[7.155068,50.659875],[7.154964,50.65986],[7.154905,50.659883],[7.154871,50.659936],[7.154841,50.65993],[7.154784,50.660061],[7.154728,50.660279],[7.154712,50.660574],[7.154799,50.661075],[7.155078,50.661925]]]]},"properties":{"landuse_id":10331,"landuse_code":2680,"landuse":"sonstige (kl.) Gehölzfläche","environment":"urban_green","area_m2":10930}},{"type":"Feature","geometry":{"type":"MultiPolygon","coordinates":[[[[7.04785,50.689614],[7.048097,50.689587],[7.048346,50.690612],[7.048548,50.690644],[7.048541,50.690603],[7.048964,50.690571],[7.048949,50.690415],[7.048801,50.690423],[7.048749,50.690132],[7.049395,50.690096],[7.049471,50.690578],[7.048753,50.69063],[7.048903,50.691544],[7.049135,50.691529],[7.049151,50.691649],[7.048694,50.691678],[7.048671,50.691843],[7.048712,50.691942],[7.048821,50.692064],[7.049973,50.693082],[7.049975,50.692789],[7.050689,50.692578],[7.051011,50.692406],[7.051291,50.692379],[7.051358,50.692507],[7.051433,50.692507],[7.05147,50.692694],[7.0516,50.692977],[7.054678,50.692751],[7.054772,50.692683],[7.054791,50.692395],[7.054866,50.69217],[7.054909,50.691839],[7.05495,50.691781],[7.055275,50.691676],[7.055399,50.691657],[7.05626,50.691682],[7.056406,50.691705],[7.056742,50.691873],[7.057335,50.692312],[7.058561,50.693389],[7.0587,50.693559],[7.058956,50.693696],[7.059398,50.694086],[7.059583,50.694118],[7.060029,50.694544],[7.060093,50.69471],[7.060051,50.694687],[7.060145,50.694765],[7.060223,50.694923],[7.060427,50.695116],[7.060646,50.695245],[7.061237,50.695824],[7.061315,50.695958],[7.062232,50.696608],[7.062476,50.696653],[7.062742,50.696742],[7.062815,50.696792],[7.062971,50.696778],[7.062428,50.696238],[7.060065,50.6941],[7.06009,50.694085],[7.059503,50.693492],[7.058737,50.692617],[7.058223,50.691919],[7.057779,50.691227],[7.056699,50.691476],[7.055849,50.691147],[7.055736,50.691133],[7.055644,50.691166],[7.055541,50.691045],[7.055218,50.690605],[7.056829,50.690068],[7.056939,50.690132],[7.057102,50.69017],[7.056876,50.689625],[7.056613,50.688814],[7.054345,50.689202],[7.052649,50.688722],[7.052495,50.689083],[7.052616,50.689265],[7.052358,50.689742],[7.052187,50.690285],[7.05118,50.690056],[7.051176,50.689607],[7.050925,50.689247],[7.050819,50.68917],[7.050709,50.688542],[7.051345,50.688507],[7.052545,50.688526],[7.052708,50.688134],[7.054316,50.687941],[7.053959,50.687349],[7.053809,50.687426],[7.053124,50.687609],[7.052721,50.687615],[7.052692,50.687579],[7.052697,50.68719],[7.053254,50.687135],[7.053105,50.686772],[7.053748,50.686627],[7.053942,50.686609],[7.054002,50.686582],[7.054218,50.68659],[7.054288,50.686572],[7.054317,50.686514],[7.054555,50.686404],[7.055203,50.685774],[7.05535,50.685736],[7.055589,50.685746],[7.055658,50.685728],[7.055653,50.685389],[7.055701,50.685308],[7.055712,50.685185],[7.055674,50.685056],[7.055538,50.685031],[7.055305,50.685058],[7.054838,50.685188],[7.054581,50.68529],[7.05383,50.685848],[7.053888,50.685892],[7.053744,50.685996],[7.053799,50.686031],[7.053765,50.686123],[7.053624,50.686094],[7.053742,50.685733],[7.053712,50.685688],[7.053571,50.685693],[7.052919,50.686205],[7.05275,50.68592],[7.053522,50.685555],[7.053046,50.685244],[7.053187,50.685015],[7.05317,50.685003],[7.046847,50.687334],[7.046774,50.688515],[7.046584,50.688902],[7.046531,50.689343],[7.046552,50.689514],[7.046424,50.690574],[7.046399,50.691008],[7.046482,50.691313],[7.0465,50.691556],[7.046469,50.691807],[7.046897,50.691747],[7.047723,50.691394],[7.047589,50.690654],[7.048082,50.690636],[7.04785,50.689614]]],[[[7.053259,50.692928],[7.053278,50.693038],[7.054937,50.692949],[7.054872,50.692806],[7.054793,50.692773],[7.053089,50.692899],[7.053259,50.692928]]],[[[7.054864,50.692734],[7.054947,50.692711],[7.055143,50.691816],[7.055189,50.691774],[7.055403,50.691703],[7.055889,50.691737],[7.056603,50.691913],[7.057371,50.69252],[7.057431,50.692463],[7.057306,50.692325],[7.056906,50.692015],[7.056465,50.69175],[7.056245,50.691704],[7.055358,50.691684],[7.055063,50.691764],[7.054953,50.69182],[7.054901,50.692173],[7.054822,50.692424],[7.054811,50.692706],[7.054879,50.692767],[7.054864,50.692734]]],[[[7.057378,50.692597],[7.058027,50.693116],[7.058573,50.693607],[7.059094,50.693947],[7.05912,50.693889],[7.058976,50.69375],[7.058671,50.693573],[7.058531,50.693401],[7.058158,50.693092],[7.057748,50.692698],[7.057506,50.692527],[7.057429,50.692528],[7.057299,50.692592],[7.057378,50.692597]]],[[[7.059862,50.694656],[7.061224,50.695889],[7.061201,50.695839],[7.060611,50.69526],[7.060401,50.695131],[7.060193,50.694935],[7.060119,50.694781],[7.059965,50.694667],[7.059874,50.694636],[7.059862,50.694656]]],[[[7.062382,50.696659],[7.062777,50.696809],[7.062725,50.696758],[7.062313,50.696643],[7.062382,50.696659]]],[[[7.062414,50.69707],[7.062451,50.697117],[7.062355,50.697377],[7.062409,50.697413],[7.062523,50.697429],[7.062706,50.69706],[7.063078,50.697089],[7.063568,50.697499],[7.063834,50.697783],[7.064003,50.697999],[7.064415,50.698782],[7.064629,50.69953],[7.064666,50.700024],[7.064902,50.699971],[7.064758,50.699383],[7.064589,50.698949],[7.064195,50.698171],[7.063782,50.697621],[7.063427,50.697209],[7.062996,50.696801],[7.06231,50.696934],[7.062277,50.696964],[7.062414,50.69707]]],[[[7.064742,50.700032],[7.064737,50.700005],[7.064742,50.700032],[7.064742,50.700032]]],[[[7.065101,50.69975],[7.064889,50.699071],[7.064548,50.698383],[7.064048,50.697671],[7.063697,50.697259],[7.063208,50.696757],[7.063183,50.696762],[7.063893,50.69752],[7.064367,50.698141],[7.064575,50.698476],[7.064871,50.69909],[7.06511,50.699929],[7.065138,50.699923],[7.065101,50.69975]]],[[[7.063008,50.696557],[7.060465,50.694233],[7.059656,50.693417],[7.059058,50.692753],[7.058561,50.692126],[7.057924,50.691194],[7.058675,50.692306],[7.058995,50.692711],[7.059698,50.693499],[7.060865,50.694637],[7.063154,50.696733],[7.063178,50.696727],[7.063008,50.696557]]],[[[7.046702,50.688567],[7.046702,50.688568],[7.046721,50.688528],[7.046729,50.6884],[7.046702,50.688567]]]]},"properties":{"landuse_id":20468,"landuse_code":2600,"landuse":"Wald","environment":"forest","area_m2":431879}},{"type":"Feature","geometry":{"type":"Polygon","coordinates":[[[7.134676,50.755344],[7.1332,50.754633],[7.132791,50.754572],[7.132486,50.754574],[7.130939,50.755],[7.131015,50.755116],[7.132427,50.754723],[7.132683,50.754686],[7.133115,50.754737],[7.133274,50.754778],[7.134649,50.755435],[7.134676,50.755344]]]},"properties":{"landuse_id":17063,"landuse_code":2680,"landuse":"sonstige (kl.) Gehölzfläche","environment":"urban_green","area_m2":3430}},{"type":"Feature","geometry":{"type":"MultiPolygon","coordinates":[[[[7.122896,50.656755],[7.123368,50.657116],[7.123562,50.6573],[7.124079,50.657934],[7.124254,50.658092],[7.123579,50.657278],[7.123235,50.656968],[7.122923,50.656742],[7.122896,50.656755]]],[[[7.122771,50.656815],[7.122666,50.656831],[7.122375,50.656761],[7.121062,50.656755],[7.121043,50.656708],[7.120421,50.656791],[7.120386,50.656741],[7.119891,50.656759],[7.119633,50.656816],[7.11942,50.656835],[7.11908,50.656932],[7.118899,50.657038],[7.118666,50.657206],[7.117909,50.657879],[7.117077,50.65822],[7.117861,50.658483],[7.118359,50.658597],[7.118494,50.65865],[7.119261,50.658692],[7.119505,50.658522],[7.119896,50.658354],[7.120318,50.658111],[7.120545,50.658095],[7.120881,50.658018],[7.121143,50.657929],[7.121378,50.657682],[7.121517,50.65764],[7.121748,50.657625],[7.122105,50.657504],[7.122888,50.657675],[7.123147,50.657787],[7.123565,50.658085],[7.123706,50.658106],[7.123992,50.658085],[7.124015,50.65811],[7.123719,50.658131],[7.123539,50.658107],[7.123111,50.657805],[7.122868,50.657699],[7.122108,50.657535],[7.121764,50.657651],[7.12153,50.657666],[7.121401,50.657706],[7.121177,50.657946],[7.120914,50.658038],[7.120561,50.658121],[7.120331,50.658135],[7.119933,50.65837],[7.119527,50.658545],[7.119382,50.658634],[7.119304,50.658723],[7.119565,50.659163],[7.119582,50.659493],[7.119544,50.659674],[7.119401,50.659892],[7.119127,50.660115],[7.118925,50.66034],[7.118759,50.660423],[7.118617,50.660552],[7.118513,50.660599],[7.118491,50.660736],[7.118973,50.660584],[7.11931,50.660433],[7.120046,50.6602],[7.121154,50.659776],[7.121324,50.659734],[7.121529,50.659722],[7.124321,50.658701],[7.12398,50.658493],[7.123909,50.658391],[7.124292,50.658205],[7.124295,50.658185],[7.124059,50.65796],[7.123622,50.657421],[7.123337,50.657137],[7.12286,50.656772],[7.122771,50.656815]]],[[[7.121482,50.659747],[7.121322,50.659764],[7.121001,50.659861],[7.120056,50.660218],[7.11937,50.660436],[7.11916,50.660531],[7.121482,50.659747]]]]},"properties":{"landuse_id":6149,"landuse_code":2600,"landuse":"Wald","environment":"forest","area_m2":118607}},{"type":"Feature","geometry":{"type":"Polygon","coordinates":[[[7.058875,50.682445],[7.058975,50.682485],[7.059097,50.682635],[7.060227,50.682213],[7.058902,50.680729],[7.058232,50.681634],[7.058875,50.682445]]]},"properties":{"landuse_id":342,"landuse_code":2600,"landuse":"Wald","environment":"forest","area_m2":14691}},{"type":"Feature","geometry":{"type":"Polygon","coordinates":[[[7.090705,50.696514],[7.090663,50.696605],[7.090207,50.697122],[7.090475,50.697206],[7.090484,50.697145],[7.090703,50.697016],[7.090707,50.696852],[7.09076,50.696666],[7.090882,50.696542],[7.090845,50.696521],[7.090925,50.69639],[7.091107,50.695651],[7.090823,50.695438],[7.090802,50.695481],[7.090554,50.695237],[7.090304,50.695572],[7.090643,50.695684],[7.090583,50.695896],[7.090779,50.695917],[7.090705,50.696514]]]},"properties":{"landuse_id":3225,"landuse_code":2600,"landuse":"Wald","environment":"forest","area_m2":4573}},{"type":"Feature","geometry":{"type":"MultiPolygon","coordinates":[[[[7.13453,50.678328],[7.134163,50.678459],[7.133798,50.678642],[7.133094,50.679441],[7.133442,50.679559],[7.133596,50.679384],[7.13384,50.678989],[7.134449,50.679174],[7.13452,50.679221],[7.134422,50.679282],[7.134838,50.679309],[7.134744,50.679063],[7.134868,50.679045],[7.134776,50.678742],[7.135108,50.678688],[7.135239,50.678713],[7.135391,50.67878],[7.135666,50.678724],[7.135741,50.678726],[7.135897,50.67879],[7.136019,50.678795],[7.13636,50.678747],[7.136399,50.678776],[7.136405,50.678836],[7.136364,50.67888],[7.135843,50.679073],[7.13577,50.679145],[7.135829,50.67946],[7.135907,50.679563],[7.136278,50.679592],[7.136596,50.67958],[7.136967,50.679533],[7.137032,50.679451],[7.137577,50.679657],[7.137731,50.6794],[7.137618,50.679344],[7.137835,50.679095],[7.137498,50.678833],[7.13678,50.678396],[7.136069,50.67823],[7.135524,50.678248],[7.134925,50.67823],[7.134791,50.678247],[7.13453,50.678328]]],[[[7.131117,50.679778],[7.131135,50.679934],[7.13118,50.679948],[7.131909,50.679083],[7.131039,50.678782],[7.130669,50.679],[7.130524,50.679054],[7.130015,50.679351],[7.129972,50.679397],[7.131117,50.679778]]],[[[7.132341,50.680258],[7.133154,50.680455],[7.133911,50.679759],[7.133062,50.679477],[7.132341,50.680258]]],[[[7.133069,50.679432],[7.133773,50.678634],[7.134014,50.678501],[7.134322,50.678375],[7.133619,50.678313],[7.133359,50.678223],[7.133007,50.678048],[7.132762,50.677786],[7.132439,50.677596],[7.132325,50.677728],[7.132273,50.677899],[7.132131,50.678098],[7.131787,50.678359],[7.131082,50.678756],[7.133069,50.679432]]]]},"properties":{"landuse_id":14769,"landuse_code":2600,"landuse":"Wald","environment":"forest","area_m2":61623}},{"type":"Feature","geometry":{"type":"Polygon","coordinates":[[[7.090474,50.693574],[7.090131,50.694183],[7.090503,50.694433],[7.090728,50.694293],[7.091007,50.694022],[7.091278,50.693507],[7.091782,50.693105],[7.092112,50.692795],[7.091392,50.69281],[7.091029,50.692964],[7.090958,50.692956],[7.090913,50.692899],[7.090255,50.693475],[7.090474,50.693574]]]},"properties":{"landuse_id":4107,"landuse_code":2600,"landuse":"Wald","environment":"forest","area_m2":10596}},{"type":"Feature","geometry":{"type":"Polygon","coordinates":[[[7.076041,50.655637],[7.079935,50.656245],[7.080031,50.656206],[7.081508,50.652683],[7.082235,50.650904],[7.082443,50.650308],[7.08244,50.650023],[7.082379,50.649785],[7.081804,50.647974],[7.081772,50.647771],[7.081878,50.646863],[7.081972,50.646583],[7.082134,50.646367],[7.082078,50.646299],[7.081984,50.646302],[7.071362,50.648786],[7.071146,50.648858],[7.070857,50.649031],[7.064279,50.653689],[7.064281,50.653732],[7.064327,50.653756],[7.072021,50.654977],[7.076041,50.655637]],[[7.079061,50.656082],[7.078667,50.656021],[7.078656,50.6559],[7.079058,50.655966],[7.079061,50.656082]],[[7.07192,50.651941],[7.071969,50.65193],[7.072136,50.652023],[7.072121,50.652061],[7.072014,50.652086],[7.07191,50.652036],[7.071886,50.651999],[7.07192,50.651941]],[[7.074329,50.654514],[7.074113,50.654367],[7.072484,50.651195],[7.072408,50.650899],[7.072456,50.650616],[7.073564,50.652701],[7.074482,50.654637],[7.074403,50.654651],[7.074329,50.654514]],[[7.079438,50.649953],[7.07978,50.650002],[7.079454,50.650801],[7.079288,50.65075],[7.079201,50.65066],[7.079438,50.649953]],[[7.067183,50.652721],[7.067267,50.652738],[7.067254,50.652769],[7.067318,50.652818],[7.067341,50.652893],[7.067238,50.653015],[7.067175,50.653024],[7.067118,50.652962],[7.067123,50.65286],[7.067183,50.652721]],[[7.07129,50.653714],[7.071414,50.653591],[7.071687,50.653582],[7.071831,50.653611],[7.07184,50.653688],[7.071669,50.653801],[7.071424,50.654019],[7.071344,50.654007],[7.071312,50.653962],[7.07129,50.653714]],[[7.072568,50.654057],[7.072566,50.65397],[7.072603,50.653936],[7.073041,50.653894],[7.073221,50.653839],[7.073259,50.653853],[7.073218,50.654046],[7.073167,50.654128],[7.07307,50.654192],[7.072792,50.654262],[7.072663,50.654258],[7.072609,50.654225],[7.072568,50.654057]],[[7.072404,50.651845],[7.072417,50.651744],[7.072469,50.6517],[7.072521,50.651695],[7.072714,50.651828],[7.072722,50.651871],[7.072678,50.651905],[7.072625,50.651906],[7.072442,50.651874],[7.072404,50.651845]],[[7.069673,50.650268],[7.069605,50.650235],[7.069633,50.650133],[7.069806,50.650088],[7.069881,50.650093],[7.070103,50.650187],[7.070119,50.65024],[7.069971,50.650356],[7.069673,50.650268]],[[7.071956,50.64979],[7.072062,50.649789],[7.072091,50.649764],[7.072123,50.649822],[7.072222,50.649855],[7.072335,50.649825],[7.072424,50.649756],[7.0725,50.649761],[7.072584,50.649808],[7.072609,50.649894],[7.072695,50.649995],[7.072635,50.650019],[7.072476,50.65003],[7.072254,50.649922],[7.072209,50.649932],[7.072117,50.649908],[7.071956,50.64979]]]},"properties":{"landuse_id":19801,"landuse_code":2600,"landuse":"Wald","environment":"forest","area_m2":807418}},{"type":"Feature","geometry":{"type":"Polygon","coordinates":[[[7.119399,50.710512],[7.119485,50.711052],[7.120214,50.710515],[7.119102,50.709921],[7.120083,50.709199],[7.12003,50.709047],[7.11998,50.709085],[7.119876,50.708717],[7.119916,50.708505],[7.120078,50.708281],[7.119815,50.708227],[7.119261,50.707955],[7.118922,50.707828],[7.11879,50.707789],[7.118469,50.707749],[7.118269,50.707926],[7.117545,50.708392],[7.117358,50.70858],[7.117325,50.70874],[7.117485,50.708983],[7.117514,50.709077],[7.117468,50.709208],[7.117721,50.709283],[7.118004,50.709459],[7.117945,50.709559],[7.118406,50.709687],[7.118346,50.709743],[7.118336,50.709813],[7.118516,50.710057],[7.118803,50.710184],[7.119399,50.710512]],[[7.118678,50.708083],[7.118976,50.708045],[7.119145,50.708065],[7.119295,50.708111],[7.119509,50.708264],[7.119569,50.70838],[7.119575,50.708478],[7.119525,50.708603],[7.118985,50.709368],[7.118882,50.70944],[7.118732,50.709501],[7.11842,50.709537],[7.118217,50.709504],[7.118045,50.709435],[7.117872,50.70925],[7.11773,50.70921],[7.118537,50.708043],[7.118678,50.708083]]]},"properties":{"landuse_id":21935,"landuse_code":2645,"landuse":"Grün-/ Parkfläche mit Baumbestand","environment":"urban_green","area_m2":23377}},{"type":"Feature","geometry":{"type":"MultiPolygon","coordinates":[[[[7.166078,50.723763],[7.166212,50.723997],[7.166173,50.723827],[7.166026,50.723649],[7.166078,50.723763]]],[[[7.167013,50.724207],[7.167072,50.72417],[7.167266,50.724174],[7.167426,50.72409],[7.167554,50.724077],[7.167835,50.724164],[7.168201,50.724211],[7.168391,50.724327],[7.169654,50.724438],[7.169685,50.724064],[7.169625,50.723969],[7.169359,50.723704],[7.169166,50.723431],[7.169111,50.723185],[7.169131,50.722802],[7.169101,50.722748],[7.168947,50.722626],[7.169002,50.722598],[7.169195,50.722718],[7.169277,50.722661],[7.169806,50.722151],[7.169838,50.72203],[7.169799,50.721847],[7.169737,50.721685],[7.169649,50.721599],[7.169597,50.721589],[7.169217,50.721629],[7.169,50.721616],[7.168724,50.721554],[7.168491,50.721439],[7.168433,50.721334],[7.168424,50.721175],[7.168543,50.720836],[7.167675,50.721186],[7.16737,50.721219],[7.167177,50.72121],[7.166392,50.721985],[7.165714,50.722849],[7.165691,50.722953],[7.165711,50.723036],[7.165906,50.72332],[7.166019,50.723558],[7.166169,50.723711],[7.166252,50.72385],[7.166276,50.723997],[7.166254,50.72414],[7.167013,50.724207]],[[7.168247,50.722308],[7.168128,50.72209],[7.168161,50.722052],[7.168312,50.721995],[7.168409,50.721897],[7.168562,50.721887],[7.168596,50.721921],[7.168797,50.721995],[7.168916,50.722006],[7.168992,50.722111],[7.168993,50.722161],[7.168981,50.722191],[7.168843,50.722251],[7.168813,50.722391],[7.168754,50.722412],[7.16852,50.722356],[7.168288,50.722371],[7.168247,50.722308]]],[[[7.169466,50.721571],[7.16949,50.721568],[7.169545,50.72156],[7.169593,50.721552],[7.169635,50.721542],[7.169644,50.721537],[7.169466,50.721571]]],[[[7.165736,50.72276],[7.165642,50.722901],[7.165678,50.723044],[7.165658,50.722906],[7.165736,50.72276]]],[[[7.165924,50.723416],[7.165917,50.723399],[7.165906,50.72337],[7.165878,50.723325],[7.165855,50.723292],[7.165924,50.723416]]]]},"properties":{"landuse_id":21342,"landuse_code":2600,"landuse":"Wald","environment":"forest","area_m2":73112}},{"type":"Feature","geometry":{"type":"Polygon","coordinates":[[[7.094065,50.723438],[7.094148,50.723674],[7.093973,50.723642],[7.093698,50.723633],[7.093565,50.723595],[7.093531,50.723637],[7.093657,50.723704],[7.093934,50.723748],[7.09402,50.72381],[7.094161,50.723827],[7.094222,50.723857],[7.094327,50.723788],[7.094334,50.723907],[7.094511,50.724218],[7.094497,50.724312],[7.094629,50.724456],[7.095053,50.724355],[7.095063,50.724199],[7.095025,50.724117],[7.094259,50.723425],[7.094065,50.723438]]]},"properties":{"landuse_id":16808,"landuse_code":2645,"landuse":"Grün-/ Parkfläche mit Baumbestand","environment":"urban_green","area_m2":3998}},{"type":"Feature","geometry":{"type":"MultiPolygon","coordinates":[[[[7.097474,50.691312],[7.098525,50.691754],[7.099875,50.691184],[7.099825,50.690964],[7.099876,50.69058],[7.100077,50.690345],[7.100147,50.689856],[7.100054,50.689715],[7.099836,50.689733],[7.099346,50.6897],[7.099064,50.689721],[7.098738,50.689799],[7.098471,50.689913],[7.098146,50.690154],[7.097567,50.690682],[7.096848,50.691027],[7.097474,50.691312]]],[[[7.0999,50.690828],[7.099884,50.690967],[7.09989,50.690992],[7.0999,50.690828]]]]},"properties":{"landuse_id":1697,"landuse_code":2600,"landuse":"Wald","environment":"forest","area_m2":31072}},{"type":"Feature","geometry":{"type":"MultiPolygon","coordinates":[[[[7.068512,50.71827],[7.068607,50.717929],[7.068443,50.718293],[7.068512,50.71827]]],[[[7.06888,50.717692],[7.068868,50.717695],[7.068842,50.717707],[7.06888,50.717692]]],[[[7.068914,50.717687],[7.069292,50.717661],[7.069505,50.71768],[7.069758,50.717721],[7.069975,50.717795],[7.069816,50.718166],[7.071067,50.718269],[7.071162,50.718089],[7.070275,50.717866],[7.069728,50.717691],[7.069383,50.717633],[7.069143,50.71764],[7.068914,50.717687]]]]},"properties":{"landuse_id":16224,"landuse_code":2670,"landuse":"Verkehrsbegleitgrün mit Baumbestand","environment":"urban_green","area_m2":3140}},{"type":"Feature","geometry":{"type":"Polygon","coordinates":[[[7.113178,50.764976],[7.113221,50.765102],[7.113294,50.76574],[7.11352,50.765112],[7.113763,50.764583],[7.113222,50.764869],[7.113175,50.76492],[7.113178,50.764976]]]},"properties":{"landuse_id":2715,"landuse_code":2680,"landuse":"sonstige (kl.) Gehölzfläche","environment":"urban_green","area_m2":1994}},{"type":"Feature","geometry":{"type":"MultiPolygon","coordinates":[[[[7.123094,50.769076],[7.123123,50.768458],[7.123186,50.768386],[7.123184,50.768287],[7.123136,50.768203],[7.122965,50.768043],[7.122543,50.767371],[7.122136,50.767011],[7.121999,50.767084],[7.122181,50.767218],[7.122456,50.767522],[7.122702,50.767893],[7.122756,50.768063],[7.122756,50.76828],[7.122403,50.76897],[7.122312,50.768911],[7.121352,50.768515],[7.120781,50.768325],[7.120672,50.768478],[7.121338,50.76869],[7.122029,50.769018],[7.122438,50.769287],[7.123019,50.769795],[7.12305,50.769777],[7.123094,50.769076]]],[[[7.123181,50.768423],[7.12318,50.768424],[7.123169,50.768476],[7.123165,50.768545],[7.123181,50.768423]]],[[[7.122386,50.769308],[7.122598,50.769475],[7.122126,50.769126],[7.122386,50.769308]]]]},"properties":{"landuse_id":16975,"landuse_code":2680,"landuse":"sonstige (kl.) Gehölzfläche","environment":"urban_green","area_m2":10774}},{"type":"Feature","geometry":{"type":"MultiPolygon","coordinates":[[[[7.065828,50.677518],[7.066371,50.677106],[7.066401,50.677047],[7.063482,50.676172],[7.062964,50.676375],[7.063279,50.676465],[7.06407,50.676919],[7.064198,50.676889],[7.064303,50.67695],[7.064337,50.677036],[7.064922,50.676902],[7.065311,50.677923],[7.065828,50.677518]]],[[[7.061538,50.676889],[7.063376,50.67614],[7.062241,50.675794],[7.061538,50.676889]]]]},"properties":{"landuse_id":303,"landuse_code":2600,"landuse":"Wald","environment":"forest","area_m2":19583}},{"type":"Feature","geometry":{"type":"MultiPolygon","coordinates":[[[[7.072647,50.698859],[7.07261,50.699162],[7.072546,50.699285],[7.072468,50.699319],[7.072362,50.699245],[7.072197,50.699457],[7.072227,50.699526],[7.072737,50.699563],[7.07284,50.699316],[7.072875,50.699107],[7.072849,50.698937],[7.072979,50.698737],[7.073267,50.698572],[7.073498,50.698548],[7.0736,50.698458],[7.07367,50.698331],[7.07387,50.698153],[7.073894,50.698029],[7.073936,50.698019],[7.074223,50.698097],[7.074311,50.698102],[7.074422,50.698079],[7.074494,50.69802],[7.074512,50.69797],[7.074341,50.697801],[7.074314,50.697687],[7.074341,50.697565],[7.074209,50.697794],[7.074003,50.697809],[7.073883,50.697888],[7.074017,50.697972],[7.07419,50.698035],[7.074169,50.698009],[7.074191,50.697989],[7.07438,50.697964],[7.074359,50.698031],[7.074194,50.698059],[7.074027,50.698007],[7.073853,50.69792],[7.073628,50.698208],[7.07336,50.698433],[7.073161,50.698522],[7.072873,50.698554],[7.072796,50.698606],[7.072648,50.6988],[7.072647,50.698859]]],[[[7.072236,50.699158],[7.072035,50.699447],[7.072061,50.699467],[7.072197,50.699401],[7.072291,50.699281],[7.072323,50.699218],[7.072236,50.699158]]]]},"properties":{"landuse_id":16328,"landuse_code":2600,"landuse":"Wald","environment":"forest","area_m2":5081}},{"type":"Feature","geometry":{"type":"Polygon","coordinates":[[[7.118929,50.680414],[7.118947,50.680381],[7.119169,50.680458],[7.119263,50.680211],[7.119271,50.680055],[7.119367,50.679889],[7.119715,50.679454],[7.120037,50.678875],[7.120374,50.678385],[7.120451,50.67822],[7.120561,50.677731],[7.120795,50.677456],[7.120929,50.677375],[7.121344,50.677315],[7.121885,50.677176],[7.122057,50.677159],[7.122201,50.677033],[7.121995,50.677026],[7.121648,50.676848],[7.121419,50.676808],[7.12104,50.676811],[7.120632,50.676759],[7.120574,50.676951],[7.120432,50.677039],[7.120354,50.677129],[7.120349,50.677292],[7.120265,50.677451],[7.120272,50.677736],[7.12033,50.677838],[7.120344,50.678057],[7.120246,50.678338],[7.11967,50.679408],[7.119428,50.67968],[7.119144,50.679872],[7.118929,50.680414]]]},"properties":{"landuse_id":8120,"landuse_code":2600,"landuse":"Wald","environment":"forest","area_m2":10261}},{"type":"Feature","geometry":{"type":"Polygon","coordinates":[[[7.07611,50.69844],[7.076049,50.698776],[7.076855,50.6989],[7.076957,50.698585],[7.07611,50.69844]]]},"properties":{"landuse_id":21999,"landuse_code":2600,"landuse":"Wald","environment":"forest","area_m2":2199}},{"type":"Feature","geometry":{"type":"MultiPolygon","coordinates":[[[[7.076346,50.645369],[7.076258,50.645203],[7.075873,50.643453],[7.075442,50.641815],[7.075281,50.641695],[7.075056,50.641307],[7.074729,50.640518],[7.074728,50.640383],[7.074672,50.6402],[7.06968,50.640875],[7.070641,50.645911],[7.071182,50.648636],[7.071237,50.648725],[7.071376,50.648754],[7.072549,50.648489],[7.08184,50.646314],[7.082189,50.646224],[7.082263,50.646186],[7.081948,50.645474],[7.081787,50.644945],[7.076445,50.645407],[7.076346,50.645369]],[[7.074581,50.643493],[7.074631,50.643472],[7.074737,50.643472],[7.074899,50.643484],[7.074923,50.643502],[7.074589,50.643535],[7.074565,50.643524],[7.074581,50.643493]]],[[[7.076084,50.644136],[7.075564,50.641689],[7.075504,50.641754],[7.076084,50.644136]]],[[[7.075556,50.641653],[7.075179,50.641453],[7.075315,50.641691],[7.07543,50.641774],[7.075556,50.641653]]],[[[7.074783,50.640564],[7.074755,50.64047],[7.074761,50.640502],[7.074771,50.640535],[7.074783,50.640564]]],[[[7.074454,50.640206],[7.073884,50.640281],[7.070685,50.640716],[7.070426,50.640755],[7.072296,50.640501],[7.074076,50.640258],[7.074454,50.640206]]]]},"properties":{"landuse_id":19802,"landuse_code":2600,"landuse":"Wald","environment":"forest","area_m2":415510}},{"type":"Feature","geometry":{"type":"Polygon","coordinates":[[[7.117539,50.710641],[7.117568,50.710622],[7.116503,50.709947],[7.11722,50.709497],[7.117248,50.709351],[7.116324,50.709918],[7.116237,50.709928],[7.117539,50.710641]]]},"properties":{"landuse_id":16838,"landuse_code":2645,"landuse":"Grün-/ Parkfläche mit Baumbestand","environment":"urban_green","area_m2":1686}},{"type":"Feature","geometry":{"type":"Polygon","coordinates":[[[7.083465,50.689531],[7.082738,50.689307],[7.082523,50.689568],[7.082586,50.68957],[7.08258,50.689628],[7.083501,50.689972],[7.083832,50.689643],[7.083465,50.689531]]]},"properties":{"landuse_id":3577,"landuse_code":2680,"landuse":"sonstige (kl.) Gehölzfläche","environment":"urban_green","area_m2":3287}},{"type":"Feature","geometry":{"type":"Polygon","coordinates":[[[7.15995,50.713286],[7.158316,50.714353],[7.157894,50.714448],[7.157657,50.714546],[7.157414,50.714711],[7.156897,50.715326],[7.158568,50.71452],[7.159545,50.713951],[7.159712,50.713511],[7.15995,50.713286]]]},"properties":{"landuse_id":3889,"landuse_code":2645,"landuse":"Grün-/ Parkfläche mit Baumbestand","environment":"urban_green","area_m2":7234}},{"type":"Feature","geometry":{"type":"MultiPolygon","coordinates":[[[[7.170153,50.73246],[7.170153,50.732462],[7.17021,50.732454],[7.170153,50.73246]]],[[[7.170155,50.732499],[7.170117,50.732538],[7.169384,50.732899],[7.168407,50.733485],[7.168063,50.733738],[7.168001,50.733848],[7.168831,50.733671],[7.169298,50.733624],[7.169695,50.733629],[7.170406,50.73372],[7.170456,50.733557],[7.170497,50.733562],[7.170518,50.733503],[7.171466,50.73362],[7.171518,50.733154],[7.171658,50.733007],[7.171608,50.733016],[7.171577,50.732951],[7.172901,50.73273],[7.172985,50.732693],[7.173163,50.732498],[7.171119,50.732443],[7.170505,50.732448],[7.170155,50.732499]]]]},"properties":{"landuse_id":7584,"landuse_code":2600,"landuse":"Wald","environment":"forest","area_m2":26349}},{"type":"Feature","geometry":{"type":"Polygon","coordinates":[[[7.127054,50.743296],[7.126988,50.743569],[7.127219,50.7436],[7.128085,50.743632],[7.129448,50.743887],[7.129637,50.743206],[7.129555,50.743195],[7.129667,50.742802],[7.12768,50.743143],[7.127436,50.743224],[7.127054,50.743296]]]},"properties":{"landuse_id":19563,"landuse_code":2680,"landuse":"sonstige (kl.) Gehölzfläche","environment":"urban_green","area_m2":13142}},{"type":"Feature","geometry":{"type":"Polygon","coordinates":[[[7.057601,50.683275],[7.058608,50.682903],[7.057835,50.682414],[7.057601,50.683275]]]},"properties":{"landuse_id":379,"landuse_code":2600,"landuse":"Wald","environment":"forest","area_m2":3080}},{"type":"Feature","geometry":{"type":"Polygon","coordinates":[[[7.084185,50.743664],[7.084102,50.743738],[7.08416,50.743768],[7.084024,50.743882],[7.084325,50.74402],[7.084995,50.744248],[7.085708,50.744565],[7.08634,50.744932],[7.086513,50.744832],[7.084301,50.743647],[7.084245,50.743696],[7.084185,50.743664]]]},"properties":{"landuse_id":385,"landuse_code":2680,"landuse":"sonstige (kl.) Gehölzfläche","environment":"urban_green","area_m2":4158}},{"type":"Feature","geometry":{"type":"Polygon","coordinates":[[[7.034666,50.704812],[7.034683,50.704829],[7.034819,50.704773],[7.03467,50.704666],[7.034725,50.704674],[7.034978,50.704827],[7.034937,50.704844],[7.035167,50.704951],[7.035757,50.704757],[7.035845,50.704628],[7.035703,50.70423],[7.035524,50.704297],[7.034923,50.704359],[7.034969,50.704557],[7.034675,50.704667],[7.034427,50.704417],[7.034252,50.70437],[7.034163,50.704381],[7.03414,50.704442],[7.034316,50.704951],[7.034666,50.704812]]]},"properties":{"landuse_id":20449,"landuse_code":2600,"landuse":"Wald","environment":"forest","area_m2":5463}},{"type":"Feature","geometry":{"type":"MultiPolygon","coordinates":[[[[7.106957,50.70139],[7.10668,50.701569],[7.106204,50.701729],[7.105879,50.701897],[7.10525,50.702479],[7.104594,50.702575],[7.104378,50.702775],[7.104364,50.702816],[7.104469,50.703036],[7.104533,50.703295],[7.104441,50.703414],[7.10393,50.703785],[7.104632,50.704013],[7.104455,50.704685],[7.103523,50.704695],[7.103397,50.705195],[7.103719,50.705197],[7.104671,50.705621],[7.10527,50.705818],[7.105447,50.705613],[7.105464,50.70553],[7.105444,50.705089],[7.105314,50.704715],[7.10539,50.704512],[7.105538,50.704268],[7.105658,50.704147],[7.105944,50.703989],[7.106015,50.703913],[7.106043,50.703782],[7.105975,50.703538],[7.106036,50.703484],[7.106159,50.703458],[7.106452,50.703494],[7.106901,50.703591],[7.107034,50.703594],[7.107103,50.703559],[7.107142,50.70348],[7.107082,50.702945],[7.10722,50.702726],[7.107362,50.70262],[7.107428,50.702602],[7.107828,50.702666],[7.10795,50.702655],[7.108073,50.702624],[7.108228,50.702515],[7.108342,50.702355],[7.108333,50.702164],[7.108429,50.701937],[7.108416,50.701836],[7.108245,50.701558],[7.108176,50.701349],[7.108238,50.70092],[7.108372,50.700713],[7.108995,50.700572],[7.109056,50.700534],[7.109084,50.700476],[7.109048,50.700322],[7.108821,50.700096],[7.108835,50.699702],[7.10879,50.699639],[7.108622,50.699526],[7.108205,50.699394],[7.108076,50.699233],[7.108074,50.699167],[7.108154,50.699029],[7.108361,50.6988],[7.108763,50.698646],[7.108872,50.698581],[7.108912,50.698526],[7.108882,50.698151],[7.109095,50.697934],[7.109127,50.697836],[7.109214,50.697164],[7.109185,50.696748],[7.109121,50.696527],[7.109048,50.69646],[7.10882,50.696066],[7.108618,50.695849],[7.10852,50.696633],[7.108713,50.696766],[7.108745,50.696844],[7.108711,50.696903],[7.108479,50.697083],[7.108298,50.697645],[7.108103,50.698021],[7.107937,50.698476],[7.107623,50.699025],[7.107691,50.699598],[7.1078,50.699758],[7.107824,50.700041],[7.107551,50.700577],[7.107496,50.700853],[7.107374,50.701116],[7.107277,50.701211],[7.106957,50.70139]]],[[[7.109213,50.696843],[7.109204,50.696811],[7.109201,50.696825],[7.109213,50.696843]]]]},"properties":{"landuse_id":16714,"landuse_code":2600,"landuse":"Wald","environment":"forest","area_m2":101895}},{"type":"Feature","geometry":{"type":"Polygon","coordinates":[[[7.141623,50.752937],[7.141796,50.752946],[7.142635,50.753134],[7.142566,50.753058],[7.142583,50.752974],[7.143241,50.752526],[7.14335,50.752351],[7.142422,50.752384],[7.142016,50.752453],[7.141734,50.752622],[7.141609,50.752877],[7.141591,50.752929],[7.141623,50.752937]]]},"properties":{"landuse_id":4641,"landuse_code":2670,"landuse":"Verkehrsbegleitgrün mit Baumbestand","environment":"urban_green","area_m2":6160}},{"type":"Feature","geometry":{"type":"Polygon","coordinates":[[[7.101798,50.699391],[7.101622,50.699391],[7.101623,50.698875],[7.101365,50.698879],[7.101633,50.69972],[7.101707,50.700101],[7.101773,50.700101],[7.101798,50.699391]]]},"properties":{"landuse_id":19947,"landuse_code":2600,"landuse":"Wald","environment":"forest","area_m2":1625}},{"type":"Feature","geometry":{"type":"Polygon","coordinates":[[[7.053186,50.683007],[7.053048,50.683069],[7.052584,50.68339],[7.053739,50.684007],[7.053961,50.684097],[7.054315,50.68438],[7.054494,50.684314],[7.053812,50.682757],[7.053186,50.683007]]]},"properties":{"landuse_id":390,"landuse_code":2600,"landuse":"Wald","environment":"forest","area_m2":10274}},{"type":"Feature","geometry":{"type":"Polygon","coordinates":[[[7.053487,50.684886],[7.053818,50.68489],[7.054181,50.685061],[7.054302,50.68517],[7.054575,50.68514],[7.054233,50.68461],[7.053487,50.684886]]]},"properties":{"landuse_id":409,"landuse_code":2600,"landuse":"Wald","environment":"forest","area_m2":1893}},{"type":"Feature","geometry":{"type":"Polygon","coordinates":[[[7.055077,50.684106],[7.054251,50.683457],[7.054594,50.684281],[7.055077,50.684106]]]},"properties":{"landuse_id":411,"landuse_code":2600,"landuse":"Wald","environment":"forest","area_m2":1801}},{"type":"Feature","geometry":{"type":"Polygon","coordinates":[[[7.054972,50.685043],[7.056402,50.684669],[7.056468,50.684429],[7.054841,50.684801],[7.054972,50.685043]]]},"properties":{"landuse_id":3591,"landuse_code":2600,"landuse":"Wald","environment":"forest","area_m2":2947}},{"type":"Feature","geometry":{"type":"MultiPolygon","coordinates":[[[[7.117655,50.766915],[7.119003,50.765496],[7.117653,50.76514],[7.117561,50.765242],[7.117253,50.76545],[7.117669,50.765796],[7.117749,50.76604],[7.117698,50.766168],[7.117378,50.766439],[7.117092,50.76663],[7.116159,50.766639],[7.115808,50.766395],[7.115719,50.76623],[7.115705,50.76584],[7.115855,50.765703],[7.115962,50.765641],[7.116426,50.765844],[7.116583,50.765795],[7.117427,50.765302],[7.117607,50.765128],[7.117288,50.765038],[7.117068,50.764573],[7.114722,50.765789],[7.114528,50.766553],[7.114284,50.766565],[7.115519,50.767563],[7.115814,50.767699],[7.116114,50.767761],[7.116146,50.767543],[7.116464,50.767522],[7.116638,50.766817],[7.117655,50.766915]]],[[[7.115886,50.767749],[7.115945,50.767763],[7.116012,50.767776],[7.116043,50.767779],[7.116022,50.767776],[7.115989,50.767771],[7.115956,50.767764],[7.115939,50.767761],[7.115906,50.767754],[7.115879,50.767747],[7.115886,50.767749]]]]},"properties":{"landuse_id":1786,"landuse_code":2680,"landuse":"sonstige (kl.) Gehölzfläche","environment":"urban_green","area_m2":45244}},{"type":"Feature","geometry":{"type":"Polygon","coordinates":[[[7.140598,50.714133],[7.140404,50.714146],[7.140272,50.714183],[7.140202,50.714243],[7.140242,50.714376],[7.140321,50.714415],[7.140446,50.714427],[7.140736,50.714323],[7.140598,50.714133]]]},"properties":{"landuse_id":7981,"landuse_code":2645,"landuse":"Grün-/ Parkfläche mit Baumbestand","environment":"urban_green","area_m2":880}},{"type":"Feature","geometry":{"type":"Polygon","coordinates":[[[7.180315,50.656436],[7.179537,50.65607],[7.179448,50.656004],[7.17932,50.655739],[7.179106,50.655553],[7.178559,50.655337],[7.178101,50.65506],[7.178173,50.655125],[7.178154,50.655138],[7.177614,50.654712],[7.177469,50.654622],[7.17728,50.654563],[7.177304,50.654551],[7.177486,50.654607],[7.177625,50.654694],[7.177537,50.654609],[7.178322,50.654235],[7.17983,50.655189],[7.180123,50.655045],[7.18055,50.655377],[7.180938,50.655213],[7.180325,50.654764],[7.180522,50.65464],[7.181198,50.655127],[7.181397,50.655053],[7.181101,50.654756],[7.180499,50.654413],[7.180643,50.654307],[7.179988,50.654088],[7.179748,50.653972],[7.179517,50.653836],[7.179384,50.65371],[7.17905,50.653484],[7.179014,50.653472],[7.178355,50.653824],[7.177953,50.653633],[7.17773,50.653825],[7.177937,50.653962],[7.177783,50.654171],[7.177438,50.654057],[7.177001,50.653956],[7.176551,50.654004],[7.176537,50.653938],[7.176708,50.653912],[7.176997,50.6538],[7.176789,50.653794],[7.175777,50.653583],[7.175745,50.65361],[7.175917,50.653702],[7.175889,50.653759],[7.175828,50.653738],[7.175802,50.653772],[7.17552,50.653678],[7.175209,50.653904],[7.175026,50.653915],[7.175474,50.654003],[7.175665,50.654124],[7.175975,50.654239],[7.176223,50.654281],[7.176295,50.654276],[7.176248,50.654246],[7.176426,50.654101],[7.176764,50.654052],[7.177036,50.654059],[7.177293,50.654105],[7.177453,50.654145],[7.17759,50.654213],[7.177124,50.654491],[7.177033,50.654457],[7.177097,50.654486],[7.177074,50.654499],[7.176515,50.654279],[7.176221,50.6543],[7.176012,50.654274],[7.175647,50.654138],[7.175459,50.654019],[7.174955,50.653919],[7.175337,50.654053],[7.176064,50.654372],[7.176606,50.654418],[7.177203,50.654646],[7.177417,50.654691],[7.17778,50.654976],[7.178082,50.65526],[7.178323,50.655332],[7.178513,50.655466],[7.178912,50.655582],[7.179039,50.655649],[7.179512,50.656186],[7.179967,50.656353],[7.180434,50.656588],[7.180315,50.656436]]]},"properties":{"landuse_id":17970,"landuse_code":2600,"landuse":"Wald","environment":"forest","area_m2":34024}},{"type":"Feature","geometry":{"type":"MultiPolygon","coordinates":[[[[7.135781,50.656322],[7.136101,50.656423],[7.136886,50.656449],[7.137234,50.656558],[7.137539,50.656754],[7.137416,50.656376],[7.137028,50.655884],[7.137016,50.65577],[7.137094,50.655501],[7.137074,50.655394],[7.137002,50.655307],[7.136709,50.655083],[7.136596,50.654772],[7.136532,50.654679],[7.136026,50.65429],[7.135238,50.653369],[7.134877,50.653014],[7.133663,50.652469],[7.133534,50.652516],[7.133346,50.652719],[7.132761,50.653158],[7.132116,50.653504],[7.131718,50.653947],[7.131612,50.654215],[7.131484,50.654364],[7.131192,50.654519],[7.13061,50.654998],[7.130618,50.655024],[7.1311,50.655148],[7.131318,50.655295],[7.131517,50.655364],[7.131716,50.655359],[7.131998,50.655305],[7.13223,50.6553],[7.132401,50.655337],[7.132597,50.655349],[7.132886,50.655281],[7.134186,50.655254],[7.133936,50.654926],[7.133939,50.654859],[7.134052,50.654652],[7.134078,50.654509],[7.134474,50.654374],[7.135165,50.654475],[7.135845,50.654747],[7.136063,50.654799],[7.136049,50.654915],[7.135589,50.654909],[7.134415,50.655321],[7.134594,50.655372],[7.13476,50.655481],[7.134909,50.655808],[7.135068,50.655974],[7.13527,50.65612],[7.135565,50.656218],[7.135781,50.656322]]],[[[7.133138,50.652771],[7.132524,50.652911],[7.132289,50.653247],[7.131945,50.653617],[7.132079,50.653485],[7.132736,50.653138],[7.133303,50.652711],[7.133502,50.652499],[7.133621,50.65245],[7.133518,50.652404],[7.133138,50.652771]]],[[[7.130736,50.654842],[7.13064,50.65493],[7.130845,50.654761],[7.130736,50.654842]]]]},"properties":{"landuse_id":2380,"landuse_code":2600,"landuse":"Wald","environment":"forest","area_m2":93397}},{"type":"Feature","geometry":{"type":"Polygon","coordinates":[[[7.175127,50.684356],[7.174593,50.684141],[7.173929,50.685209],[7.174256,50.685285],[7.174723,50.684757],[7.175127,50.684356]]]},"properties":{"landuse_id":500,"landuse_code":2680,"landuse":"sonstige (kl.) Gehölzfläche","environment":"urban_green","area_m2":4131}},{"type":"Feature","geometry":{"type":"MultiPolygon","coordinates":[[[[7.16093,50.713582],[7.160395,50.714082],[7.160992,50.71353],[7.16093,50.713582]]],[[[7.159971,50.71448],[7.159982,50.714485],[7.160032,50.714438],[7.160021,50.714433],[7.159971,50.71448]]],[[[7.160331,50.714572],[7.160228,50.714482],[7.160197,50.714397],[7.160379,50.714137],[7.160048,50.714511],[7.160331,50.714572]]],[[[7.160292,50.714476],[7.160259,50.714397],[7.160279,50.714341],[7.160251,50.714413],[7.160308,50.714494],[7.160292,50.714476]]],[[[7.161327,50.713342],[7.161326,50.713343],[7.16116,50.713499],[7.16094,50.713705],[7.160665,50.713961],[7.160441,50.714175],[7.160377,50.714239],[7.160302,50.714317],[7.161327,50.713342]]]]},"properties":{"landuse_id":423,"landuse_code":2680,"landuse":"sonstige (kl.) Gehölzfläche","environment":"urban_green","area_m2":266}},{"type":"Feature","geometry":{"type":"Polygon","coordinates":[[[7.178421,50.652508],[7.178675,50.652608],[7.178779,50.652622],[7.178898,50.6526],[7.17902,50.652517],[7.179037,50.652476],[7.178939,50.652241],[7.17887,50.652211],[7.17866,50.652233],[7.178672,50.652253],[7.178808,50.652252],[7.178888,50.652313],[7.178902,50.652446],[7.17883,50.652517],[7.178699,50.652537],[7.178442,50.652481],[7.178421,50.652508]]]},"properties":{"landuse_id":22884,"landuse_code":2680,"landuse":"sonstige (kl.) Gehölzfläche","environment":"urban_green","area_m2":618}},{"type":"Feature","geometry":{"type":"Polygon","coordinates":[[[7.13774,50.716244],[7.137908,50.716267],[7.138087,50.716211],[7.138141,50.716114],[7.138078,50.716025],[7.137996,50.716005],[7.137889,50.716011],[7.137717,50.716085],[7.137686,50.716192],[7.13774,50.716244]]]},"properties":{"landuse_id":7983,"landuse_code":2645,"landuse":"Grün-/ Parkfläche mit Baumbestand","environment":"urban_green","area_m2":726}},{"type":"Feature","geometry":{"type":"Polygon","coordinates":[[[7.194334,50.716183],[7.193734,50.71569],[7.193712,50.715607],[7.192682,50.716357],[7.193031,50.71652],[7.193622,50.716723],[7.194334,50.716183]]]},"properties":{"landuse_id":3913,"landuse_code":2600,"landuse":"Wald","environment":"forest","area_m2":7125}},{"type":"Feature","geometry":{"type":"Polygon","coordinates":[[[7.196105,50.644217],[7.195976,50.644254],[7.195917,50.64437],[7.195932,50.644404],[7.195597,50.64479],[7.195693,50.644801],[7.195996,50.644769],[7.196259,50.64442],[7.196105,50.644217]]]},"properties":{"landuse_id":21374,"landuse_code":2680,"landuse":"sonstige (kl.) Gehölzfläche","environment":"urban_green","area_m2":1397}},{"type":"Feature","geometry":{"type":"MultiPolygon","coordinates":[[[[7.118716,50.697282],[7.118569,50.697408],[7.118255,50.697417],[7.117957,50.697483],[7.117827,50.697538],[7.117761,50.697514],[7.117743,50.697357],[7.117482,50.69721],[7.117666,50.696887],[7.117846,50.696781],[7.117984,50.696866],[7.118261,50.696664],[7.117947,50.696476],[7.118103,50.69638],[7.118049,50.696196],[7.1182,50.695984],[7.117754,50.695665],[7.118124,50.695428],[7.118433,50.695605],[7.118704,50.695379],[7.119149,50.695645],[7.119423,50.695453],[7.119876,50.695671],[7.120962,50.694887],[7.121173,50.694835],[7.121709,50.694596],[7.121573,50.694522],[7.121537,50.694455],[7.121349,50.694352],[7.120955,50.694559],[7.120499,50.69456],[7.120324,50.694603],[7.120034,50.694565],[7.12025,50.694315],[7.119264,50.693879],[7.119065,50.694015],[7.11876,50.693782],[7.118316,50.693667],[7.118209,50.693504],[7.118421,50.693353],[7.117788,50.693143],[7.117432,50.692998],[7.117638,50.692763],[7.114621,50.692429],[7.114561,50.692437],[7.114419,50.692487],[7.114361,50.692559],[7.114394,50.692676],[7.114491,50.692773],[7.114811,50.692829],[7.1152,50.692784],[7.115441,50.692826],[7.115422,50.692849],[7.11585,50.692976],[7.116232,50.692967],[7.116417,50.69326],[7.116083,50.693221],[7.115923,50.693297],[7.115473,50.693376],[7.115475,50.69346],[7.114913,50.693507],[7.114715,50.693458],[7.114554,50.693352],[7.114439,50.693076],[7.114254,50.693035],[7.112156,50.691292],[7.113645,50.690393],[7.113499,50.690286],[7.11344,50.690277],[7.112918,50.69058],[7.112452,50.69043],[7.112293,50.690423],[7.1121,50.690493],[7.111536,50.690791],[7.111103,50.690903],[7.110863,50.6909],[7.110549,50.690803],[7.110315,50.690776],[7.110159,50.690702],[7.109887,50.690499],[7.109573,50.690324],[7.109516,50.690251],[7.109486,50.690114],[7.109519,50.690016],[7.109681,50.689693],[7.109855,50.68952],[7.109816,50.689461],[7.109695,50.689387],[7.109141,50.688607],[7.108151,50.687455],[7.107578,50.687806],[7.10729,50.687656],[7.107158,50.687651],[7.107019,50.687871],[7.106997,50.68801],[7.107203,50.688326],[7.107488,50.689195],[7.107461,50.689406],[7.107206,50.689824],[7.107447,50.690523],[7.107401,50.690656],[7.107285,50.690768],[7.106871,50.690971],[7.106388,50.691543],[7.106353,50.691657],[7.106173,50.691833],[7.106194,50.692009],[7.106085,50.692245],[7.106792,50.692363],[7.107931,50.692671],[7.108432,50.692659],[7.108773,50.692712],[7.109366,50.692848],[7.109941,50.692874],[7.110361,50.692923],[7.110749,50.693044],[7.111113,50.693232],[7.111459,50.693355],[7.112237,50.693467],[7.112382,50.693471],[7.112655,50.69343],[7.112735,50.693448],[7.113022,50.69365],[7.113101,50.693734],[7.113317,50.693861],[7.113629,50.694198],[7.112561,50.69426],[7.111958,50.694396],[7.111211,50.694532],[7.110877,50.694669],[7.110419,50.694926],[7.110076,50.695015],[7.109772,50.695144],[7.109578,50.695267],[7.109289,50.695401],[7.10866,50.695803],[7.108873,50.696051],[7.109113,50.696438],[7.109281,50.696565],[7.109894,50.696532],[7.110558,50.696581],[7.110781,50.696554],[7.110893,50.696515],[7.111053,50.696425],[7.111275,50.696202],[7.111461,50.696111],[7.111644,50.69606],[7.111841,50.696053],[7.112197,50.696138],[7.112762,50.696157],[7.11283,50.696205],[7.11285,50.696271],[7.112817,50.696361],[7.112742,50.696434],[7.112598,50.696518],[7.112409,50.696582],[7.112052,50.696606],[7.112,50.696655],[7.112028,50.696722],[7.112407,50.696835],[7.112437,50.696874],[7.112422,50.69698],[7.112684,50.697031],[7.112945,50.697145],[7.113492,50.697273],[7.114068,50.697571],[7.114113,50.697693],[7.114551,50.697868],[7.114643,50.697781],[7.115061,50.698],[7.114753,50.69828],[7.115954,50.698768],[7.116362,50.698908],[7.116433,50.698953],[7.116467,50.698937],[7.116545,50.698988],[7.116712,50.698924],[7.116855,50.698832],[7.11732,50.698418],[7.117697,50.698179],[7.11763,50.698125],[7.117625,50.698063],[7.117709,50.698047],[7.117773,50.697976],[7.117659,50.697938],[7.117658,50.697907],[7.117904,50.697869],[7.117906,50.697845],[7.117758,50.697757],[7.117754,50.697657],[7.117839,50.697671],[7.118114,50.697828],[7.118292,50.697756],[7.118846,50.697615],[7.1191,50.697496],[7.118716,50.697282]],[[7.118909,50.694132],[7.118615,50.694318],[7.118386,50.694183],[7.118709,50.693997],[7.118909,50.694132]],[[7.117189,50.697425],[7.116978,50.697481],[7.116926,50.697474],[7.116613,50.697341],[7.116594,50.697308],[7.116643,50.697197],[7.116638,50.697122],[7.117297,50.697449],[7.117189,50.697425]],[[7.116297,50.696855],[7.116138,50.696883],[7.115943,50.696727],[7.115946,50.696668],[7.115692,50.696541],[7.115969,50.696514],[7.11628,50.696527],[7.116387,50.696707],[7.116388,50.696848],[7.116535,50.696907],[7.116297,50.696855]],[[7.116771,50.696989],[7.116693,50.697045],[7.116561,50.696968],[7.116535,50.696907],[7.116771,50.696989]],[[7.112194,50.695388],[7.112255,50.695388],[7.112283,50.695423],[7.112262,50.695458],[7.11219,50.695452],[7.112194,50.695388]]],[[[7.114367,50.692725],[7.114381,50.692738],[7.114359,50.692708],[7.114367,50.692725]]],[[[7.114394,50.692751],[7.114395,50.692751],[7.114389,50.692746],[7.114394,50.692751]]],[[[7.112252,50.688753],[7.112253,50.688702],[7.112364,50.688625],[7.112414,50.688549],[7.11242,50.688442],[7.112193,50.687668],[7.112091,50.687457],[7.111958,50.687314],[7.110246,50.68615],[7.108201,50.687424],[7.109196,50.688589],[7.10973,50.68937],[7.109849,50.689439],[7.109905,50.689522],[7.109715,50.689707],[7.109659,50.689863],[7.10956,50.690015],[7.109526,50.690123],[7.109554,50.690239],[7.109707,50.690374],[7.109922,50.690483],[7.110185,50.690682],[7.110331,50.69075],[7.110558,50.69077],[7.110875,50.690869],[7.11112,50.690872],[7.111498,50.690765],[7.111972,50.690499],[7.112237,50.690382],[7.112399,50.690355],[7.112897,50.690499],[7.113446,50.690168],[7.113477,50.690041],[7.113671,50.689701],[7.113671,50.689601],[7.113491,50.68926],[7.113239,50.689087],[7.112908,50.688972],[7.112259,50.688812],[7.112252,50.688753]]]]},"properties":{"landuse_id":20869,"landuse_code":2600,"landuse":"Wald","environment":"forest","area_m2":565761}},{"type":"Feature","geometry":{"type":"Polygon","coordinates":[[[7.061784,50.68527],[7.062227,50.685338],[7.062651,50.685316],[7.062774,50.685354],[7.063047,50.685503],[7.063272,50.685081],[7.062622,50.685],[7.061991,50.684966],[7.061637,50.684619],[7.061492,50.684631],[7.061218,50.684504],[7.060787,50.684377],[7.06055,50.684118],[7.060373,50.684152],[7.060409,50.684481],[7.060558,50.684481],[7.060637,50.684642],[7.061441,50.68512],[7.061659,50.685291],[7.061784,50.68527]]]},"properties":{"landuse_id":3920,"landuse_code":2600,"landuse":"Wald","environment":"forest","area_m2":9001}},{"type":"Feature","geometry":{"type":"Polygon","coordinates":[[[7.188508,50.668518],[7.187939,50.668308],[7.187669,50.668618],[7.188224,50.668818],[7.188508,50.668518]]]},"properties":{"landuse_id":3926,"landuse_code":2680,"landuse":"sonstige (kl.) Gehölzfläche","environment":"urban_green","area_m2":1787}},{"type":"Feature","geometry":{"type":"Polygon","coordinates":[[[7.136584,50.654683],[7.136747,50.655071],[7.137035,50.65529],[7.137114,50.655385],[7.137137,50.655503],[7.13706,50.655764],[7.137073,50.655887],[7.137459,50.656373],[7.13759,50.656779],[7.137987,50.657112],[7.138428,50.657545],[7.138852,50.657729],[7.139099,50.657142],[7.139621,50.656351],[7.139906,50.655597],[7.138988,50.655313],[7.138367,50.655279],[7.1374,50.655056],[7.136584,50.654683]]]},"properties":{"landuse_id":2517,"landuse_code":2600,"landuse":"Wald","environment":"forest","area_m2":37187}},{"type":"Feature","geometry":{"type":"Polygon","coordinates":[[[7.104804,50.694948],[7.104782,50.695105],[7.10547,50.69539],[7.105564,50.695317],[7.104804,50.694948]]]},"properties":{"landuse_id":13623,"landuse_code":2600,"landuse":"Wald","environment":"forest","area_m2":805}},{"type":"Feature","geometry":{"type":"MultiPolygon","coordinates":[[[[7.066177,50.737843],[7.066109,50.737965],[7.066179,50.737972],[7.06629,50.737895],[7.066177,50.737843]]],[[[7.067256,50.738292],[7.067275,50.73823],[7.067211,50.738184],[7.066921,50.738122],[7.067066,50.738171],[7.067256,50.738292]]]]},"properties":{"landuse_id":7682,"landuse_code":2680,"landuse":"sonstige (kl.) Gehölzfläche","environment":"urban_green","area_m2":190}},{"type":"Feature","geometry":{"type":"Polygon","coordinates":[[[7.039668,50.707446],[7.039731,50.707407],[7.03967,50.707297],[7.039908,50.707137],[7.03967,50.707044],[7.039296,50.706948],[7.039214,50.707074],[7.0393,50.707105],[7.039217,50.707237],[7.03944,50.707312],[7.039668,50.707446]]]},"properties":{"landuse_id":9351,"landuse_code":2680,"landuse":"sonstige (kl.) Gehölzfläche","environment":"urban_green","area_m2":1398}},{"type":"Feature","geometry":{"type":"Polygon","coordinates":[[[7.165312,50.754636],[7.165758,50.754368],[7.164868,50.753745],[7.164657,50.753536],[7.164588,50.753405],[7.164631,50.753673],[7.164785,50.754038],[7.165039,50.754383],[7.165312,50.754636]]]},"properties":{"landuse_id":6338,"landuse_code":2680,"landuse":"sonstige (kl.) Gehölzfläche","environment":"urban_green","area_m2":3471}},{"type":"Feature","geometry":{"type":"Polygon","coordinates":[[[7.072614,50.729963],[7.072171,50.730386],[7.072138,50.73047],[7.072141,50.730993],[7.071997,50.730921],[7.0719,50.730916],[7.071751,50.730963],[7.071335,50.730978],[7.071194,50.731029],[7.071213,50.731086],[7.071698,50.731384],[7.071618,50.731734],[7.071672,50.731789],[7.071317,50.731959],[7.071351,50.73198],[7.071258,50.732042],[7.071266,50.732069],[7.071211,50.732036],[7.071189,50.73205],[7.071675,50.732312],[7.072096,50.731982],[7.073209,50.730955],[7.073127,50.730949],[7.072864,50.730834],[7.072917,50.730788],[7.072382,50.730538],[7.072899,50.730101],[7.072614,50.729963]],[[7.072406,50.731027],[7.072328,50.73095],[7.072338,50.730883],[7.072479,50.730881],[7.072703,50.73095],[7.072763,50.730994],[7.07277,50.731043],[7.07272,50.731162],[7.072668,50.731207],[7.072586,50.731215],[7.072474,50.731183],[7.072406,50.731027]]]},"properties":{"landuse_id":11254,"landuse_code":2680,"landuse":"sonstige (kl.) Gehölzfläche","environment":"urban_green","area_m2":13379}},{"type":"Feature","geometry":{"type":"MultiPolygon","coordinates":[[[[7.168823,50.73542],[7.169185,50.735573],[7.169871,50.734794],[7.170214,50.734508],[7.170662,50.734258],[7.171261,50.734032],[7.171244,50.733953],[7.171306,50.73388],[7.169596,50.733676],[7.169442,50.733674],[7.168853,50.733716],[7.168041,50.733895],[7.168981,50.734636],[7.168134,50.735208],[7.168303,50.735312],[7.168623,50.735105],[7.168961,50.735315],[7.168823,50.73542]]],[[[7.170155,50.73369],[7.169946,50.733656],[7.169819,50.733641],[7.169695,50.733629],[7.169641,50.733626],[7.170155,50.73369]]],[[[7.169579,50.733623],[7.169189,50.73363],[7.168869,50.733668],[7.169579,50.733623]]],[[[7.168786,50.733681],[7.168779,50.733682],[7.168615,50.733713],[7.168451,50.73375],[7.168371,50.733771],[7.168786,50.733681]]]]},"properties":{"landuse_id":17568,"landuse_code":2600,"landuse":"Wald","environment":"forest","area_m2":22773}},{"type":"Feature","geometry":{"type":"Polygon","coordinates":[[[7.117297,50.697449],[7.116638,50.697122],[7.116643,50.697197],[7.116594,50.697308],[7.116613,50.697341],[7.116926,50.697474],[7.116978,50.697481],[7.117189,50.697425],[7.117297,50.697449]]]},"properties":{"landuse_id":8082,"landuse_code":2600,"landuse":"Wald","environment":"forest","area_m2":800}},{"type":"Feature","geometry":{"type":"Polygon","coordinates":[[[7.141315,50.712657],[7.140982,50.71274],[7.140533,50.712944],[7.140618,50.713065],[7.141196,50.712886],[7.141835,50.712811],[7.142223,50.712719],[7.14262,50.712556],[7.143037,50.712258],[7.14285,50.712119],[7.142514,50.712382],[7.142139,50.712554],[7.141955,50.712606],[7.141315,50.712657]]]},"properties":{"landuse_id":3741,"landuse_code":2645,"landuse":"Grün-/ Parkfläche mit Baumbestand","environment":"urban_green","area_m2":3845}},{"type":"Feature","geometry":{"type":"Polygon","coordinates":[[[7.173393,50.65279],[7.173359,50.652762],[7.173727,50.654039],[7.173955,50.654266],[7.174589,50.654748],[7.174897,50.654273],[7.174697,50.654111],[7.174564,50.654059],[7.174334,50.654013],[7.17458,50.653702],[7.173943,50.653307],[7.173393,50.65279]]]},"properties":{"landuse_id":3749,"landuse_code":2600,"landuse":"Wald","environment":"forest","area_m2":8566}},{"type":"Feature","geometry":{"type":"Polygon","coordinates":[[[7.040763,50.690669],[7.043984,50.689293],[7.046742,50.688175],[7.046792,50.687355],[7.046604,50.687425],[7.046598,50.687395],[7.043868,50.688379],[7.044021,50.688377],[7.042728,50.688849],[7.042955,50.689091],[7.042503,50.689285],[7.042264,50.689334],[7.042278,50.689463],[7.042345,50.689576],[7.04211,50.689658],[7.041691,50.689229],[7.041114,50.689442],[7.041471,50.689811],[7.040992,50.689976],[7.040666,50.689607],[7.03896,50.690237],[7.039123,50.690435],[7.038881,50.690513],[7.03872,50.690325],[7.037104,50.690921],[7.037454,50.691304],[7.037518,50.691277],[7.037778,50.69157],[7.039663,50.690901],[7.039784,50.69114],[7.040763,50.690669]],[[7.043828,50.688732],[7.044152,50.688595],[7.044313,50.688777],[7.044001,50.688909],[7.043828,50.688732]]]},"properties":{"landuse_id":21896,"landuse_code":2600,"landuse":"Wald","environment":"forest","area_m2":64298}},{"type":"Feature","geometry":{"type":"MultiPolygon","coordinates":[[[[7.033543,50.713378],[7.033187,50.713264],[7.033088,50.713206],[7.034004,50.713039],[7.033965,50.712954],[7.034818,50.712779],[7.035196,50.713067],[7.035116,50.7132],[7.034921,50.713332],[7.034386,50.713605],[7.034494,50.713643],[7.035306,50.713573],[7.035062,50.713295],[7.035368,50.713157],[7.035393,50.713179],[7.035278,50.71323],[7.035621,50.713115],[7.035844,50.713502],[7.037177,50.713247],[7.037156,50.713205],[7.037324,50.713166],[7.037473,50.712763],[7.037375,50.712749],[7.037382,50.71273],[7.037034,50.71262],[7.037018,50.712718],[7.037092,50.712878],[7.037037,50.713123],[7.036946,50.713133],[7.036581,50.713288],[7.036384,50.713298],[7.036266,50.713267],[7.036144,50.713148],[7.036102,50.712906],[7.036166,50.712767],[7.036446,50.712517],[7.036494,50.712441],[7.035898,50.712075],[7.035804,50.711922],[7.035087,50.711863],[7.034522,50.711851],[7.033676,50.711889],[7.032987,50.71197],[7.033071,50.712088],[7.033579,50.712016],[7.033758,50.712548],[7.033266,50.712613],[7.033007,50.713065],[7.033024,50.713165],[7.033131,50.713268],[7.033543,50.713378]],[[7.035328,50.712797],[7.035392,50.712789],[7.035464,50.712856],[7.035476,50.712882],[7.035407,50.712936],[7.035338,50.712942],[7.035328,50.712797]]],[[[7.034371,50.713613],[7.034358,50.71362],[7.034404,50.71365],[7.034429,50.713648],[7.034371,50.713613]]],[[[7.037625,50.712732],[7.037529,50.712714],[7.037401,50.713064],[7.037498,50.713079],[7.037625,50.712732]]],[[[7.032867,50.71328],[7.032903,50.713304],[7.032997,50.713246],[7.033203,50.713379],[7.033257,50.713384],[7.033326,50.713427],[7.033341,50.713502],[7.033305,50.713593],[7.033409,50.713636],[7.033613,50.713443],[7.033186,50.713326],[7.033027,50.713236],[7.032983,50.713173],[7.032946,50.713012],[7.033109,50.712832],[7.033219,50.712619],[7.033104,50.712634],[7.033142,50.712755],[7.033075,50.71281],[7.032437,50.7129],[7.032272,50.712445],[7.032508,50.712411],[7.032422,50.712181],[7.03302,50.712096],[7.032931,50.711979],[7.03211,50.712143],[7.031926,50.71219],[7.031917,50.712223],[7.032331,50.712908],[7.032452,50.71302],[7.032673,50.713035],[7.032961,50.713222],[7.032867,50.71328]]]]},"properties":{"landuse_id":11291,"landuse_code":2645,"landuse":"Grün-/ Parkfläche mit Baumbestand","environment":"urban_green","area_m2":34415}},{"type":"Feature","geometry":{"type":"MultiPolygon","coordinates":[[[[7.160227,50.724279],[7.160368,50.724356],[7.16048,50.724487],[7.160537,50.724597],[7.160502,50.7246],[7.160533,50.724669],[7.160671,50.724865],[7.160896,50.724821],[7.161113,50.725313],[7.160811,50.725393],[7.160817,50.725487],[7.160733,50.725556],[7.1606,50.725559],[7.16049,50.725498],[7.16043,50.725516],[7.160692,50.725878],[7.160332,50.725986],[7.16063,50.726201],[7.160815,50.726073],[7.161012,50.725883],[7.161145,50.7257],[7.161247,50.725486],[7.161143,50.725362],[7.161094,50.725229],[7.161128,50.725042],[7.161276,50.72488],[7.161161,50.724665],[7.160864,50.724373],[7.160481,50.72417],[7.159786,50.723901],[7.158861,50.723629],[7.159153,50.724057],[7.15921,50.724078],[7.159417,50.724074],[7.159593,50.724098],[7.160029,50.724202],[7.160227,50.724279]]],[[[7.159516,50.723735],[7.159101,50.723569],[7.15908,50.723599],[7.159516,50.723735]]]]},"properties":{"landuse_id":6316,"landuse_code":2680,"landuse":"sonstige (kl.) Gehölzfläche","environment":"urban_green","area_m2":9036}},{"type":"Feature","geometry":{"type":"Polygon","coordinates":[[[7.104027,50.694545],[7.103754,50.694395],[7.103234,50.694176],[7.102519,50.694664],[7.100902,50.695349],[7.100497,50.695588],[7.100181,50.695741],[7.099762,50.69604],[7.09982,50.69607],[7.100213,50.695967],[7.101063,50.695834],[7.101256,50.695826],[7.101547,50.695868],[7.102148,50.695312],[7.102924,50.69474],[7.103163,50.694633],[7.103444,50.69456],[7.103707,50.694533],[7.104027,50.694545]]]},"properties":{"landuse_id":4359,"landuse_code":2600,"landuse":"Wald","environment":"forest","area_m2":13188}},{"type":"Feature","geometry":{"type":"Polygon","coordinates":[[[7.137535,50.714876],[7.137645,50.714964],[7.13773,50.714981],[7.13787,50.714947],[7.137943,50.714869],[7.137926,50.714732],[7.137872,50.714642],[7.137781,50.714564],[7.137639,50.714526],[7.137518,50.71456],[7.137464,50.714659],[7.137461,50.714725],[7.137535,50.714876]]]},"properties":{"landuse_id":7437,"landuse_code":2645,"landuse":"Grün-/ Parkfläche mit Baumbestand","environment":"urban_green","area_m2":1298}},{"type":"Feature","geometry":{"type":"Polygon","coordinates":[[[7.046571,50.731714],[7.044389,50.732161],[7.044649,50.732735],[7.044791,50.732854],[7.044834,50.73285],[7.046655,50.731835],[7.046679,50.7318],[7.046571,50.731714]]]},"properties":{"landuse_id":3599,"landuse_code":2475,"landuse":"Grünland (Landwirtschaft) mit Baumbestand","environment":"urban_green","area_m2":8103}},{"type":"Feature","geometry":{"type":"Polygon","coordinates":[[[7.139509,50.758076],[7.139902,50.757284],[7.140046,50.757224],[7.140152,50.757237],[7.14178,50.757789],[7.141906,50.757629],[7.141084,50.757295],[7.140867,50.757279],[7.140136,50.757012],[7.139938,50.756978],[7.139944,50.75713],[7.139509,50.758076]]]},"properties":{"landuse_id":17051,"landuse_code":2680,"landuse":"sonstige (kl.) Gehölzfläche","environment":"urban_green","area_m2":3484}},{"type":"Feature","geometry":{"type":"MultiPolygon","coordinates":[[[[7.140465,50.720506],[7.1407,50.720712],[7.14098,50.720668],[7.141184,50.720689],[7.141332,50.720739],[7.141557,50.720873],[7.141721,50.720871],[7.141913,50.720697],[7.142135,50.720579],[7.142717,50.720512],[7.142707,50.720398],[7.142628,50.720269],[7.141956,50.720214],[7.141304,50.720371],[7.140465,50.720506]]],[[[7.143735,50.719751],[7.143821,50.719749],[7.143843,50.719738],[7.143802,50.719744],[7.143735,50.719751]]],[[[7.144281,50.719343],[7.1432,50.719592],[7.140262,50.720323],[7.140445,50.720488],[7.141197,50.720365],[7.142316,50.720107],[7.143671,50.719717],[7.144422,50.719549],[7.144281,50.719343]]]]},"properties":{"landuse_id":17114,"landuse_code":2645,"landuse":"Grün-/ Parkfläche mit Baumbestand","environment":"urban_green","area_m2":14300}},{"type":"Feature","geometry":{"type":"Polygon","coordinates":[[[7.085779,50.688895],[7.08576,50.688911],[7.085627,50.688901],[7.085519,50.68936],[7.0865,50.689831],[7.087228,50.690385],[7.087305,50.690238],[7.08845,50.690634],[7.088908,50.691055],[7.089557,50.691782],[7.089947,50.691755],[7.089867,50.691667],[7.089814,50.691474],[7.089664,50.691253],[7.089462,50.691085],[7.089244,50.690812],[7.088973,50.690394],[7.088548,50.690199],[7.088364,50.690149],[7.087853,50.690072],[7.087681,50.690054],[7.087394,50.690061],[7.087308,50.690032],[7.087005,50.689782],[7.086606,50.689531],[7.086331,50.689227],[7.086204,50.689131],[7.085992,50.688993],[7.085779,50.688895]]]},"properties":{"landuse_id":3607,"landuse_code":2600,"landuse":"Wald","environment":"forest","area_m2":16072}},{"type":"Feature","geometry":{"type":"Polygon","coordinates":[[[7.087692,50.685266],[7.086452,50.685801],[7.087352,50.68624],[7.087752,50.68541],[7.087757,50.685313],[7.087692,50.685266]]]},"properties":{"landuse_id":5353,"landuse_code":2600,"landuse":"Wald","environment":"forest","area_m2":4487}},{"type":"Feature","geometry":{"type":"Polygon","coordinates":[[[7.142367,50.721759],[7.142603,50.721611],[7.142543,50.721577],[7.142379,50.721555],[7.141971,50.721623],[7.141913,50.721576],[7.142087,50.721418],[7.142108,50.721352],[7.142052,50.721317],[7.141963,50.721314],[7.14169,50.721182],[7.141349,50.72127],[7.142782,50.722528],[7.142823,50.722518],[7.142367,50.721759]]]},"properties":{"landuse_id":17117,"landuse_code":2645,"landuse":"Grün-/ Parkfläche mit Baumbestand","environment":"urban_green","area_m2":3974}},{"type":"Feature","geometry":{"type":"Polygon","coordinates":[[[7.135053,50.714297],[7.135609,50.714587],[7.135767,50.71453],[7.135763,50.714381],[7.135812,50.714262],[7.135762,50.714145],[7.135643,50.714063],[7.135456,50.714027],[7.13529,50.71416],[7.135053,50.714297]]]},"properties":{"landuse_id":2735,"landuse_code":2645,"landuse":"Grün-/ Parkfläche mit Baumbestand","environment":"urban_green","area_m2":1938}},{"type":"Feature","geometry":{"type":"Polygon","coordinates":[[[7.138881,50.722219],[7.138745,50.722302],[7.138549,50.722512],[7.138518,50.722588],[7.13852,50.722843],[7.138465,50.723006],[7.138316,50.723155],[7.138183,50.723231],[7.137964,50.723294],[7.138102,50.723319],[7.138208,50.723418],[7.138173,50.723535],[7.138063,50.723593],[7.138105,50.723658],[7.139079,50.723399],[7.138822,50.722942],[7.138821,50.722727],[7.138871,50.722585],[7.138968,50.722474],[7.139112,50.722389],[7.139944,50.722129],[7.139965,50.72209],[7.139594,50.721739],[7.139482,50.721744],[7.13941,50.721864],[7.139287,50.721864],[7.139233,50.721739],[7.139161,50.721721],[7.139045,50.721773],[7.13887,50.721969],[7.138839,50.722096],[7.138881,50.722219]]]},"properties":{"landuse_id":17123,"landuse_code":2645,"landuse":"Grün-/ Parkfläche mit Baumbestand","environment":"urban_green","area_m2":8764}},{"type":"Feature","geometry":{"type":"Polygon","coordinates":[[[7.114811,50.750314],[7.114925,50.750319],[7.115016,50.750201],[7.115328,50.74999],[7.114352,50.749765],[7.114024,50.750053],[7.114059,50.75007],[7.114019,50.750106],[7.11467,50.750277],[7.114712,50.750273],[7.114762,50.750225],[7.114839,50.750227],[7.114811,50.750314]]]},"properties":{"landuse_id":3363,"landuse_code":2680,"landuse":"sonstige (kl.) Gehölzfläche","environment":"urban_green","area_m2":3083}},{"type":"Feature","geometry":{"type":"Polygon","coordinates":[[[7.13745,50.72336],[7.137816,50.723741],[7.138105,50.723658],[7.138063,50.723593],[7.137879,50.723595],[7.137743,50.723513],[7.137722,50.723452],[7.137762,50.723365],[7.137872,50.723306],[7.137964,50.723294],[7.137728,50.723237],[7.137605,50.723176],[7.137516,50.723098],[7.137324,50.722801],[7.13731,50.722494],[7.137044,50.722502],[7.136988,50.722442],[7.136986,50.722322],[7.137047,50.722255],[7.136967,50.722108],[7.136853,50.722068],[7.136735,50.722076],[7.136682,50.722112],[7.136542,50.722016],[7.136604,50.721933],[7.136561,50.721858],[7.136409,50.721737],[7.136284,50.721684],[7.135978,50.72164],[7.135941,50.721665],[7.136937,50.722708],[7.137039,50.722673],[7.137176,50.72272],[7.137197,50.722753],[7.136993,50.722814],[7.136993,50.722845],[7.137191,50.723107],[7.137202,50.723085],[7.13745,50.72336]]]},"properties":{"landuse_id":17124,"landuse_code":2645,"landuse":"Grün-/ Parkfläche mit Baumbestand","environment":"urban_green","area_m2":5815}},{"type":"Feature","geometry":{"type":"MultiPolygon","coordinates":[[[[7.060564,50.691782],[7.060075,50.691731],[7.059433,50.69129],[7.059503,50.690378],[7.060511,50.689778],[7.060548,50.689596],[7.061492,50.68905],[7.061402,50.68898],[7.061527,50.688906],[7.061362,50.688934],[7.061143,50.689153],[7.060671,50.689418],[7.059688,50.690041],[7.059273,50.690229],[7.059232,50.690277],[7.059267,50.690775],[7.059201,50.69121],[7.05921,50.691392],[7.059354,50.692098],[7.059422,50.692252],[7.059649,50.692517],[7.060221,50.692546],[7.060529,50.692919],[7.060659,50.692968],[7.06111,50.692934],[7.061145,50.692918],[7.061473,50.692315],[7.061439,50.692008],[7.061367,50.691921],[7.061064,50.691737],[7.060744,50.69168],[7.060564,50.691782]]],[[[7.060509,50.689176],[7.058251,50.688958],[7.057965,50.689003],[7.058329,50.689275],[7.059242,50.690206],[7.059354,50.690183],[7.059536,50.6901],[7.060018,50.689799],[7.060656,50.689193],[7.060509,50.689176]]],[[[7.057624,50.689057],[7.057429,50.689088],[7.057655,50.689802],[7.05778,50.690109],[7.058324,50.691111],[7.058886,50.691959],[7.059978,50.693171],[7.060138,50.693125],[7.059432,50.692315],[7.059318,50.692101],[7.059175,50.691394],[7.059166,50.691209],[7.059233,50.690648],[7.059195,50.690276],[7.059151,50.690164],[7.058204,50.689208],[7.057928,50.689008],[7.057624,50.689057]]]]},"properties":{"landuse_id":421,"landuse_code":2600,"landuse":"Wald","environment":"forest","area_m2":58816}},{"type":"Feature","geometry":{"type":"Polygon","coordinates":[[[7.085912,50.688708],[7.085779,50.688895],[7.085992,50.688993],[7.08695,50.688831],[7.087082,50.68877],[7.087271,50.688622],[7.087364,50.688589],[7.087476,50.688575],[7.087713,50.688591],[7.087983,50.688503],[7.088127,50.688498],[7.088273,50.688465],[7.086985,50.687408],[7.087044,50.687116],[7.089122,50.687811],[7.088531,50.688186],[7.0887,50.688421],[7.089945,50.688391],[7.090821,50.688539],[7.091128,50.688514],[7.091577,50.688516],[7.087269,50.686408],[7.086448,50.687824],[7.086488,50.687838],[7.085912,50.688708]]]},"properties":{"landuse_id":3619,"landuse_code":2600,"landuse":"Wald","environment":"forest","area_m2":38605}},{"type":"Feature","geometry":{"type":"Polygon","coordinates":[[[7.187382,50.66086],[7.187128,50.660781],[7.186839,50.660592],[7.186619,50.660633],[7.186501,50.660557],[7.186421,50.660456],[7.186379,50.660337],[7.186373,50.660091],[7.186426,50.66001],[7.186258,50.659913],[7.186083,50.65988],[7.186253,50.660108],[7.186285,50.66041],[7.186327,50.660494],[7.186512,50.660659],[7.186865,50.660722],[7.187126,50.660874],[7.187577,50.661076],[7.187806,50.661218],[7.18806,50.660998],[7.188035,50.660975],[7.187644,50.660878],[7.187382,50.66086]]]},"properties":{"landuse_id":5003,"landuse_code":2680,"landuse":"sonstige (kl.) Gehölzfläche","environment":"urban_green","area_m2":2469}},{"type":"Feature","geometry":{"type":"Polygon","coordinates":[[[7.103476,50.691563],[7.103325,50.691505],[7.103149,50.691297],[7.102954,50.691154],[7.102851,50.691002],[7.102806,50.690979],[7.102648,50.691066],[7.103268,50.691525],[7.103501,50.691663],[7.103476,50.691563]]]},"properties":{"landuse_id":7863,"landuse_code":2600,"landuse":"Wald","environment":"forest","area_m2":771}},{"type":"Feature","geometry":{"type":"MultiPolygon","coordinates":[[[[7.105364,50.689086],[7.105201,50.689001],[7.105062,50.688833],[7.104809,50.688603],[7.104701,50.688407],[7.104287,50.687964],[7.103916,50.687718],[7.103669,50.687595],[7.103405,50.687514],[7.103192,50.687378],[7.102961,50.686906],[7.102967,50.686752],[7.09848,50.687241],[7.098385,50.687222],[7.098244,50.687237],[7.098026,50.687293],[7.098235,50.687533],[7.098368,50.687583],[7.098463,50.687796],[7.098923,50.688326],[7.09905,50.688572],[7.099698,50.689082],[7.100204,50.689852],[7.100125,50.690352],[7.099931,50.690578],[7.09989,50.690992],[7.099931,50.691167],[7.100677,50.690937],[7.101204,50.690721],[7.101425,50.690479],[7.101559,50.690404],[7.101702,50.690372],[7.102031,50.690346],[7.103202,50.689967],[7.104337,50.689649],[7.105147,50.689258],[7.105364,50.689086]]],[[[7.102985,50.686703],[7.103117,50.686499],[7.103209,50.686434],[7.103937,50.686112],[7.096378,50.686373],[7.096555,50.686435],[7.097185,50.686775],[7.097347,50.68704],[7.097509,50.687135],[7.097991,50.68723],[7.102985,50.686703]]],[[[7.097888,50.687313],[7.098107,50.687482],[7.097948,50.687304],[7.097888,50.687313]]],[[[7.09849,50.687909],[7.098537,50.68801],[7.098738,50.688186],[7.09849,50.687909]]],[[[7.101877,50.690375],[7.101958,50.690378],[7.101956,50.690378],[7.101953,50.690377],[7.101949,50.690376],[7.101946,50.690376],[7.101938,50.690375],[7.101933,50.690374],[7.101928,50.690374],[7.101923,50.690374],[7.101887,50.690375],[7.101877,50.690375]]],[[[7.102029,50.690373],[7.102224,50.690308],[7.102201,50.690315],[7.102179,50.690322],[7.102153,50.690329],[7.10212,50.690339],[7.102054,50.690357],[7.102047,50.69036],[7.102044,50.690361],[7.10204,50.690363],[7.102037,50.690365],[7.102034,50.690367],[7.102032,50.690369],[7.10203,50.690371],[7.102029,50.690373],[7.102029,50.690373]]]]},"properties":{"landuse_id":5666,"landuse_code":2600,"landuse":"Wald","environment":"forest","area_m2":171556}},{"type":"Feature","geometry":{"type":"Polygon","coordinates":[[[7.104475,50.702607],[7.10453,50.702634],[7.104594,50.702575],[7.104697,50.702548],[7.10525,50.702479],[7.105879,50.701897],[7.106204,50.701729],[7.106597,50.701602],[7.106561,50.701557],[7.106219,50.701647],[7.105668,50.701942],[7.10516,50.702075],[7.104682,50.702308],[7.104486,50.702512],[7.104475,50.702607]]]},"properties":{"landuse_id":3377,"landuse_code":2600,"landuse":"Wald","environment":"forest","area_m2":3303}},{"type":"Feature","geometry":{"type":"Polygon","coordinates":[[[7.111257,50.672328],[7.1107,50.671511],[7.109804,50.671838],[7.109079,50.672195],[7.107568,50.673216],[7.108539,50.673576],[7.108704,50.673681],[7.108801,50.673824],[7.108804,50.673976],[7.108743,50.674105],[7.108455,50.674553],[7.108371,50.675011],[7.108244,50.675146],[7.108285,50.675215],[7.108417,50.675275],[7.109451,50.676144],[7.112344,50.674762],[7.111786,50.673713],[7.111533,50.67314],[7.111358,50.672886],[7.111257,50.672328]]]},"properties":{"landuse_id":6709,"landuse_code":2600,"landuse":"Wald","environment":"forest","area_m2":95923}},{"type":"Feature","geometry":{"type":"MultiPolygon","coordinates":[[[[7.083002,50.754498],[7.082202,50.755293],[7.082402,50.755419],[7.082892,50.755147],[7.082987,50.755069],[7.083048,50.755095],[7.083463,50.754732],[7.083002,50.754498]]],[[[7.082178,50.755316],[7.080997,50.756383],[7.081253,50.756507],[7.082991,50.755145],[7.082966,50.755118],[7.082409,50.755462],[7.082178,50.755316]]]]},"properties":{"landuse_id":644,"landuse_code":2680,"landuse":"sonstige (kl.) Gehölzfläche","environment":"urban_green","area_m2":7759}},{"type":"Feature","geometry":{"type":"MultiPolygon","coordinates":[[[[7.04905,50.7283],[7.04905,50.728298],[7.049005,50.728192],[7.048816,50.727909],[7.04905,50.7283]]],[[[7.048775,50.727847],[7.048688,50.727719],[7.048682,50.72772],[7.048739,50.727798],[7.048775,50.727847]]],[[[7.048632,50.727734],[7.048502,50.72777],[7.048463,50.727728],[7.048467,50.727609],[7.048119,50.727101],[7.048102,50.726985],[7.04802,50.726813],[7.047863,50.726862],[7.048085,50.727361],[7.04836,50.727785],[7.048504,50.727916],[7.04884,50.72867],[7.048798,50.728938],[7.04906,50.728952],[7.049012,50.728727],[7.04904,50.728427],[7.049009,50.728322],[7.048632,50.727734]]]]},"properties":{"landuse_id":646,"landuse_code":2680,"landuse":"sonstige (kl.) Gehölzfläche","environment":"urban_green","area_m2":3846}},{"type":"Feature","geometry":{"type":"Polygon","coordinates":[[[7.058251,50.688958],[7.057841,50.688903],[7.057198,50.688266],[7.057241,50.688535],[7.057429,50.689088],[7.058251,50.688958]]]},"properties":{"landuse_id":6507,"landuse_code":2600,"landuse":"Wald","environment":"forest","area_m2":1960}},{"type":"Feature","geometry":{"type":"Polygon","coordinates":[[[7.087438,50.70757],[7.087453,50.707617],[7.08752,50.707656],[7.087679,50.707645],[7.087762,50.707573],[7.087769,50.70748],[7.087641,50.707416],[7.087533,50.707423],[7.087459,50.707468],[7.087438,50.70757]]]},"properties":{"landuse_id":5018,"landuse_code":2680,"landuse":"sonstige (kl.) Gehölzfläche","environment":"urban_green","area_m2":526}},{"type":"Feature","geometry":{"type":"Polygon","coordinates":[[[7.144993,50.724721],[7.140983,50.726114],[7.141831,50.726899],[7.14432,50.725842],[7.144454,50.725818],[7.144597,50.725831],[7.144891,50.725982],[7.145089,50.725991],[7.145542,50.725835],[7.146106,50.725544],[7.146147,50.72549],[7.145676,50.725117],[7.144993,50.724721]]]},"properties":{"landuse_id":5952,"landuse_code":2600,"landuse":"Wald","environment":"forest","area_m2":35115}},{"type":"Feature","geometry":{"type":"Polygon","coordinates":[[[7.086282,50.73198],[7.086172,50.731963],[7.086063,50.731903],[7.086052,50.731934],[7.086162,50.73201],[7.086282,50.73198]]]},"properties":{"landuse_id":3404,"landuse_code":2645,"landuse":"Grün-/ Parkfläche mit Baumbestand","environment":"urban_green","area_m2":63}},{"type":"Feature","geometry":{"type":"MultiPolygon","coordinates":[[[[7.171931,50.674817],[7.172145,50.674979],[7.17225,50.674911],[7.172016,50.674801],[7.171931,50.674817]]],[[[7.173479,50.674433],[7.173368,50.674497],[7.17341,50.674534],[7.17353,50.674479],[7.173479,50.674433]]]]},"properties":{"landuse_id":6183,"landuse_code":2670,"landuse":"Verkehrsbegleitgrün mit Baumbestand","environment":"urban_green","area_m2":235}},{"type":"Feature","geometry":{"type":"Polygon","coordinates":[[[7.094308,50.677735],[7.093567,50.678784],[7.093808,50.678718],[7.098241,50.678107],[7.097567,50.677882],[7.097214,50.677822],[7.094308,50.677735]]]},"properties":{"landuse_id":3008,"landuse_code":2600,"landuse":"Wald","environment":"forest","area_m2":19893}},{"type":"Feature","geometry":{"type":"Polygon","coordinates":[[[7.153155,50.666325],[7.153162,50.66634],[7.153283,50.666309],[7.153839,50.666148],[7.15421,50.66599],[7.15368,50.666188],[7.153155,50.666325]]]},"properties":{"landuse_id":3021,"landuse_code":2670,"landuse":"Verkehrsbegleitgrün mit Baumbestand","environment":"urban_green","area_m2":68}},{"type":"Feature","geometry":{"type":"Polygon","coordinates":[[[7.089492,50.714213],[7.089737,50.714167],[7.090404,50.714136],[7.090378,50.713758],[7.09007,50.713748],[7.090046,50.713728],[7.089229,50.713624],[7.089492,50.714213]]]},"properties":{"landuse_id":3963,"landuse_code":2600,"landuse":"Wald","environment":"forest","area_m2":3743}},{"type":"Feature","geometry":{"type":"Polygon","coordinates":[[[7.179249,50.711097],[7.179448,50.711455],[7.179672,50.711398],[7.17972,50.711318],[7.179357,50.71109],[7.179249,50.711097]]]},"properties":{"landuse_id":5246,"landuse_code":2680,"landuse":"sonstige (kl.) Gehölzfläche","environment":"urban_green","area_m2":649}},{"type":"Feature","geometry":{"type":"Polygon","coordinates":[[[7.145359,50.739587],[7.146083,50.738616],[7.145997,50.738476],[7.146034,50.738662],[7.145359,50.739587]]]},"properties":{"landuse_id":17410,"landuse_code":2670,"landuse":"Verkehrsbegleitgrün mit Baumbestand","environment":"urban_green","area_m2":147}},{"type":"Feature","geometry":{"type":"Polygon","coordinates":[[[7.133644,50.705652],[7.133333,50.705326],[7.133207,50.705433],[7.133192,50.705526],[7.133245,50.705637],[7.133398,50.705763],[7.133685,50.705945],[7.133811,50.705994],[7.134022,50.706018],[7.134208,50.705974],[7.134157,50.705887],[7.133875,50.70587],[7.133761,50.705821],[7.133671,50.705729],[7.133644,50.705652]]]},"properties":{"landuse_id":17169,"landuse_code":2645,"landuse":"Grün-/ Parkfläche mit Baumbestand","environment":"urban_green","area_m2":1755}},{"type":"Feature","geometry":{"type":"MultiPolygon","coordinates":[[[[7.093509,50.704428],[7.093051,50.704329],[7.093675,50.703564],[7.093729,50.70364],[7.093838,50.703693],[7.094064,50.703727],[7.094199,50.703705],[7.093847,50.703285],[7.094248,50.703168],[7.094359,50.70334],[7.095041,50.703205],[7.094517,50.702476],[7.094194,50.702552],[7.093605,50.701716],[7.093789,50.701533],[7.093419,50.700965],[7.09299,50.700852],[7.092891,50.700906],[7.092281,50.701063],[7.091516,50.701029],[7.091502,50.701131],[7.091078,50.701106],[7.091033,50.701432],[7.090717,50.701935],[7.090323,50.702463],[7.090324,50.70253],[7.090403,50.70256],[7.09042,50.702618],[7.090301,50.702709],[7.090089,50.703095],[7.090045,50.70323],[7.090019,50.70341],[7.090145,50.704058],[7.090388,50.704155],[7.090842,50.704221],[7.092623,50.70462],[7.092493,50.704563],[7.093307,50.704769],[7.093509,50.704428]],[[7.09172,50.70313],[7.092472,50.702411],[7.092596,50.702491],[7.092875,50.702994],[7.093218,50.703226],[7.092872,50.703465],[7.092636,50.703327],[7.091981,50.703757],[7.091628,50.703619],[7.091366,50.70344],[7.09172,50.70313]]],[[[7.090156,50.704135],[7.090276,50.70415],[7.09015,50.704096],[7.090156,50.704135]]],[[[7.090289,50.702599],[7.090316,50.702624],[7.090361,50.702608],[7.090336,50.702579],[7.090289,50.702599]]]]},"properties":{"landuse_id":16893,"landuse_code":2600,"landuse":"Wald","environment":"forest","area_m2":85195}},{"type":"Feature","geometry":{"type":"MultiPolygon","coordinates":[[[[7.139135,50.756986],[7.138882,50.757544],[7.139123,50.757072],[7.139135,50.756986]]],[[[7.138848,50.75762],[7.138801,50.757723],[7.138999,50.757837],[7.139032,50.757782],[7.138848,50.75762]]]]},"properties":{"landuse_id":764,"landuse_code":2670,"landuse":"Verkehrsbegleitgrün mit Baumbestand","environment":"urban_green","area_m2":231}},{"type":"Feature","geometry":{"type":"MultiPolygon","coordinates":[[[[7.109767,50.768687],[7.109966,50.768537],[7.109722,50.768394],[7.109931,50.767999],[7.109733,50.767942],[7.108872,50.767487],[7.108806,50.767426],[7.108779,50.767434],[7.108991,50.76786],[7.109448,50.768392],[7.109767,50.768687]]],[[[7.108927,50.767476],[7.108918,50.76747],[7.108921,50.767473],[7.108927,50.767476]]],[[[7.10815,50.765878],[7.108087,50.765514],[7.108087,50.765659],[7.10815,50.765878]]],[[[7.107834,50.765652],[7.108129,50.766811],[7.108212,50.766931],[7.108235,50.767159],[7.108347,50.767304],[7.108337,50.767455],[7.108434,50.767671],[7.108689,50.768104],[7.108859,50.76832],[7.109344,50.768814],[7.109659,50.769087],[7.110392,50.769684],[7.110883,50.770038],[7.111269,50.770242],[7.112268,50.770655],[7.113798,50.771133],[7.114426,50.771304],[7.114504,50.771255],[7.114335,50.771223],[7.112524,50.770693],[7.111555,50.770271],[7.111244,50.770055],[7.11104,50.769801],[7.110193,50.769142],[7.110046,50.768955],[7.109499,50.768483],[7.109073,50.768011],[7.108878,50.767718],[7.108748,50.767443],[7.108717,50.767261],[7.108644,50.767084],[7.108276,50.766368],[7.108024,50.765548],[7.107834,50.765652]]],[[[7.114521,50.771245],[7.114702,50.771135],[7.115001,50.77119],[7.115377,50.770943],[7.115831,50.770912],[7.116477,50.770938],[7.116858,50.770888],[7.117056,50.770702],[7.117303,50.77034],[7.117805,50.770026],[7.118135,50.769949],[7.11852,50.76992],[7.118838,50.769844],[7.119036,50.769847],[7.119364,50.769811],[7.119994,50.769907],[7.120198,50.770008],[7.120415,50.770165],[7.12052,50.770404],[7.120812,50.770552],[7.120939,50.770646],[7.120888,50.770704],[7.121044,50.770864],[7.121336,50.770856],[7.1214,50.770779],[7.121652,50.770705],[7.121836,50.770453],[7.121945,50.770187],[7.121987,50.769836],[7.122056,50.769721],[7.122249,50.769663],[7.122158,50.769548],[7.121716,50.769255],[7.121084,50.768955],[7.120778,50.768836],[7.120203,50.768663],[7.119386,50.768483],[7.119088,50.768437],[7.117141,50.768236],[7.116859,50.768224],[7.11633,50.768303],[7.116028,50.768645],[7.115548,50.768861],[7.115245,50.769038],[7.114801,50.76907],[7.114218,50.76917],[7.114125,50.768972],[7.113978,50.769005],[7.113387,50.768993],[7.112935,50.768856],[7.112267,50.76946],[7.111765,50.769156],[7.111057,50.769786],[7.11126,50.770047],[7.111375,50.770137],[7.111568,50.770261],[7.112536,50.77068],[7.113238,50.770901],[7.114342,50.771212],[7.114521,50.771245]],[[7.117095,50.768942],[7.117865,50.769037],[7.118537,50.769422],[7.117935,50.769296],[7.117373,50.769055],[7.117093,50.768975],[7.117095,50.768942]],[[7.120455,50.76898],[7.121244,50.769221],[7.121294,50.769272],[7.121236,50.769287],[7.120373,50.769026],[7.12016,50.769022],[7.119416,50.769089],[7.119368,50.769072],[7.119415,50.769049],[7.120155,50.76898],[7.120455,50.76898]],[[7.115173,50.769216],[7.115336,50.769195],[7.115438,50.769029],[7.115565,50.76898],[7.11578,50.768964],[7.115728,50.768889],[7.115941,50.768777],[7.116091,50.768736],[7.116217,50.76873],[7.116323,50.768791],[7.116383,50.768662],[7.116512,50.768618],[7.116619,50.768603],[7.116744,50.768692],[7.116784,50.76868],[7.116795,50.768595],[7.116947,50.768599],[7.116944,50.76866],[7.117307,50.768678],[7.117333,50.7687],[7.117304,50.768728],[7.116397,50.768896],[7.115871,50.769061],[7.115745,50.769152],[7.115755,50.769207],[7.115827,50.769252],[7.11656,50.769454],[7.116832,50.769555],[7.117199,50.769787],[7.117231,50.769826],[7.117209,50.769957],[7.117043,50.769926],[7.116925,50.769737],[7.116759,50.769715],[7.116727,50.76961],[7.116602,50.76956],[7.115803,50.769361],[7.115361,50.769329],[7.115093,50.769362],[7.113996,50.769638],[7.113056,50.770017],[7.113011,50.769995],[7.113981,50.769571],[7.114957,50.769243],[7.115173,50.769216]]],[[[7.110771,50.769571],[7.11075,50.769553],[7.110692,50.76951],[7.110706,50.769521],[7.110771,50.769571]]],[[[7.11049,50.769361],[7.110397,50.769293],[7.11042,50.769312],[7.11049,50.769361]]]]},"properties":{"landuse_id":16900,"landuse_code":2600,"landuse":"Wald","environment":"forest","area_m2":159943}},{"type":"Feature","geometry":{"type":"MultiPolygon","coordinates":[[[[7.111077,50.763681],[7.110894,50.763855],[7.110856,50.763942],[7.110822,50.764023],[7.110827,50.764276],[7.111288,50.763732],[7.111276,50.763713],[7.111077,50.763681]]],[[[7.10976,50.76454],[7.10896,50.765019],[7.11012,50.764826],[7.110312,50.764776],[7.110442,50.7647],[7.110797,50.764324],[7.110791,50.764032],[7.110867,50.76385],[7.11097,50.763754],[7.10976,50.76454]]]]},"properties":{"landuse_id":776,"landuse_code":2670,"landuse":"Verkehrsbegleitgrün mit Baumbestand","environment":"urban_green","area_m2":6168}},{"type":"Feature","geometry":{"type":"MultiPolygon","coordinates":[[[[7.123881,50.753744],[7.123031,50.75369],[7.123019,50.753771],[7.122629,50.753784],[7.122685,50.753859],[7.1228,50.753899],[7.1247,50.754025],[7.124791,50.754014],[7.124881,50.753973],[7.124988,50.753824],[7.125074,50.753783],[7.125321,50.753739],[7.125894,50.753781],[7.126415,50.753691],[7.125637,50.753701],[7.125273,50.753663],[7.125055,50.753618],[7.124935,50.753826],[7.123881,50.753744]]],[[[7.122321,50.753817],[7.12227,50.754167],[7.123103,50.754192],[7.124699,50.754316],[7.125026,50.754322],[7.125112,50.754119],[7.125604,50.754153],[7.125969,50.754134],[7.126495,50.754147],[7.126504,50.754118],[7.126509,50.753993],[7.126456,50.753755],[7.126408,50.753735],[7.125882,50.753809],[7.125283,50.753771],[7.125059,50.753825],[7.124954,50.753969],[7.124872,50.754027],[7.124676,50.75406],[7.12279,50.753934],[7.122644,50.753884],[7.122578,50.753802],[7.122321,50.753817]]]]},"properties":{"landuse_id":16915,"landuse_code":2680,"landuse":"sonstige (kl.) Gehölzfläche","environment":"urban_green","area_m2":14364}},{"type":"Feature","geometry":{"type":"MultiPolygon","coordinates":[[[[7.07708,50.761362],[7.077746,50.761364],[7.077298,50.761359],[7.077031,50.761328],[7.07708,50.761362]]],[[[7.077403,50.761585],[7.077554,50.761674],[7.077954,50.761549],[7.077791,50.761498],[7.077269,50.761492],[7.077403,50.761585]]],[[[7.078443,50.761667],[7.078708,50.761509],[7.077847,50.761499],[7.078443,50.761667]]]]},"properties":{"landuse_id":3455,"landuse_code":2680,"landuse":"sonstige (kl.) Gehölzfläche","environment":"urban_green","area_m2":1126}},{"type":"Feature","geometry":{"type":"Polygon","coordinates":[[[7.116168,50.670796],[7.116521,50.670947],[7.116788,50.671024],[7.116861,50.671073],[7.117557,50.671257],[7.117823,50.67137],[7.118008,50.671311],[7.117952,50.671293],[7.117848,50.67135],[7.117928,50.671286],[7.117675,50.671206],[7.118257,50.671008],[7.117619,50.670903],[7.117093,50.670934],[7.116438,50.670775],[7.116146,50.670519],[7.116168,50.670796]]]},"properties":{"landuse_id":780,"landuse_code":2600,"landuse":"Wald","environment":"forest","area_m2":3537}},{"type":"Feature","geometry":{"type":"Polygon","coordinates":[[[7.103262,50.70536],[7.103057,50.705482],[7.1029,50.705529],[7.102692,50.70555],[7.102574,50.705614],[7.102516,50.70579],[7.103813,50.706388],[7.103769,50.706445],[7.104059,50.706454],[7.104378,50.7064],[7.104461,50.706337],[7.10467,50.706056],[7.104911,50.70594],[7.105195,50.705883],[7.10527,50.705818],[7.104671,50.705621],[7.103719,50.705197],[7.103397,50.705195],[7.103262,50.70536]]]},"properties":{"landuse_id":3464,"landuse_code":2600,"landuse":"Wald","environment":"forest","area_m2":14474}},{"type":"Feature","geometry":{"type":"Polygon","coordinates":[[[7.141259,50.687018],[7.141521,50.687258],[7.141822,50.68723],[7.143157,50.686786],[7.143056,50.686684],[7.142531,50.686631],[7.141259,50.687018]]]},"properties":{"landuse_id":812,"landuse_code":2600,"landuse":"Wald","environment":"forest","area_m2":4331}},{"type":"Feature","geometry":{"type":"MultiPolygon","coordinates":[[[[7.034331,50.699375],[7.033977,50.699379],[7.033958,50.699554],[7.033738,50.699906],[7.033666,50.700436],[7.033736,50.700676],[7.03361,50.700837],[7.033591,50.700983],[7.033633,50.701054],[7.033588,50.701232],[7.033623,50.701442],[7.033767,50.701658],[7.033749,50.701708],[7.033844,50.701521],[7.033882,50.701355],[7.03386,50.701224],[7.033705,50.700975],[7.033712,50.700828],[7.033851,50.70084],[7.034181,50.700923],[7.034555,50.700948],[7.034826,50.700925],[7.034853,50.7009],[7.034178,50.700878],[7.034331,50.699375]]],[[[7.033936,50.699382],[7.033907,50.699384],[7.033619,50.699946],[7.033642,50.700255],[7.033708,50.699862],[7.033917,50.699547],[7.033936,50.699382]]],[[[7.033722,50.699397],[7.033708,50.699398],[7.033674,50.699483],[7.033716,50.699408],[7.033722,50.699397]]],[[[7.033623,50.700772],[7.033694,50.700673],[7.03365,50.700513],[7.033623,50.700772]]],[[[7.033574,50.70103],[7.033566,50.701121],[7.033589,50.701055],[7.033574,50.70103]]],[[[7.033562,50.701294],[7.033611,50.70188],[7.033723,50.701659],[7.033581,50.701447],[7.033562,50.701294]]]]},"properties":{"landuse_id":849,"landuse_code":2600,"landuse":"Wald","environment":"forest","area_m2":7927}},{"type":"Feature","geometry":{"type":"Polygon","coordinates":[[[7.140951,50.65344],[7.141312,50.653442],[7.141946,50.653566],[7.142232,50.65377],[7.142723,50.653998],[7.143647,50.654201],[7.144379,50.654304],[7.144967,50.654561],[7.145788,50.654594],[7.144555,50.653945],[7.143059,50.653353],[7.142528,50.653083],[7.142283,50.652911],[7.140847,50.652496],[7.140951,50.65344]]]},"properties":{"landuse_id":846,"landuse_code":2600,"landuse":"Wald","environment":"forest","area_m2":23247}},{"type":"Feature","geometry":{"type":"Polygon","coordinates":[[[7.149264,50.70262],[7.150154,50.701895],[7.149211,50.701411],[7.149026,50.701406],[7.148786,50.701592],[7.148675,50.702331],[7.149264,50.70262]]]},"properties":{"landuse_id":3989,"landuse_code":2680,"landuse":"sonstige (kl.) Gehölzfläche","environment":"urban_green","area_m2":8415}},{"type":"Feature","geometry":{"type":"Polygon","coordinates":[[[7.158938,50.723952],[7.15867,50.724245],[7.159045,50.72461],[7.159284,50.725046],[7.159439,50.725426],[7.159618,50.725634],[7.15948,50.7254],[7.15915,50.72436],[7.158938,50.723952]]]},"properties":{"landuse_id":6317,"landuse_code":2680,"landuse":"sonstige (kl.) Gehölzfläche","environment":"urban_green","area_m2":2077}},{"type":"Feature","geometry":{"type":"MultiPolygon","coordinates":[[[[7.176331,50.728939],[7.176306,50.728925],[7.176227,50.728948],[7.176014,50.729084],[7.176191,50.728983],[7.176331,50.728939]]],[[[7.174302,50.72645],[7.173249,50.730856],[7.174181,50.730602],[7.174123,50.730652],[7.174255,50.730616],[7.174296,50.730572],[7.175011,50.730392],[7.175225,50.729934],[7.175362,50.729736],[7.175918,50.729098],[7.176236,50.728885],[7.176282,50.728822],[7.175876,50.727748],[7.175729,50.727518],[7.175605,50.727384],[7.175069,50.726954],[7.174302,50.72645]],[[7.175046,50.72977],[7.175001,50.72976],[7.174992,50.729718],[7.175071,50.729605],[7.175014,50.729468],[7.175114,50.729445],[7.17516,50.729336],[7.175246,50.729257],[7.175449,50.729148],[7.175574,50.72911],[7.175599,50.729122],[7.175205,50.729614],[7.175202,50.729751],[7.175046,50.72977]]]]},"properties":{"landuse_id":11795,"landuse_code":2600,"landuse":"Wald","environment":"forest","area_m2":55906}},{"type":"Feature","geometry":{"type":"MultiPolygon","coordinates":[[[[7.138257,50.717031],[7.138173,50.717205],[7.140324,50.716788],[7.142234,50.716375],[7.14203,50.716079],[7.141193,50.716285],[7.140445,50.716531],[7.138257,50.717031]]],[[[7.141525,50.716178],[7.141305,50.716119],[7.141375,50.715958],[7.141852,50.715824],[7.141662,50.715553],[7.14083,50.715792],[7.140568,50.715896],[7.140061,50.716154],[7.14004,50.716447],[7.139681,50.716687],[7.140432,50.716513],[7.14096,50.716334],[7.141525,50.716178]]]]},"properties":{"landuse_id":3075,"landuse_code":2645,"landuse":"Grün-/ Parkfläche mit Baumbestand","environment":"urban_green","area_m2":14533}},{"type":"Feature","geometry":{"type":"Polygon","coordinates":[[[7.18385,50.658253],[7.183997,50.658365],[7.184404,50.658026],[7.184106,50.657095],[7.184056,50.657114],[7.184072,50.657197],[7.184,50.657335],[7.184001,50.657534],[7.18387,50.657538],[7.183901,50.658032],[7.18385,50.658253]]]},"properties":{"landuse_id":952,"landuse_code":2680,"landuse":"sonstige (kl.) Gehölzfläche","environment":"urban_green","area_m2":3065}},{"type":"Feature","geometry":{"type":"Polygon","coordinates":[[[7.083662,50.717011],[7.083781,50.71697],[7.083985,50.716988],[7.084272,50.717151],[7.084202,50.717294],[7.08389,50.717184],[7.083854,50.717193],[7.084184,50.717513],[7.084293,50.718145],[7.0849,50.718124],[7.084884,50.717916],[7.085134,50.717367],[7.08511,50.717359],[7.085139,50.717357],[7.085223,50.717172],[7.084969,50.717056],[7.084549,50.716907],[7.084901,50.716524],[7.084928,50.716294],[7.08501,50.716252],[7.085097,50.716131],[7.084288,50.71593],[7.083984,50.716256],[7.083793,50.71619],[7.083779,50.716289],[7.083402,50.716765],[7.083662,50.717011]]]},"properties":{"landuse_id":984,"landuse_code":2600,"landuse":"Wald","environment":"forest","area_m2":16356}},{"type":"Feature","geometry":{"type":"Polygon","coordinates":[[[7.083679,50.684369],[7.083629,50.684395],[7.083598,50.684484],[7.083622,50.684591],[7.083642,50.684432],[7.08383,50.684524],[7.083679,50.684369]]]},"properties":{"landuse_id":1001,"landuse_code":2600,"landuse":"Wald","environment":"forest","area_m2":118}},{"type":"Feature","geometry":{"type":"Polygon","coordinates":[[[7.083164,50.687939],[7.083257,50.68767],[7.083302,50.687346],[7.083448,50.686986],[7.083649,50.685805],[7.083496,50.685758],[7.083525,50.685443],[7.083649,50.685435],[7.083581,50.685199],[7.083615,50.684588],[7.081648,50.68367],[7.081393,50.683482],[7.081331,50.683532],[7.081316,50.683598],[7.081235,50.683662],[7.081191,50.683798],[7.081112,50.68385],[7.080845,50.683951],[7.080816,50.684115],[7.080645,50.6842],[7.080494,50.684553],[7.080563,50.684648],[7.080491,50.684808],[7.080521,50.685132],[7.080498,50.685178],[7.080532,50.685227],[7.080516,50.685331],[7.08047,50.685389],[7.080495,50.685601],[7.080375,50.6857],[7.080368,50.685779],[7.080195,50.685888],[7.080223,50.685935],[7.080409,50.685969],[7.080458,50.68602],[7.080343,50.6862],[7.080341,50.686331],[7.080388,50.686429],[7.080336,50.686553],[7.080316,50.686578],[7.080192,50.686568],[7.080175,50.686587],[7.080279,50.686702],[7.080204,50.686778],[7.080266,50.686841],[7.080211,50.686907],[7.080213,50.686995],[7.080104,50.687019],[7.080105,50.687119],[7.079998,50.687158],[7.079865,50.687273],[7.079729,50.687273],[7.079671,50.68723],[7.079644,50.687154],[7.079572,50.687148],[7.079379,50.687296],[7.079145,50.687364],[7.07904,50.687493],[7.079198,50.687572],[7.079186,50.687642],[7.079149,50.687652],[7.079069,50.68763],[7.078988,50.687566],[7.07897,50.687512],[7.078883,50.687519],[7.078823,50.687558],[7.078703,50.68758],[7.078837,50.687791],[7.078853,50.68788],[7.07894,50.687955],[7.078898,50.687999],[7.078728,50.688007],[7.078595,50.688114],[7.078648,50.688159],[7.078876,50.688184],[7.081439,50.689949],[7.081623,50.689439],[7.081211,50.689358],[7.081228,50.689098],[7.081561,50.689156],[7.081749,50.688645],[7.082236,50.688767],[7.082516,50.688492],[7.082846,50.688555],[7.083089,50.688146],[7.083164,50.687939]]]},"properties":{"landuse_id":1021,"landuse_code":2600,"landuse":"Wald","environment":"forest","area_m2":135761}},{"type":"Feature","geometry":{"type":"MultiPolygon","coordinates":[[[[7.06714,50.716554],[7.066984,50.716611],[7.066725,50.717128],[7.066775,50.717134],[7.066901,50.716961],[7.067164,50.716566],[7.06714,50.716554]]],[[[7.066571,50.71712],[7.066322,50.71712],[7.066217,50.717098],[7.066089,50.717336],[7.066243,50.717435],[7.066406,50.717467],[7.066656,50.71713],[7.066571,50.71712]]],[[[7.066424,50.717104],[7.066293,50.717089],[7.066226,50.717078],[7.066222,50.717085],[7.066321,50.717107],[7.066424,50.717104]]]]},"properties":{"landuse_id":1034,"landuse_code":2670,"landuse":"Verkehrsbegleitgrün mit Baumbestand","environment":"urban_green","area_m2":1496}},{"type":"Feature","geometry":{"type":"MultiPolygon","coordinates":[[[[7.121647,50.710201],[7.120423,50.711442],[7.119485,50.711052],[7.118642,50.711781],[7.119672,50.71225],[7.119889,50.712273],[7.120081,50.712256],[7.120146,50.71223],[7.122981,50.709382],[7.122878,50.709284],[7.121931,50.709848],[7.12201,50.709901],[7.121647,50.710201]]],[[[7.119796,50.712302],[7.119808,50.712301],[7.119789,50.7123],[7.119796,50.712302]]]]},"properties":{"landuse_id":17009,"landuse_code":2680,"landuse":"sonstige (kl.) Gehölzfläche","environment":"urban_green","area_m2":19825}},{"type":"Feature","geometry":{"type":"Polygon","coordinates":[[[7.063786,50.702191],[7.063124,50.702022],[7.063058,50.702072],[7.063279,50.702265],[7.063543,50.702326],[7.063662,50.702306],[7.063786,50.702191]]]},"properties":{"landuse_id":4861,"landuse_code":2680,"landuse":"sonstige (kl.) Gehölzfläche","environment":"urban_green","area_m2":858}},{"type":"Feature","geometry":{"type":"Polygon","coordinates":[[[7.066398,50.715625],[7.066647,50.715406],[7.066744,50.715449],[7.067291,50.714977],[7.067265,50.714938],[7.067148,50.71489],[7.06696,50.714857],[7.066551,50.714845],[7.066256,50.714881],[7.066057,50.714978],[7.065963,50.715111],[7.065971,50.715253],[7.066087,50.715408],[7.066398,50.715625]]]},"properties":{"landuse_id":5634,"landuse_code":2670,"landuse":"Verkehrsbegleitgrün mit Baumbestand","environment":"urban_green","area_m2":5036}},{"type":"Feature","geometry":{"type":"Polygon","coordinates":[[[7.081223,50.66982],[7.081063,50.669914],[7.081093,50.669963],[7.081182,50.669947],[7.081359,50.669848],[7.081331,50.669802],[7.081269,50.669795],[7.081223,50.66982]]]},"properties":{"landuse_id":8732,"landuse_code":2600,"landuse":"Wald","environment":"forest","area_m2":202}},{"type":"Feature","geometry":{"type":"Polygon","coordinates":[[[7.152969,50.697536],[7.15304,50.697427],[7.152499,50.69711],[7.152443,50.697169],[7.152818,50.697311],[7.152703,50.697437],[7.152969,50.697536]]]},"properties":{"landuse_id":3621,"landuse_code":2645,"landuse":"Grün-/ Parkfläche mit Baumbestand","environment":"urban_green","area_m2":455}},{"type":"Feature","geometry":{"type":"Polygon","coordinates":[[[7.132081,50.661191],[7.132347,50.661367],[7.132369,50.661471],[7.132332,50.661683],[7.132375,50.66173],[7.132474,50.661783],[7.132592,50.661782],[7.132694,50.661717],[7.133622,50.662549],[7.133641,50.6629],[7.133699,50.662972],[7.133772,50.663023],[7.13418,50.663186],[7.134305,50.663305],[7.134291,50.663199],[7.133896,50.662699],[7.13376,50.662451],[7.132741,50.661528],[7.132406,50.66091],[7.132079,50.661138],[7.132081,50.661191]]]},"properties":{"landuse_id":1056,"landuse_code":2600,"landuse":"Wald","environment":"forest","area_m2":5540}},{"type":"Feature","geometry":{"type":"MultiPolygon","coordinates":[[[[7.068917,50.687141],[7.069063,50.686404],[7.068999,50.686253],[7.068997,50.686051],[7.068858,50.685759],[7.068821,50.685549],[7.068829,50.685303],[7.068734,50.6851],[7.068609,50.684949],[7.068564,50.685252],[7.068542,50.685284],[7.068478,50.6853],[7.068372,50.685296],[7.06839,50.685465],[7.068452,50.685656],[7.068767,50.686112],[7.068823,50.686312],[7.06883,50.686488],[7.068732,50.686531],[7.06874,50.686662],[7.068675,50.686877],[7.068371,50.687462],[7.069049,50.687395],[7.068887,50.687336],[7.068917,50.687141]]],[[[7.068587,50.686023],[7.068595,50.686032],[7.068603,50.686041],[7.068587,50.686023]]],[[[7.068571,50.686004],[7.068579,50.686013],[7.068587,50.686023],[7.068571,50.686004]]],[[[7.068556,50.685985],[7.068563,50.685995],[7.068571,50.686004],[7.068556,50.685985]]],[[[7.068541,50.685966],[7.068548,50.685976],[7.068556,50.685985],[7.068541,50.685966]]],[[[7.068526,50.685947],[7.068533,50.685957],[7.068541,50.685966],[7.068526,50.685947]]],[[[7.068512,50.685928],[7.068519,50.685938],[7.068526,50.685947],[7.068512,50.685928]]],[[[7.068498,50.685909],[7.068505,50.685918],[7.068512,50.685928],[7.068498,50.685909]]],[[[7.068484,50.685889],[7.068491,50.685899],[7.068498,50.685909],[7.068484,50.685889]]],[[[7.068471,50.68587],[7.068478,50.68588],[7.068484,50.685889],[7.068471,50.68587]]],[[[7.068458,50.68585],[7.068465,50.68586],[7.068471,50.68587],[7.068458,50.68585]]],[[[7.068446,50.685831],[7.068452,50.68584],[7.068458,50.68585],[7.068446,50.685831]]],[[[7.068434,50.685811],[7.06844,50.685821],[7.068446,50.685831],[7.068434,50.685811]]],[[[7.068422,50.685791],[7.068428,50.685801],[7.068434,50.685811],[7.068422,50.685791]]],[[[7.068411,50.685771],[7.068417,50.685781],[7.068422,50.685791],[7.068411,50.685771]]],[[[7.0684,50.685751],[7.068406,50.685761],[7.068411,50.685771],[7.0684,50.685751]]],[[[7.0684,50.685751],[7.06839,50.685731],[7.068395,50.685741],[7.0684,50.685751]]]]},"properties":{"landuse_id":1059,"landuse_code":2600,"landuse":"Wald","environment":"forest","area_m2":6031}},{"type":"Feature","geometry":{"type":"Polygon","coordinates":[[[7.075674,50.703167],[7.07632,50.703179],[7.076442,50.703091],[7.075803,50.702744],[7.075674,50.703167]]]},"properties":{"landuse_id":1078,"landuse_code":2680,"landuse":"sonstige (kl.) Gehölzfläche","environment":"urban_green","area_m2":1507}},{"type":"Feature","geometry":{"type":"Polygon","coordinates":[[[7.091502,50.716803],[7.092432,50.716834],[7.09248,50.716604],[7.092695,50.716251],[7.092788,50.715946],[7.092832,50.715207],[7.09259,50.715309],[7.092171,50.716072],[7.091749,50.716563],[7.091502,50.716803]]]},"properties":{"landuse_id":1136,"landuse_code":2600,"landuse":"Wald","environment":"forest","area_m2":6916}},{"type":"Feature","geometry":{"type":"Polygon","coordinates":[[[7.159038,50.727263],[7.15908,50.727291],[7.160596,50.726508],[7.16048,50.726446],[7.159038,50.727263]]]},"properties":{"landuse_id":1141,"landuse_code":2670,"landuse":"Verkehrsbegleitgrün mit Baumbestand","environment":"urban_green","area_m2":959}},{"type":"Feature","geometry":{"type":"Polygon","coordinates":[[[7.148515,50.743172],[7.148369,50.743109],[7.148154,50.742936],[7.148034,50.742725],[7.146815,50.742733],[7.147217,50.742849],[7.147312,50.742909],[7.147399,50.743064],[7.147417,50.743229],[7.147301,50.743364],[7.146817,50.743708],[7.147412,50.744089],[7.147607,50.744359],[7.14835,50.743794],[7.148756,50.743816],[7.149146,50.74408],[7.149543,50.743864],[7.149386,50.743205],[7.149462,50.743075],[7.149135,50.742973],[7.149042,50.742912],[7.148515,50.743172]],[[7.148311,50.743431],[7.148382,50.743388],[7.148481,50.743373],[7.14856,50.743446],[7.148721,50.743448],[7.148727,50.743483],[7.14869,50.743525],[7.148462,50.743489],[7.148341,50.743529],[7.148274,50.743494],[7.148311,50.743431]]]},"properties":{"landuse_id":21392,"landuse_code":2645,"landuse":"Grün-/ Parkfläche mit Baumbestand","environment":"urban_green","area_m2":19283}},{"type":"Feature","geometry":{"type":"MultiPolygon","coordinates":[[[[7.068285,50.68779],[7.068268,50.687588],[7.068155,50.687582],[7.068147,50.68766],[7.068193,50.687768],[7.068147,50.687759],[7.068204,50.687791],[7.068285,50.68779]]],[[[7.068053,50.687497],[7.068004,50.687668],[7.068043,50.687749],[7.068053,50.687497]]]]},"properties":{"landuse_id":3660,"landuse_code":2600,"landuse":"Wald","environment":"forest","area_m2":231}},{"type":"Feature","geometry":{"type":"Polygon","coordinates":[[[7.140444,50.754458],[7.1404,50.754554],[7.140421,50.754512],[7.140444,50.754458]]]},"properties":{"landuse_id":1159,"landuse_code":2670,"landuse":"Verkehrsbegleitgrün mit Baumbestand","environment":"urban_green","area_m2":1}},{"type":"Feature","geometry":{"type":"Polygon","coordinates":[[[7.088355,50.713637],[7.088269,50.713978],[7.088075,50.713956],[7.088013,50.714156],[7.088727,50.714214],[7.088839,50.713976],[7.089039,50.713725],[7.089229,50.713624],[7.089257,50.713219],[7.089245,50.713031],[7.089202,50.712969],[7.089218,50.712736],[7.08911,50.712666],[7.089081,50.712599],[7.088959,50.712511],[7.088888,50.712489],[7.088815,50.712369],[7.08881,50.712133],[7.088652,50.712005],[7.0887,50.71196],[7.088646,50.711746],[7.088736,50.711673],[7.08871,50.711376],[7.088265,50.711468],[7.088076,50.711544],[7.08801,50.711665],[7.087978,50.711945],[7.088326,50.711941],[7.088412,50.712005],[7.088526,50.712221],[7.088601,50.712478],[7.088832,50.71276],[7.088871,50.712908],[7.088898,50.713139],[7.088651,50.713659],[7.088355,50.713637]]]},"properties":{"landuse_id":1188,"landuse_code":2600,"landuse":"Wald","environment":"forest","area_m2":10534}},{"type":"Feature","geometry":{"type":"MultiPolygon","coordinates":[[[[7.15214,50.720176],[7.152517,50.719983],[7.151183,50.719861],[7.150773,50.719786],[7.150657,50.719821],[7.150259,50.720023],[7.150389,50.720159],[7.151647,50.720215],[7.15214,50.720176]]],[[[7.151749,50.720301],[7.151709,50.720254],[7.150394,50.720197],[7.150331,50.72017],[7.150204,50.720051],[7.149527,50.720401],[7.150111,50.72044],[7.150552,50.720434],[7.150984,50.720405],[7.151749,50.720301]]]]},"properties":{"landuse_id":7100,"landuse_code":2680,"landuse":"sonstige (kl.) Gehölzfläche","environment":"urban_green","area_m2":7906}},{"type":"Feature","geometry":{"type":"MultiPolygon","coordinates":[[[[7.102447,50.707523],[7.102318,50.707411],[7.102267,50.707311],[7.102291,50.707249],[7.102416,50.707178],[7.102631,50.707143],[7.10293,50.707032],[7.102548,50.707007],[7.10226,50.706941],[7.102241,50.706886],[7.102313,50.706765],[7.102425,50.70669],[7.102585,50.706508],[7.102879,50.706398],[7.102868,50.706369],[7.102409,50.706294],[7.101572,50.70633],[7.10126,50.706412],[7.100601,50.70664],[7.100358,50.70669],[7.100008,50.706722],[7.100176,50.706801],[7.100617,50.706944],[7.101126,50.707052],[7.102447,50.707523]]],[[[7.103762,50.706446],[7.103813,50.706388],[7.102516,50.70579],[7.102574,50.705614],[7.10228,50.705735],[7.10166,50.705879],[7.101947,50.705898],[7.102146,50.705816],[7.102302,50.705796],[7.102442,50.705747],[7.102468,50.705759],[7.102361,50.705794],[7.102098,50.705945],[7.101837,50.705979],[7.101641,50.705976],[7.101357,50.706032],[7.101459,50.706055],[7.101905,50.706081],[7.101875,50.706105],[7.101493,50.706199],[7.10145,50.706267],[7.101519,50.706309],[7.102416,50.706263],[7.102874,50.706343],[7.102938,50.706371],[7.102881,50.706423],[7.102688,50.706475],[7.102605,50.706526],[7.102495,50.706659],[7.102309,50.706797],[7.102282,50.706912],[7.102524,50.706985],[7.102969,50.707009],[7.103137,50.706774],[7.103431,50.706529],[7.103591,50.706444],[7.103775,50.706432],[7.103762,50.706446]]],[[[7.099353,50.705603],[7.099357,50.705721],[7.099357,50.705721],[7.099358,50.705699],[7.099361,50.705638],[7.099361,50.705628],[7.09936,50.705618],[7.099356,50.705608],[7.099353,50.705603]]],[[[7.101223,50.707141],[7.101296,50.707165],[7.10125,50.707147],[7.101223,50.707141]]],[[[7.100938,50.70593],[7.100414,50.706075],[7.100258,50.706095],[7.100052,50.706063],[7.099748,50.70592],[7.099435,50.705875],[7.099418,50.706303],[7.099469,50.706476],[7.099561,50.706536],[7.099976,50.706706],[7.100532,50.706638],[7.101514,50.706326],[7.10142,50.706259],[7.101459,50.706193],[7.101867,50.706089],[7.101398,50.706066],[7.101336,50.706046],[7.101344,50.706008],[7.101617,50.70596],[7.101849,50.705961],[7.10207,50.705933],[7.10228,50.705809],[7.102152,50.705828],[7.10194,50.705913],[7.101614,50.705886],[7.100938,50.70593]]],[[[7.100146,50.705917],[7.099788,50.705922],[7.100083,50.706055],[7.100258,50.70608],[7.100368,50.706069],[7.100862,50.705935],[7.100417,50.705956],[7.100146,50.705917]]],[[[7.099458,50.705577],[7.099419,50.705606],[7.099401,50.705835],[7.099791,50.7059],[7.100085,50.705898],[7.099877,50.70581],[7.099458,50.705577]]]]},"properties":{"landuse_id":7545,"landuse_code":2600,"landuse":"Wald","environment":"forest","area_m2":33887}},{"type":"Feature","geometry":{"type":"Polygon","coordinates":[[[7.069379,50.704776],[7.068843,50.704697],[7.068784,50.705071],[7.069068,50.705087],[7.069194,50.705047],[7.069379,50.704776]]]},"properties":{"landuse_id":1206,"landuse_code":2680,"landuse":"sonstige (kl.) Gehölzfläche","environment":"urban_green","area_m2":1299}},{"type":"Feature","geometry":{"type":"Polygon","coordinates":[[[7.159364,50.727483],[7.159466,50.727551],[7.160523,50.72722],[7.161453,50.72696],[7.160907,50.726688],[7.159364,50.727483]]]},"properties":{"landuse_id":7116,"landuse_code":2670,"landuse":"Verkehrsbegleitgrün mit Baumbestand","environment":"urban_green","area_m2":3905}},{"type":"Feature","geometry":{"type":"Polygon","coordinates":[[[7.060365,50.678453],[7.05922,50.680052],[7.060217,50.679471],[7.060392,50.678984],[7.060365,50.678453]]]},"properties":{"landuse_id":1219,"landuse_code":2670,"landuse":"Verkehrsbegleitgrün mit Baumbestand","environment":"urban_green","area_m2":4090}},{"type":"Feature","geometry":{"type":"Polygon","coordinates":[[[7.063201,50.697348],[7.06304,50.697326],[7.062733,50.697343],[7.062523,50.697429],[7.062923,50.697499],[7.063218,50.697646],[7.063452,50.697922],[7.0638,50.698256],[7.064064,50.698845],[7.064079,50.699026],[7.064226,50.699194],[7.064325,50.699602],[7.064314,50.699847],[7.06436,50.699845],[7.06438,50.699898],[7.064398,50.700077],[7.06464,50.700032],[7.064666,50.700024],[7.064629,50.69953],[7.064432,50.698842],[7.064062,50.698111],[7.063834,50.697783],[7.063511,50.697459],[7.063434,50.697399],[7.063201,50.697348]]]},"properties":{"landuse_id":3667,"landuse_code":2680,"landuse":"sonstige (kl.) Gehölzfläche","environment":"urban_green","area_m2":8427}},{"type":"Feature","geometry":{"type":"Polygon","coordinates":[[[7.064421,50.697192],[7.06439,50.69716],[7.064374,50.697356],[7.064557,50.697699],[7.064666,50.6981],[7.064995,50.698521],[7.06501,50.69813],[7.064966,50.69799],[7.064775,50.697586],[7.064502,50.697314],[7.064421,50.697192]]]},"properties":{"landuse_id":4013,"landuse_code":2600,"landuse":"Wald","environment":"forest","area_m2":2322}},{"type":"Feature","geometry":{"type":"Polygon","coordinates":[[[7.156467,50.682346],[7.156254,50.682515],[7.156212,50.682676],[7.156134,50.682727],[7.15557,50.682641],[7.155523,50.682668],[7.154673,50.68253],[7.154616,50.682572],[7.15437,50.682427],[7.154603,50.682262],[7.154449,50.682164],[7.154312,50.682201],[7.154195,50.682197],[7.154062,50.68214],[7.154016,50.682076],[7.15367,50.68212],[7.153731,50.682255],[7.155828,50.683406],[7.156304,50.683075],[7.157696,50.682558],[7.156859,50.681968],[7.156555,50.682221],[7.156467,50.682346]]]},"properties":{"landuse_id":17819,"landuse_code":2645,"landuse":"Grün-/ Parkfläche mit Baumbestand","environment":"urban_green","area_m2":14969}},{"type":"Feature","geometry":{"type":"Polygon","coordinates":[[[7.060226,50.726078],[7.060295,50.726159],[7.06116,50.725866],[7.06108,50.725785],[7.060226,50.726078]]]},"properties":{"landuse_id":1257,"landuse_code":2680,"landuse":"sonstige (kl.) Gehölzfläche","environment":"urban_green","area_m2":718}},{"type":"Feature","geometry":{"type":"Polygon","coordinates":[[[7.15833,50.714672],[7.158555,50.714837],[7.158656,50.714868],[7.159282,50.714377],[7.159286,50.71434],[7.159139,50.714241],[7.159112,50.714246],[7.15833,50.714672]]]},"properties":{"landuse_id":17845,"landuse_code":2680,"landuse":"sonstige (kl.) Gehölzfläche","environment":"urban_green","area_m2":1841}},{"type":"Feature","geometry":{"type":"Polygon","coordinates":[[[7.178481,50.724494],[7.178492,50.724604],[7.179057,50.724637],[7.179334,50.723579],[7.179143,50.723532],[7.178619,50.723259],[7.178357,50.723935],[7.178212,50.723915],[7.177958,50.72444],[7.178105,50.724471],[7.178125,50.724427],[7.178481,50.724494]]]},"properties":{"landuse_id":1267,"landuse_code":2600,"landuse":"Wald","environment":"forest","area_m2":8664}},{"type":"Feature","geometry":{"type":"Polygon","coordinates":[[[7.139846,50.687439],[7.140345,50.687351],[7.140384,50.687449],[7.140724,50.687393],[7.140514,50.687176],[7.141066,50.687074],[7.140218,50.686575],[7.139642,50.68675],[7.139846,50.687439]],[[7.13997,50.686713],[7.140025,50.686681],[7.140058,50.686705],[7.140129,50.686673],[7.140098,50.686757],[7.140005,50.686793],[7.13997,50.686713]]]},"properties":{"landuse_id":4886,"landuse_code":2600,"landuse":"Wald","environment":"forest","area_m2":5605}},{"type":"Feature","geometry":{"type":"Polygon","coordinates":[[[7.162198,50.660169],[7.162267,50.660121],[7.162406,50.660191],[7.162539,50.660128],[7.162246,50.659874],[7.162617,50.659725],[7.163331,50.659524],[7.163006,50.659103],[7.162752,50.659174],[7.161997,50.658617],[7.161295,50.658871],[7.160533,50.659264],[7.161813,50.659879],[7.162198,50.660169]]]},"properties":{"landuse_id":1303,"landuse_code":2600,"landuse":"Wald","environment":"forest","area_m2":16100}},{"type":"Feature","geometry":{"type":"MultiPolygon","coordinates":[[[[7.146938,50.679671],[7.147411,50.679432],[7.147746,50.679477],[7.147494,50.67939],[7.146966,50.679289],[7.146851,50.679228],[7.146799,50.679186],[7.146653,50.678892],[7.14554,50.678365],[7.145337,50.678181],[7.145141,50.67795],[7.145041,50.677764],[7.144622,50.677932],[7.14457,50.677995],[7.144578,50.678032],[7.144912,50.67821],[7.144937,50.678262],[7.144918,50.678375],[7.145588,50.678795],[7.145618,50.678783],[7.146027,50.678923],[7.146337,50.679196],[7.146289,50.67922],[7.146792,50.679522],[7.146938,50.679671]]],[[[7.147823,50.679488],[7.147873,50.679494],[7.147535,50.679377],[7.147823,50.679488]]],[[[7.14673,50.678962],[7.146712,50.678904],[7.146671,50.678867],[7.146717,50.678944],[7.14673,50.678962]]],[[[7.146667,50.678863],[7.146166,50.678621],[7.14629,50.678698],[7.146667,50.678863]]],[[[7.1461,50.678591],[7.145551,50.67834],[7.145557,50.678344],[7.145939,50.678524],[7.146003,50.678557],[7.1461,50.678591]]],[[[7.145526,50.678323],[7.145518,50.678315],[7.145521,50.678319],[7.145526,50.678323]]],[[[7.145378,50.678177],[7.145254,50.67805],[7.145319,50.67813],[7.145349,50.678157],[7.145378,50.678177]]],[[[7.145092,50.677784],[7.145071,50.677732],[7.145063,50.677739],[7.145092,50.677784]]]]},"properties":{"landuse_id":1316,"landuse_code":2645,"landuse":"Grün-/ Parkfläche mit Baumbestand","environment":"urban_green","area_m2":8816}},{"type":"Feature","geometry":{"type":"MultiPolygon","coordinates":[[[[7.181561,50.654552],[7.181177,50.653996],[7.181037,50.654028],[7.181121,50.654149],[7.180917,50.654163],[7.181014,50.654308],[7.180983,50.654331],[7.179988,50.653981],[7.179794,50.65388],[7.179401,50.653574],[7.179154,50.653433],[7.178869,50.653319],[7.178551,50.653228],[7.17767,50.652777],[7.177448,50.65277],[7.177832,50.652926],[7.178224,50.65313],[7.179187,50.653514],[7.179415,50.653664],[7.179583,50.653823],[7.179954,50.654042],[7.180471,50.6542],[7.181464,50.654578],[7.181914,50.655028],[7.182015,50.65509],[7.182237,50.655145],[7.182465,50.655155],[7.183071,50.655027],[7.182333,50.654364],[7.181561,50.654552]]],[[[7.179249,50.653611],[7.179384,50.65371],[7.17916,50.653546],[7.179249,50.653611]]],[[[7.180789,50.654358],[7.180775,50.654353],[7.18077,50.654352],[7.180789,50.654358]]],[[[7.18224,50.655202],[7.182378,50.655245],[7.182562,50.655234],[7.182724,50.655204],[7.18312,50.655071],[7.182546,50.655181],[7.182344,50.655195],[7.182182,50.65518],[7.18224,50.655202]]]]},"properties":{"landuse_id":17933,"landuse_code":2600,"landuse":"Wald","environment":"forest","area_m2":9104}},{"type":"Feature","geometry":{"type":"Polygon","coordinates":[[[7.133004,50.700282],[7.131893,50.700999],[7.131199,50.701482],[7.131605,50.701643],[7.131644,50.70164],[7.133452,50.700475],[7.133004,50.700282]]]},"properties":{"landuse_id":3672,"landuse_code":2680,"landuse":"sonstige (kl.) Gehölzfläche","environment":"urban_green","area_m2":6691}},{"type":"Feature","geometry":{"type":"MultiPolygon","coordinates":[[[[7.168551,50.717659],[7.168573,50.717766],[7.168585,50.717679],[7.168533,50.717646],[7.168551,50.717659]]],[[[7.168411,50.718372],[7.168436,50.718456],[7.168409,50.718347],[7.168411,50.718372]]],[[[7.17387,50.714745],[7.174027,50.714533],[7.174061,50.714488],[7.173989,50.71457],[7.173896,50.714703],[7.17388,50.714726],[7.17387,50.714745],[7.17387,50.714745]]],[[[7.174991,50.713426],[7.174987,50.713431],[7.174978,50.713441],[7.174991,50.713426]]],[[[7.173953,50.713357],[7.173961,50.713429],[7.173924,50.713505],[7.173371,50.714134],[7.172503,50.713805],[7.171234,50.714294],[7.171038,50.714277],[7.170938,50.714625],[7.17094,50.714713],[7.171308,50.71508],[7.171397,50.715197],[7.171399,50.71526],[7.17134,50.715316],[7.171055,50.715463],[7.17099,50.715655],[7.170835,50.715537],[7.17082,50.715483],[7.170744,50.715447],[7.170719,50.715467],[7.170534,50.715348],[7.170461,50.715389],[7.170856,50.715698],[7.170343,50.715957],[7.170129,50.715863],[7.169796,50.716337],[7.169972,50.716494],[7.169929,50.716809],[7.16998,50.717006],[7.169948,50.717032],[7.170093,50.717299],[7.16951,50.717326],[7.169138,50.71737],[7.168797,50.717348],[7.168712,50.717475],[7.168652,50.717738],[7.168439,50.718187],[7.168507,50.718376],[7.168552,50.718415],[7.168657,50.718361],[7.168834,50.718205],[7.168966,50.718156],[7.169081,50.71815],[7.169295,50.718255],[7.169772,50.71785],[7.16974,50.717838],[7.169795,50.717788],[7.169786,50.717746],[7.170602,50.717091],[7.17204,50.71572],[7.174429,50.713091],[7.174257,50.713128],[7.174239,50.713158],[7.173892,50.713274],[7.173953,50.713357]],[[7.171431,50.715116],[7.17137,50.715052],[7.171537,50.714985],[7.171483,50.714928],[7.171339,50.714885],[7.171228,50.714822],[7.171111,50.714674],[7.171109,50.714532],[7.171199,50.714402],[7.171332,50.714319],[7.172196,50.713974],[7.172447,50.713949],[7.172712,50.714008],[7.172896,50.714144],[7.172947,50.714265],[7.172933,50.714373],[7.173021,50.714455],[7.171431,50.715116]],[[7.169109,50.717689],[7.169342,50.717759],[7.169248,50.717882],[7.169017,50.717812],[7.169109,50.717689]]],[[[7.174861,50.713177],[7.172775,50.715488],[7.17208,50.716206],[7.170507,50.717667],[7.169609,50.718406],[7.169913,50.718546],[7.169949,50.718542],[7.171366,50.717285],[7.173359,50.715311],[7.173744,50.714893],[7.173978,50.714548],[7.17441,50.714023],[7.174964,50.713412],[7.175262,50.713135],[7.175261,50.713066],[7.175201,50.713035],[7.175002,50.713019],[7.174861,50.713177]]]]},"properties":{"landuse_id":21396,"landuse_code":2600,"landuse":"Wald","environment":"forest","area_m2":54215}},{"type":"Feature","geometry":{"type":"MultiPolygon","coordinates":[[[[7.06259,50.633102],[7.062981,50.635106],[7.067379,50.634701],[7.067412,50.634609],[7.067457,50.634608],[7.067453,50.634581],[7.067906,50.634595],[7.068265,50.634637],[7.068258,50.634584],[7.06733,50.634321],[7.065938,50.6338],[7.065083,50.633539],[7.064392,50.633373],[7.063606,50.633227],[7.06259,50.633102]]],[[[7.068498,50.634572],[7.068498,50.634572],[7.068496,50.634572],[7.068498,50.634572]]]]},"properties":{"landuse_id":44,"landuse_code":2600,"landuse":"Wald","environment":"forest","area_m2":48213}},{"type":"Feature","geometry":{"type":"Polygon","coordinates":[[[7.061487,50.675566],[7.060453,50.677178],[7.060426,50.677269],[7.060285,50.677478],[7.060368,50.6775],[7.06112,50.676323],[7.061487,50.675566]]]},"properties":{"landuse_id":1401,"landuse_code":2670,"landuse":"Verkehrsbegleitgrün mit Baumbestand","environment":"urban_green","area_m2":1503}},{"type":"Feature","geometry":{"type":"Polygon","coordinates":[[[7.046219,50.75413],[7.046215,50.753981],[7.046166,50.753998],[7.046186,50.754572],[7.046144,50.754653],[7.04381,50.755749],[7.043634,50.755584],[7.043545,50.755427],[7.043514,50.755226],[7.043591,50.75514],[7.043368,50.755112],[7.043315,50.755248],[7.043313,50.755467],[7.043503,50.755836],[7.043625,50.755961],[7.043716,50.755875],[7.046217,50.754687],[7.046219,50.75413]]]},"properties":{"landuse_id":5071,"landuse_code":2670,"landuse":"Verkehrsbegleitgrün mit Baumbestand","environment":"urban_green","area_m2":3061}},{"type":"Feature","geometry":{"type":"Polygon","coordinates":[[[7.138917,50.760848],[7.139873,50.760613],[7.139815,50.760519],[7.138866,50.760755],[7.138917,50.760848]]]},"properties":{"landuse_id":1408,"landuse_code":2680,"landuse":"sonstige (kl.) Gehölzfläche","environment":"urban_green","area_m2":799}},{"type":"Feature","geometry":{"type":"Polygon","coordinates":[[[7.091707,50.70821],[7.091711,50.7081],[7.091548,50.707739],[7.091166,50.707774],[7.090614,50.708044],[7.090612,50.708151],[7.090661,50.708243],[7.090932,50.708111],[7.091115,50.708122],[7.091159,50.708167],[7.091167,50.708238],[7.091069,50.708235],[7.090908,50.708272],[7.090804,50.708344],[7.090991,50.708589],[7.09164,50.708368],[7.091707,50.70821]]]},"properties":{"landuse_id":5731,"landuse_code":2680,"landuse":"sonstige (kl.) Gehölzfläche","environment":"urban_green","area_m2":4416}},{"type":"Feature","geometry":{"type":"MultiPolygon","coordinates":[[[[7.134801,50.674519],[7.133979,50.674056],[7.133985,50.673732],[7.133717,50.673363],[7.133545,50.673215],[7.133345,50.673099],[7.132697,50.672852],[7.132645,50.67274],[7.132424,50.672641],[7.131844,50.672936],[7.131116,50.673177],[7.131017,50.673166],[7.130032,50.672707],[7.129761,50.672713],[7.129753,50.672804],[7.129632,50.672882],[7.129727,50.673038],[7.130726,50.67308],[7.130766,50.673105],[7.1305,50.673106],[7.129783,50.673055],[7.129524,50.673078],[7.129077,50.673174],[7.128862,50.673292],[7.128748,50.673399],[7.129093,50.673515],[7.129261,50.673692],[7.129837,50.674108],[7.130198,50.674255],[7.130831,50.674747],[7.131184,50.674949],[7.131611,50.674995],[7.131846,50.675054],[7.132129,50.675063],[7.132662,50.675213],[7.132845,50.675122],[7.133136,50.675107],[7.133409,50.675147],[7.133645,50.675132],[7.134233,50.675195],[7.134441,50.675116],[7.134452,50.675157],[7.134251,50.675221],[7.133643,50.675163],[7.133799,50.675513],[7.133955,50.675554],[7.133956,50.675671],[7.134384,50.675545],[7.134457,50.675245],[7.134454,50.674964],[7.134483,50.6749],[7.134685,50.674762],[7.134801,50.674519]]],[[[7.132162,50.675768],[7.13247,50.675853],[7.132962,50.676049],[7.133336,50.676101],[7.133782,50.676345],[7.13388,50.67644],[7.133905,50.676227],[7.133892,50.675621],[7.133744,50.675533],[7.133615,50.675245],[7.133526,50.675168],[7.133398,50.675173],[7.133137,50.675138],[7.132865,50.67515],[7.132677,50.675243],[7.132119,50.675089],[7.131845,50.675082],[7.131591,50.675022],[7.131127,50.674981],[7.130814,50.674777],[7.130173,50.674277],[7.12981,50.674127],[7.129227,50.673705],[7.129067,50.673536],[7.12872,50.673424],[7.128494,50.673608],[7.128338,50.6738],[7.127551,50.674553],[7.127468,50.674709],[7.127585,50.674966],[7.127775,50.674875],[7.128368,50.675052],[7.128755,50.67508],[7.129002,50.675001],[7.129551,50.674927],[7.130375,50.675011],[7.130777,50.675094],[7.131161,50.675113],[7.131312,50.675173],[7.131545,50.675424],[7.132162,50.675768]]]]},"properties":{"landuse_id":17242,"landuse_code":2600,"landuse":"Wald","environment":"forest","area_m2":114146}},{"type":"Feature","geometry":{"type":"MultiPolygon","coordinates":[[[[7.057761,50.682367],[7.057428,50.683129],[7.057354,50.683367],[7.057601,50.683275],[7.057835,50.682414],[7.057761,50.682367]]],[[[7.0576,50.682264],[7.057092,50.683467],[7.057617,50.682276],[7.0576,50.682264]]]]},"properties":{"landuse_id":6060,"landuse_code":2670,"landuse":"Verkehrsbegleitgrün mit Baumbestand","environment":"urban_green","area_m2":1416}},{"type":"Feature","geometry":{"type":"MultiPolygon","coordinates":[[[[7.110439,50.761543],[7.11086,50.762849],[7.110847,50.763081],[7.110214,50.763714],[7.110115,50.763783],[7.109255,50.764174],[7.109224,50.764152],[7.10847,50.764426],[7.108551,50.764484],[7.108189,50.76469],[7.108637,50.764977],[7.109609,50.764411],[7.111011,50.76349],[7.111035,50.762654],[7.111064,50.762649],[7.11101,50.762387],[7.11096,50.762218],[7.110623,50.761648],[7.110384,50.761125],[7.110439,50.761543]]],[[[7.108146,50.764714],[7.108401,50.764875],[7.108152,50.764711],[7.108146,50.764714]]]]},"properties":{"landuse_id":19806,"landuse_code":2670,"landuse":"Verkehrsbegleitgrün mit Baumbestand","environment":"urban_green","area_m2":12202}},{"type":"Feature","geometry":{"type":"Polygon","coordinates":[[[7.147906,50.65593],[7.147764,50.65586],[7.147703,50.655793],[7.147406,50.655315],[7.147287,50.655291],[7.14694,50.655429],[7.147187,50.655683],[7.147537,50.655982],[7.148159,50.656259],[7.149762,50.656877],[7.149821,50.656766],[7.149797,50.656709],[7.149516,50.656514],[7.148649,50.656193],[7.148322,50.656114],[7.148005,50.656007],[7.147883,50.655946],[7.147906,50.65593]]]},"properties":{"landuse_id":1450,"landuse_code":2600,"landuse":"Wald","environment":"forest","area_m2":6082}},{"type":"Feature","geometry":{"type":"Polygon","coordinates":[[[7.140946,50.650814],[7.140894,50.650678],[7.140901,50.650451],[7.140442,50.650351],[7.139407,50.65025],[7.139102,50.650182],[7.139384,50.649542],[7.138324,50.649318],[7.138288,50.649207],[7.138332,50.649025],[7.138278,50.648886],[7.137844,50.648834],[7.137811,50.648994],[7.137834,50.649426],[7.138218,50.650068],[7.138443,50.650896],[7.139058,50.651275],[7.139887,50.65196],[7.140057,50.652189],[7.140292,50.652316],[7.140768,50.652438],[7.140594,50.651593],[7.140844,50.651441],[7.141011,50.651274],[7.140946,50.650814]]]},"properties":{"landuse_id":83,"landuse_code":2600,"landuse":"Wald","environment":"forest","area_m2":37438}},{"type":"Feature","geometry":{"type":"Polygon","coordinates":[[[7.143999,50.676829],[7.1438,50.676985],[7.14361,50.676946],[7.143619,50.677079],[7.143679,50.677222],[7.143857,50.677488],[7.144094,50.677764],[7.144139,50.67775],[7.144528,50.67804],[7.144532,50.677943],[7.144572,50.677912],[7.144283,50.677488],[7.144524,50.677429],[7.144345,50.677111],[7.144166,50.677141],[7.143999,50.676829]]]},"properties":{"landuse_id":17245,"landuse_code":2680,"landuse":"sonstige (kl.) Gehölzfläche","environment":"urban_green","area_m2":4018}},{"type":"Feature","geometry":{"type":"Polygon","coordinates":[[[7.146162,50.73852],[7.146904,50.737714],[7.147374,50.737117],[7.147444,50.736987],[7.147393,50.736884],[7.147349,50.736987],[7.146252,50.73828],[7.146048,50.738421],[7.146162,50.73852]]]},"properties":{"landuse_id":2769,"landuse_code":2670,"landuse":"Verkehrsbegleitgrün mit Baumbestand","environment":"urban_green","area_m2":1899}},{"type":"Feature","geometry":{"type":"MultiPolygon","coordinates":[[[[7.071795,50.74463],[7.071865,50.744792],[7.071838,50.744681],[7.071868,50.744525],[7.071795,50.74463]]],[[[7.071842,50.744326],[7.071653,50.743781],[7.071416,50.743768],[7.071402,50.74399],[7.071708,50.744169],[7.071842,50.744326]]]]},"properties":{"landuse_id":6752,"landuse_code":2670,"landuse":"Verkehrsbegleitgrün mit Baumbestand","environment":"urban_green","area_m2":858}},{"type":"Feature","geometry":{"type":"MultiPolygon","coordinates":[[[[7.153704,50.736092],[7.153922,50.736132],[7.153972,50.736091],[7.153858,50.735853],[7.153843,50.735639],[7.153741,50.735393],[7.153939,50.734902],[7.154038,50.734396],[7.154046,50.734016],[7.154094,50.733759],[7.154487,50.733203],[7.154746,50.732919],[7.154881,50.732425],[7.15482,50.731935],[7.154191,50.731916],[7.154194,50.731791],[7.154163,50.731739],[7.153454,50.731707],[7.15322,50.731742],[7.153029,50.731846],[7.152959,50.731952],[7.152854,50.732274],[7.152715,50.732417],[7.15258,50.732481],[7.152413,50.732524],[7.15205,50.732528],[7.15184,50.732714],[7.151586,50.732995],[7.151715,50.733106],[7.151823,50.733365],[7.152028,50.733715],[7.152037,50.734137],[7.152298,50.734724],[7.152904,50.735867],[7.153032,50.736005],[7.153704,50.736092]]],[[[7.151623,50.733082],[7.151661,50.733153],[7.151695,50.733209],[7.151656,50.733108],[7.151623,50.733082]]]]},"properties":{"landuse_id":3199,"landuse_code":2600,"landuse":"Wald","environment":"forest","area_m2":64804}},{"type":"Feature","geometry":{"type":"Polygon","coordinates":[[[7.118022,50.680122],[7.11845,50.681294],[7.118537,50.681203],[7.118562,50.681098],[7.118644,50.680984],[7.118864,50.680781],[7.118929,50.680414],[7.118022,50.680122]]]},"properties":{"landuse_id":1576,"landuse_code":2600,"landuse":"Wald","environment":"forest","area_m2":4036}},{"type":"Feature","geometry":{"type":"MultiPolygon","coordinates":[[[[7.14105,50.667357],[7.139977,50.667067],[7.14073,50.667613],[7.140813,50.667608],[7.14105,50.667357]]],[[[7.137733,50.665061],[7.137838,50.665141],[7.137883,50.665184],[7.137899,50.665184],[7.137733,50.665061]]],[[[7.138443,50.665728],[7.138871,50.666143],[7.139238,50.666681],[7.139386,50.666836],[7.140658,50.667701],[7.140663,50.667783],[7.140709,50.667742],[7.140722,50.667661],[7.139419,50.666716],[7.139195,50.66636],[7.138588,50.66576],[7.138443,50.665728]]]]},"properties":{"landuse_id":17316,"landuse_code":2680,"landuse":"sonstige (kl.) Gehölzfläche","environment":"urban_green","area_m2":3823}},{"type":"Feature","geometry":{"type":"MultiPolygon","coordinates":[[[[7.044764,50.676164],[7.044538,50.676186],[7.044237,50.676178],[7.044529,50.676196],[7.044764,50.676164]]],[[[7.043419,50.676714],[7.043379,50.676823],[7.043374,50.676857],[7.043379,50.676843],[7.043419,50.676714]]],[[[7.044274,50.679009],[7.044308,50.679082],[7.044312,50.679081],[7.044274,50.679009]]],[[[7.044353,50.679078],[7.051978,50.678402],[7.050904,50.675871],[7.050475,50.674973],[7.050322,50.674973],[7.044679,50.676208],[7.044341,50.676218],[7.043826,50.676128],[7.043709,50.676128],[7.043642,50.676158],[7.043393,50.676961],[7.044062,50.678505],[7.044353,50.679078]]]]},"properties":{"landuse_id":1587,"landuse_code":2600,"landuse":"Wald","environment":"forest","area_m2":189274}},{"type":"Feature","geometry":{"type":"Polygon","coordinates":[[[7.191474,50.645342],[7.191603,50.645538],[7.191803,50.64571],[7.191825,50.645702],[7.192126,50.645896],[7.192805,50.646238],[7.193233,50.646103],[7.193228,50.646011],[7.193311,50.645921],[7.192435,50.645417],[7.192191,50.645344],[7.191474,50.645342]]]},"properties":{"landuse_id":1653,"landuse_code":2680,"landuse":"sonstige (kl.) Gehölzfläche","environment":"urban_green","area_m2":6461}},{"type":"Feature","geometry":{"type":"Polygon","coordinates":[[[7.138155,50.766242],[7.138069,50.766178],[7.137527,50.766468],[7.137794,50.766422],[7.138155,50.766242]]]},"properties":{"landuse_id":2789,"landuse_code":2680,"landuse":"sonstige (kl.) Gehölzfläche","environment":"urban_green","area_m2":405}},{"type":"Feature","geometry":{"type":"MultiPolygon","coordinates":[[[[7.087133,50.648238],[7.087077,50.648233],[7.083891,50.646774],[7.083651,50.647072],[7.0833,50.648178],[7.087057,50.64881],[7.087077,50.648233],[7.087133,50.648238]]],[[[7.087106,50.648617],[7.087122,50.648391],[7.087109,50.648555],[7.087106,50.648617]]]]},"properties":{"landuse_id":1600,"landuse_code":2600,"landuse":"Wald","environment":"forest","area_m2":30314}},{"type":"Feature","geometry":{"type":"Polygon","coordinates":[[[7.035412,50.650906],[7.03469,50.651813],[7.033079,50.654051],[7.032463,50.654616],[7.031818,50.654716],[7.036633,50.656259],[7.0377,50.656654],[7.040152,50.655695],[7.040278,50.655614],[7.035412,50.650906]],[[7.034795,50.654885],[7.0349,50.654878],[7.035045,50.654906],[7.035208,50.655036],[7.035222,50.655112],[7.035186,50.655161],[7.035009,50.655231],[7.034845,50.655192],[7.034777,50.655147],[7.034757,50.655102],[7.034795,50.654885]],[[7.036437,50.655068],[7.036414,50.655031],[7.036435,50.655007],[7.036531,50.655003],[7.03691,50.655056],[7.037144,50.65504],[7.037166,50.655083],[7.037127,50.655113],[7.03683,50.655162],[7.036437,50.655068]]]},"properties":{"landuse_id":1620,"landuse_code":2600,"landuse":"Wald","environment":"forest","area_m2":171122}},{"type":"Feature","geometry":{"type":"Polygon","coordinates":[[[7.088119,50.661796],[7.096136,50.664614],[7.098712,50.661232],[7.098676,50.66117],[7.096116,50.659475],[7.096024,50.659435],[7.088251,50.657914],[7.088229,50.657931],[7.088307,50.659483],[7.088258,50.660399],[7.088119,50.661796]],[[7.096335,50.663898],[7.096453,50.663821],[7.096509,50.663816],[7.096551,50.663838],[7.096484,50.663946],[7.096428,50.663964],[7.096308,50.663952],[7.096335,50.663898]]]},"properties":{"landuse_id":1617,"landuse_code":2600,"landuse":"Wald","environment":"forest","area_m2":334596}},{"type":"Feature","geometry":{"type":"Polygon","coordinates":[[[7.189198,50.732129],[7.1892,50.732342],[7.189821,50.731864],[7.190128,50.731735],[7.19023,50.731621],[7.190256,50.731547],[7.190681,50.731225],[7.190574,50.731074],[7.190315,50.731235],[7.189198,50.732129]]]},"properties":{"landuse_id":1629,"landuse_code":2600,"landuse":"Wald","environment":"forest","area_m2":2858}},{"type":"Feature","geometry":{"type":"MultiPolygon","coordinates":[[[[7.155656,50.664644],[7.155727,50.66434],[7.155633,50.664644],[7.155656,50.664644]]],[[[7.15577,50.664045],[7.155788,50.663873],[7.155789,50.663865],[7.155774,50.663866],[7.155774,50.663959],[7.15577,50.664045]]]]},"properties":{"landuse_id":1644,"landuse_code":2670,"landuse":"Verkehrsbegleitgrün mit Baumbestand","environment":"urban_green","area_m2":27}},{"type":"Feature","geometry":{"type":"Polygon","coordinates":[[[7.0819,50.70893],[7.082291,50.708363],[7.081052,50.708285],[7.081042,50.708303],[7.081146,50.708349],[7.08128,50.70835],[7.081379,50.708453],[7.081451,50.708455],[7.08149,50.708508],[7.081599,50.708547],[7.081769,50.708446],[7.081956,50.708507],[7.081866,50.708572],[7.0817,50.708589],[7.081761,50.708661],[7.081602,50.708732],[7.081504,50.70884],[7.081378,50.709097],[7.081339,50.70936],[7.081254,50.709454],[7.081293,50.709689],[7.081233,50.709797],[7.081273,50.709862],[7.08153,50.709908],[7.081636,50.709949],[7.081759,50.709662],[7.081974,50.7097],[7.082204,50.709609],[7.082453,50.709038],[7.0819,50.70893]]]},"properties":{"landuse_id":968,"landuse_code":2600,"landuse":"Wald","environment":"forest","area_m2":8918}},{"type":"Feature","geometry":{"type":"MultiPolygon","coordinates":[[[[7.038175,50.758913],[7.038367,50.759086],[7.039928,50.758168],[7.038367,50.759086],[7.038175,50.758913],[7.038989,50.758421],[7.040819,50.757343],[7.041045,50.757247],[7.043364,50.756035],[7.043529,50.756009],[7.043261,50.755752],[7.043166,50.755592],[7.043106,50.755405],[7.043075,50.755441],[7.04308,50.755565],[7.043236,50.755999],[7.043174,50.756075],[7.042997,50.756159],[7.042842,50.756197],[7.042303,50.756246],[7.040988,50.756208],[7.040644,50.756502],[7.040585,50.756593],[7.040583,50.756791],[7.040476,50.757063],[7.040274,50.757248],[7.040043,50.757375],[7.03947,50.757569],[7.0388,50.757676],[7.038233,50.757718],[7.037498,50.757695],[7.037132,50.7579],[7.037065,50.757902],[7.038175,50.758913]]],[[[7.043127,50.75574],[7.042928,50.755779],[7.042923,50.755758],[7.04277,50.755826],[7.042413,50.755818],[7.042411,50.755895],[7.041578,50.755881],[7.041171,50.755811],[7.040781,50.755708],[7.040239,50.755501],[7.040252,50.755265],[7.040005,50.755266],[7.040003,50.755002],[7.03989,50.755001],[7.039895,50.754864],[7.039365,50.754872],[7.039029,50.754422],[7.03903,50.753868],[7.039193,50.753634],[7.038777,50.753912],[7.03861,50.754072],[7.038372,50.75424],[7.038345,50.75429],[7.038362,50.754381],[7.038484,50.754684],[7.038824,50.755055],[7.039281,50.755725],[7.0395,50.755917],[7.039672,50.756001],[7.040188,50.75616],[7.040318,50.756178],[7.042165,50.75623],[7.042421,50.75622],[7.042875,50.756173],[7.043153,50.756062],[7.043209,50.755986],[7.043127,50.75574]]]]},"properties":{"landuse_id":196,"landuse_code":2680,"landuse":"sonstige (kl.) Gehölzfläche","environment":"urban_green","area_m2":54544}},{"type":"Feature","geometry":{"type":"Polygon","coordinates":[[[7.097474,50.691312],[7.096842,50.691821],[7.096771,50.691914],[7.096769,50.692058],[7.096698,50.692283],[7.096701,50.692389],[7.09683,50.692528],[7.096896,50.692675],[7.097008,50.692811],[7.097168,50.693179],[7.097167,50.693829],[7.097249,50.693981],[7.097252,50.694109],[7.097137,50.694444],[7.097263,50.69457],[7.097768,50.694919],[7.0993,50.695561],[7.09952,50.695745],[7.099762,50.69604],[7.100181,50.695741],[7.100497,50.695588],[7.100902,50.695349],[7.102519,50.694664],[7.103234,50.694176],[7.102506,50.69376],[7.102056,50.693561],[7.101898,50.693461],[7.100759,50.692962],[7.098525,50.691754],[7.097474,50.691312]]]},"properties":{"landuse_id":1692,"landuse_code":2600,"landuse":"Wald","environment":"forest","area_m2":122405}},{"type":"Feature","geometry":{"type":"MultiPolygon","coordinates":[[[[7.126368,50.67453],[7.124539,50.673756],[7.123793,50.674825],[7.12295,50.675844],[7.123271,50.675838],[7.124433,50.67608],[7.125485,50.676245],[7.125894,50.676228],[7.126168,50.676132],[7.126565,50.675825],[7.12693,50.675493],[7.127345,50.67524],[7.127551,50.675028],[7.126368,50.67453]]],[[[7.126473,50.675953],[7.126527,50.675919],[7.126528,50.675912],[7.126473,50.675953]]]]},"properties":{"landuse_id":1695,"landuse_code":2600,"landuse":"Wald","environment":"forest","area_m2":49746}},{"type":"Feature","geometry":{"type":"Polygon","coordinates":[[[7.055198,50.706508],[7.055368,50.706223],[7.055112,50.706155],[7.054933,50.706078],[7.054435,50.705817],[7.054336,50.705789],[7.053888,50.705764],[7.054154,50.705855],[7.054246,50.705911],[7.054244,50.705973],[7.054913,50.706334],[7.054957,50.706537],[7.05482,50.706674],[7.054807,50.706765],[7.054838,50.706788],[7.054872,50.706996],[7.054943,50.706991],[7.054942,50.706857],[7.055198,50.706508]]]},"properties":{"landuse_id":3561,"landuse_code":2680,"landuse":"sonstige (kl.) Gehölzfläche","environment":"urban_green","area_m2":3154}},{"type":"Feature","geometry":{"type":"Polygon","coordinates":[[[7.097137,50.694444],[7.096976,50.695278],[7.097768,50.694919],[7.097263,50.69457],[7.097137,50.694444]]]},"properties":{"landuse_id":1699,"landuse_code":2600,"landuse":"Wald","environment":"forest","area_m2":2334}},{"type":"Feature","geometry":{"type":"Polygon","coordinates":[[[7.031798,50.694793],[7.031881,50.694994],[7.031819,50.695266],[7.031904,50.695453],[7.032508,50.695227],[7.031798,50.694793]]]},"properties":{"landuse_id":226,"landuse_code":2600,"landuse":"Wald","environment":"forest","area_m2":1652}},{"type":"Feature","geometry":{"type":"Polygon","coordinates":[[[7.120106,50.664947],[7.117873,50.665743],[7.114237,50.667097],[7.114369,50.667511],[7.114516,50.667772],[7.114824,50.668138],[7.115433,50.668115],[7.115818,50.668546],[7.116146,50.670519],[7.116198,50.670494],[7.116175,50.670442],[7.116863,50.670173],[7.122081,50.666187],[7.120462,50.665143],[7.120106,50.664947]]]},"properties":{"landuse_id":1725,"landuse_code":2600,"landuse":"Wald","environment":"forest","area_m2":154703}},{"type":"Feature","geometry":{"type":"Polygon","coordinates":[[[7.149211,50.724782],[7.148731,50.724263],[7.148268,50.724793],[7.14795,50.725077],[7.147556,50.725373],[7.148498,50.725006],[7.149211,50.724782]]]},"properties":{"landuse_id":1738,"landuse_code":2680,"landuse":"sonstige (kl.) Gehölzfläche","environment":"urban_green","area_m2":3815}},{"type":"Feature","geometry":{"type":"MultiPolygon","coordinates":[[[[7.06184,50.633024],[7.06163,50.63303],[7.061179,50.632957],[7.06163,50.63303],[7.06184,50.633024]]],[[[7.059233,50.635475],[7.059319,50.63545],[7.059387,50.635437],[7.059372,50.635439],[7.059307,50.63545],[7.059268,50.63546],[7.059235,50.635474],[7.059233,50.635475]]],[[[7.062981,50.635106],[7.06259,50.633102],[7.061201,50.63302],[7.060877,50.633544],[7.060499,50.634061],[7.059111,50.635486],[7.059334,50.63541],[7.062981,50.635106]]]]},"properties":{"landuse_id":238,"landuse_code":2600,"landuse":"Wald","environment":"forest","area_m2":42569}},{"type":"Feature","geometry":{"type":"Polygon","coordinates":[[[7.167622,50.660034],[7.16723,50.659638],[7.166611,50.659875],[7.166888,50.660229],[7.167252,50.660156],[7.167622,50.660034]]]},"properties":{"landuse_id":4037,"landuse_code":2680,"landuse":"sonstige (kl.) Gehölzfläche","environment":"urban_green","area_m2":2637}},{"type":"Feature","geometry":{"type":"Polygon","coordinates":[[[7.137735,50.765385],[7.138112,50.765528],[7.138552,50.765735],[7.138983,50.765993],[7.139421,50.766306],[7.139313,50.766115],[7.138753,50.765337],[7.138043,50.765143],[7.137571,50.76533],[7.137735,50.765385]]]},"properties":{"landuse_id":1810,"landuse_code":2670,"landuse":"Verkehrsbegleitgrün mit Baumbestand","environment":"urban_green","area_m2":4336}},{"type":"Feature","geometry":{"type":"Polygon","coordinates":[[[7.184132,50.671194],[7.184591,50.671534],[7.185175,50.671231],[7.185055,50.671096],[7.18455,50.671127],[7.184132,50.671194]]]},"properties":{"landuse_id":1833,"landuse_code":2680,"landuse":"sonstige (kl.) Gehölzfläche","environment":"urban_green","area_m2":1982}},{"type":"Feature","geometry":{"type":"Polygon","coordinates":[[[7.184313,50.671337],[7.184132,50.671194],[7.183992,50.67123],[7.1837,50.671348],[7.183112,50.671729],[7.183544,50.671941],[7.183857,50.671651],[7.184313,50.671337]]]},"properties":{"landuse_id":1834,"landuse_code":2680,"landuse":"sonstige (kl.) Gehölzfläche","environment":"urban_green","area_m2":2790}},{"type":"Feature","geometry":{"type":"MultiPolygon","coordinates":[[[[7.124902,50.743174],[7.125318,50.74301],[7.125293,50.742881],[7.124886,50.742833],[7.12463,50.74312],[7.124369,50.743336],[7.124921,50.743386],[7.124902,50.743174]]],[[[7.124177,50.743565],[7.12419,50.743465],[7.123992,50.743558],[7.124177,50.743565]]],[[[7.124354,50.74345],[7.124827,50.743497],[7.125292,50.74361],[7.12581,50.743631],[7.125814,50.74354],[7.125386,50.743521],[7.124697,50.743419],[7.124507,50.743412],[7.124395,50.743366],[7.124335,50.743365],[7.124225,50.743445],[7.124354,50.74345]]],[[[7.126095,50.743472],[7.126059,50.743478],[7.126095,50.743472],[7.126095,50.743472]]],[[[7.126037,50.743424],[7.12556,50.743461],[7.124741,50.743402],[7.12561,50.743515],[7.12607,50.743504],[7.126037,50.743424]]]]},"properties":{"landuse_id":1370,"landuse_code":2680,"landuse":"sonstige (kl.) Gehölzfläche","environment":"urban_green","area_m2":3335}},{"type":"Feature","geometry":{"type":"Polygon","coordinates":[[[7.133249,50.652155],[7.133332,50.652061],[7.133485,50.651997],[7.132363,50.65159],[7.132638,50.651827],[7.133249,50.652155]]]},"properties":{"landuse_id":1876,"landuse_code":2600,"landuse":"Wald","environment":"forest","area_m2":1243}},{"type":"Feature","geometry":{"type":"Polygon","coordinates":[[[7.074695,50.731006],[7.073728,50.730521],[7.073647,50.730526],[7.073671,50.730601],[7.073624,50.730683],[7.073344,50.730959],[7.074405,50.731497],[7.074374,50.731522],[7.074441,50.731559],[7.074441,50.731488],[7.074695,50.731006]]]},"properties":{"landuse_id":4043,"landuse_code":2680,"landuse":"sonstige (kl.) Gehölzfläche","environment":"urban_green","area_m2":5176}},{"type":"Feature","geometry":{"type":"Polygon","coordinates":[[[7.192292,50.747113],[7.192297,50.747018],[7.192423,50.746935],[7.192682,50.746875],[7.193031,50.746876],[7.191151,50.746507],[7.191269,50.746574],[7.191317,50.746683],[7.191351,50.747192],[7.191297,50.747273],[7.191036,50.747427],[7.19093,50.747549],[7.192292,50.747113]]]},"properties":{"landuse_id":1940,"landuse_code":2600,"landuse":"Wald","environment":"forest","area_m2":5698}},{"type":"Feature","geometry":{"type":"MultiPolygon","coordinates":[[[[7.090796,50.71922],[7.091498,50.71906],[7.091465,50.718626],[7.092224,50.718656],[7.09237,50.718209],[7.090567,50.718321],[7.090212,50.718385],[7.089702,50.718541],[7.089605,50.718718],[7.08961,50.718932],[7.089043,50.719192],[7.088874,50.719695],[7.088535,50.72007],[7.089037,50.720112],[7.089088,50.720065],[7.089085,50.719936],[7.089888,50.719737],[7.090625,50.719492],[7.090814,50.719459],[7.090901,50.719485],[7.090758,50.719189],[7.090796,50.71922]]],[[[7.089072,50.71871],[7.089091,50.718753],[7.089032,50.719178],[7.089592,50.718926],[7.089582,50.718716],[7.089674,50.71855],[7.089072,50.71871]]],[[[7.089006,50.719262],[7.088919,50.719522],[7.088981,50.719378],[7.089006,50.719262]]]]},"properties":{"landuse_id":6785,"landuse_code":2600,"landuse":"Wald","environment":"forest","area_m2":25424}},{"type":"Feature","geometry":{"type":"Polygon","coordinates":[[[7.138222,50.765051],[7.138655,50.765168],[7.138497,50.764869],[7.138222,50.765051]]]},"properties":{"landuse_id":1963,"landuse_code":2670,"landuse":"Verkehrsbegleitgrün mit Baumbestand","environment":"urban_green","area_m2":418}},{"type":"Feature","geometry":{"type":"Polygon","coordinates":[[[7.134677,50.679595],[7.134584,50.679696],[7.134141,50.679548],[7.133869,50.679863],[7.134201,50.679962],[7.133968,50.680227],[7.134309,50.680345],[7.134968,50.679695],[7.134677,50.679595]]]},"properties":{"landuse_id":2070,"landuse_code":2600,"landuse":"Wald","environment":"forest","area_m2":3488}},{"type":"Feature","geometry":{"type":"Polygon","coordinates":[[[7.196209,50.714312],[7.196401,50.713797],[7.196809,50.713298],[7.196969,50.713337],[7.196738,50.713106],[7.195987,50.713119],[7.195663,50.713189],[7.194837,50.713583],[7.193235,50.714268],[7.191909,50.714741],[7.18937,50.715852],[7.189251,50.715933],[7.189156,50.716063],[7.188758,50.716448],[7.188561,50.716584],[7.188121,50.716829],[7.187667,50.717012],[7.188496,50.717149],[7.18895,50.717288],[7.189782,50.7176],[7.191005,50.71666],[7.191827,50.715936],[7.192682,50.716357],[7.193712,50.715607],[7.193281,50.715221],[7.193405,50.715081],[7.193254,50.714962],[7.194431,50.714644],[7.19543,50.714287],[7.195831,50.714316],[7.196209,50.714312]]]},"properties":{"landuse_id":3912,"landuse_code":2600,"landuse":"Wald","environment":"forest","area_m2":83966}},{"type":"Feature","geometry":{"type":"Polygon","coordinates":[[[7.149374,50.666255],[7.15035,50.666504],[7.151065,50.666625],[7.151648,50.666697],[7.151854,50.666694],[7.151763,50.666481],[7.14905,50.665815],[7.148991,50.665849],[7.148841,50.666123],[7.149374,50.666255]]]},"properties":{"landuse_id":2024,"landuse_code":2600,"landuse":"Wald","environment":"forest","area_m2":7524}},{"type":"Feature","geometry":{"type":"Polygon","coordinates":[[[7.157334,50.661076],[7.157498,50.661081],[7.157822,50.660923],[7.15807,50.66092],[7.15818,50.660985],[7.158243,50.66107],[7.158244,50.661145],[7.158388,50.66128],[7.158633,50.661337],[7.158788,50.661333],[7.158895,50.661299],[7.158954,50.661215],[7.158984,50.66097],[7.159186,50.660951],[7.159187,50.660796],[7.159234,50.660798],[7.159267,50.660616],[7.159264,50.660328],[7.159317,50.660219],[7.158794,50.660126],[7.158055,50.660042],[7.157533,50.660022],[7.157063,50.660033],[7.157038,50.660299],[7.157197,50.660452],[7.157212,50.660512],[7.157148,50.660572],[7.15699,50.660621],[7.156982,50.660663],[7.157087,50.660772],[7.157273,50.660869],[7.15733,50.660936],[7.157334,50.661076]],[[7.157664,50.660561],[7.157767,50.66043],[7.157799,50.66029],[7.157864,50.660267],[7.157955,50.660184],[7.158101,50.660185],[7.158182,50.660224],[7.158171,50.660351],[7.15789,50.660595],[7.157758,50.660801],[7.15771,50.660796],[7.157619,50.660716],[7.157613,50.660657],[7.157664,50.660561]],[[7.158353,50.660531],[7.158429,50.660387],[7.15849,50.660356],[7.158578,50.660352],[7.158654,50.660382],[7.158798,50.660507],[7.158796,50.660749],[7.158732,50.660848],[7.158742,50.66089],[7.158818,50.660948],[7.158755,50.661067],[7.158758,50.661176],[7.15871,50.661216],[7.158502,50.661198],[7.158391,50.661011],[7.158211,50.660892],[7.158203,50.660718],[7.158353,50.660531]]]},"properties":{"landuse_id":2054,"landuse_code":2600,"landuse":"Wald","environment":"forest","area_m2":12705}},{"type":"Feature","geometry":{"type":"Polygon","coordinates":[[[7.179459,50.660884],[7.179117,50.660663],[7.178919,50.660793],[7.179432,50.661122],[7.179638,50.661],[7.179459,50.660884]]]},"properties":{"landuse_id":2101,"landuse_code":2680,"landuse":"sonstige (kl.) Gehölzfläche","environment":"urban_green","area_m2":1042}},{"type":"Feature","geometry":{"type":"Polygon","coordinates":[[[7.075394,50.695064],[7.075395,50.695256],[7.07529,50.695295],[7.075066,50.695258],[7.074971,50.695391],[7.074882,50.695384],[7.074771,50.695439],[7.074774,50.695558],[7.0747,50.69577],[7.074523,50.695829],[7.074533,50.696182],[7.074589,50.696222],[7.074668,50.69623],[7.074797,50.696153],[7.074842,50.69616],[7.07486,50.696283],[7.074635,50.696353],[7.074726,50.696414],[7.074598,50.696512],[7.074497,50.696543],[7.074381,50.696545],[7.074432,50.696617],[7.07433,50.696807],[7.074259,50.69683],[7.074198,50.696924],[7.074316,50.697035],[7.074547,50.696998],[7.074585,50.697009],[7.074505,50.697106],[7.074506,50.697226],[7.074445,50.69728],[7.07432,50.697317],[7.074284,50.697357],[7.074425,50.697495],[7.074341,50.697565],[7.074314,50.697687],[7.074341,50.697801],[7.074512,50.69797],[7.074494,50.69802],[7.074422,50.698079],[7.074311,50.698102],[7.074223,50.698097],[7.073936,50.698019],[7.073894,50.698029],[7.07387,50.698153],[7.07367,50.698331],[7.0736,50.698458],[7.073498,50.698548],[7.073267,50.698572],[7.072979,50.698737],[7.072849,50.698937],[7.072875,50.699107],[7.07284,50.699316],[7.072737,50.699563],[7.07289,50.699591],[7.072835,50.699465],[7.072803,50.699455],[7.072815,50.699437],[7.072894,50.699448],[7.072919,50.699629],[7.073074,50.699834],[7.073108,50.699939],[7.073271,50.699924],[7.073452,50.699975],[7.073503,50.699865],[7.073962,50.699846],[7.074717,50.699879],[7.074835,50.699836],[7.074878,50.699732],[7.074971,50.699727],[7.075081,50.699496],[7.075076,50.699323],[7.074631,50.699141],[7.074892,50.698798],[7.075272,50.698739],[7.07572,50.698798],[7.075739,50.699353],[7.076071,50.699346],[7.076049,50.698776],[7.07611,50.69844],[7.076334,50.698029],[7.076537,50.69773],[7.076464,50.697568],[7.076466,50.697381],[7.07717,50.697565],[7.076882,50.697997],[7.076869,50.698111],[7.077004,50.698498],[7.077203,50.698156],[7.077766,50.69735],[7.078103,50.697012],[7.078169,50.696873],[7.078158,50.69671],[7.077666,50.696686],[7.077552,50.696646],[7.07728,50.696453],[7.076947,50.696396],[7.076917,50.696134],[7.076836,50.695904],[7.076725,50.695854],[7.076172,50.695944],[7.076195,50.696021],[7.075958,50.6961],[7.075788,50.696044],[7.075754,50.695985],[7.075612,50.695946],[7.075444,50.69594],[7.075455,50.695617],[7.075528,50.695397],[7.075699,50.695302],[7.075827,50.695113],[7.075933,50.695024],[7.07563,50.694916],[7.075476,50.694943],[7.075634,50.694904],[7.075945,50.695014],[7.07621,50.694847],[7.076338,50.694832],[7.076472,50.69488],[7.076555,50.694872],[7.076788,50.694748],[7.077096,50.695293],[7.077186,50.695325],[7.077317,50.695212],[7.077347,50.695028],[7.077403,50.69499],[7.077477,50.694987],[7.077556,50.695036],[7.077545,50.695098],[7.077654,50.695511],[7.077909,50.695246],[7.078123,50.695175],[7.078291,50.694704],[7.078224,50.694534],[7.078444,50.69454],[7.078506,50.694203],[7.078761,50.694225],[7.078818,50.693973],[7.07801,50.693807],[7.078102,50.693445],[7.078117,50.69307],[7.078375,50.69288],[7.07848,50.692888],[7.078545,50.692551],[7.078456,50.692525],[7.078604,50.692106],[7.077818,50.692044],[7.077698,50.69211],[7.077122,50.691905],[7.076969,50.691872],[7.076912,50.691879],[7.076796,50.691957],[7.076803,50.691984],[7.076894,50.692034],[7.076914,50.692224],[7.076984,50.692244],[7.077079,50.692237],[7.077137,50.69228],[7.07699,50.692393],[7.077008,50.692546],[7.076985,50.692566],[7.076831,50.692543],[7.076807,50.692559],[7.076785,50.692839],[7.076714,50.692835],[7.076654,50.692798],[7.076575,50.692823],[7.076496,50.69299],[7.076474,50.693109],[7.076638,50.693243],[7.076819,50.693229],[7.076914,50.693255],[7.076791,50.693438],[7.076617,50.693444],[7.076469,50.693594],[7.076488,50.693613],[7.076595,50.693624],[7.076666,50.693773],[7.076449,50.693849],[7.076331,50.694194],[7.076345,50.694347],[7.076502,50.694401],[7.076497,50.69443],[7.076373,50.694558],[7.076253,50.69463],[7.076012,50.694629],[7.076006,50.694701],[7.075707,50.694653],[7.075604,50.694749],[7.075451,50.694788],[7.075394,50.695064]]]},"properties":{"landuse_id":21677,"landuse_code":2600,"landuse":"Wald","environment":"forest","area_m2":132098}},{"type":"Feature","geometry":{"type":"MultiPolygon","coordinates":[[[[7.136779,50.709243],[7.137951,50.710385],[7.138007,50.710358],[7.137676,50.710014],[7.137013,50.709354],[7.136261,50.708672],[7.136186,50.708707],[7.136779,50.709243]]],[[[7.136894,50.709047],[7.138197,50.710299],[7.138382,50.710205],[7.138206,50.709974],[7.137614,50.709505],[7.136894,50.709047]]]]},"properties":{"landuse_id":3077,"landuse_code":2670,"landuse":"Verkehrsbegleitgrün mit Baumbestand","environment":"urban_green","area_m2":3561}},{"type":"Feature","geometry":{"type":"Polygon","coordinates":[[[7.046166,50.753998],[7.045689,50.754195],[7.045516,50.754338],[7.045267,50.754485],[7.044684,50.754661],[7.044545,50.754771],[7.044288,50.755089],[7.044101,50.755189],[7.043933,50.755169],[7.043852,50.755123],[7.043757,50.755105],[7.043576,50.755148],[7.043512,50.755239],[7.043545,50.755427],[7.043634,50.755584],[7.04381,50.755749],[7.046144,50.754653],[7.046186,50.754572],[7.046166,50.753998]]]},"properties":{"landuse_id":2166,"landuse_code":2680,"landuse":"sonstige (kl.) Gehölzfläche","environment":"urban_green","area_m2":12108}},{"type":"Feature","geometry":{"type":"Polygon","coordinates":[[[7.045653,50.737326],[7.044856,50.737204],[7.044808,50.737372],[7.045661,50.737402],[7.045653,50.737326]]]},"properties":{"landuse_id":8206,"landuse_code":2680,"landuse":"sonstige (kl.) Gehölzfläche","environment":"urban_green","area_m2":764}},{"type":"Feature","geometry":{"type":"MultiPolygon","coordinates":[[[[7.16063,50.726201],[7.160332,50.725986],[7.159951,50.72551],[7.159817,50.725286],[7.160369,50.725148],[7.160259,50.724969],[7.160671,50.724865],[7.160461,50.724528],[7.160301,50.724361],[7.160059,50.724241],[7.159547,50.724117],[7.159268,50.724104],[7.159201,50.724167],[7.159202,50.724224],[7.159508,50.725195],[7.159742,50.725634],[7.160098,50.726038],[7.16045,50.726315],[7.16063,50.726201]]],[[[7.160399,50.724397],[7.160368,50.724356],[7.160273,50.724294],[7.160227,50.724279],[7.160256,50.724295],[7.160296,50.724318],[7.160333,50.724343],[7.160368,50.72437],[7.160399,50.724397]]]]},"properties":{"landuse_id":1183,"landuse_code":2680,"landuse":"sonstige (kl.) Gehölzfläche","environment":"urban_green","area_m2":11100}},{"type":"Feature","geometry":{"type":"Polygon","coordinates":[[[7.062813,50.632898],[7.062936,50.632891],[7.063149,50.632985],[7.064273,50.63318],[7.065269,50.633436],[7.068498,50.634572],[7.063604,50.632855],[7.062813,50.632898]]]},"properties":{"landuse_id":9090,"landuse_code":2670,"landuse":"Verkehrsbegleitgrün mit Baumbestand","environment":"urban_green","area_m2":1668}},{"type":"Feature","geometry":{"type":"Polygon","coordinates":[[[7.082342,50.742598],[7.08218,50.742628],[7.082312,50.742719],[7.082099,50.742806],[7.082478,50.742981],[7.083885,50.743713],[7.083983,50.743707],[7.084005,50.743687],[7.084102,50.743738],[7.084185,50.743664],[7.084114,50.743627],[7.084276,50.743487],[7.082915,50.742797],[7.082711,50.742616],[7.082444,50.742666],[7.082342,50.742598]]]},"properties":{"landuse_id":9220,"landuse_code":2680,"landuse":"sonstige (kl.) Gehölzfläche","environment":"urban_green","area_m2":6080}},{"type":"Feature","geometry":{"type":"Polygon","coordinates":[[[7.160675,50.726311],[7.160563,50.72639],[7.160678,50.726464],[7.161424,50.726057],[7.162081,50.72564],[7.161909,50.725665],[7.161688,50.72566],[7.161502,50.725621],[7.161326,50.725543],[7.16113,50.725875],[7.160675,50.726311]]]},"properties":{"landuse_id":1184,"landuse_code":2670,"landuse":"Verkehrsbegleitgrün mit Baumbestand","environment":"urban_green","area_m2":3039}},{"type":"Feature","geometry":{"type":"MultiPolygon","coordinates":[[[[7.119623,50.749543],[7.119625,50.749541],[7.119626,50.749532],[7.119623,50.749543]]],[[[7.119477,50.749781],[7.119489,50.750117],[7.1191,50.750584],[7.118912,50.750542],[7.118897,50.750556],[7.118857,50.750716],[7.119011,50.750774],[7.118989,50.750827],[7.119166,50.75085],[7.119144,50.750952],[7.119609,50.750994],[7.119647,50.749585],[7.119477,50.749781]]]]},"properties":{"landuse_id":6872,"landuse_code":2680,"landuse":"sonstige (kl.) Gehölzfläche","environment":"urban_green","area_m2":3729}},{"type":"Feature","geometry":{"type":"Polygon","coordinates":[[[7.153564,50.72327],[7.15321,50.723364],[7.153168,50.7233],[7.152885,50.72336],[7.152768,50.723306],[7.152739,50.723215],[7.152811,50.723142],[7.152878,50.723132],[7.152986,50.723131],[7.153297,50.7232],[7.153653,50.723113],[7.153746,50.722933],[7.151841,50.722805],[7.151412,50.722884],[7.151434,50.722942],[7.150448,50.72316],[7.1502,50.723226],[7.149981,50.723317],[7.150039,50.72336],[7.15,50.723312],[7.150037,50.723296],[7.150332,50.723596],[7.150356,50.723594],[7.150303,50.72325],[7.150845,50.723215],[7.150895,50.723559],[7.151041,50.723581],[7.151005,50.723328],[7.151528,50.723294],[7.151596,50.723756],[7.150835,50.724005],[7.150995,50.724137],[7.151896,50.723822],[7.151844,50.723729],[7.151955,50.723692],[7.152022,50.723768],[7.152108,50.723767],[7.153518,50.723362],[7.153564,50.72327]],[[7.151715,50.723573],[7.15166,50.723247],[7.152182,50.723214],[7.152238,50.723539],[7.151715,50.723573]]]},"properties":{"landuse_id":19952,"landuse_code":2680,"landuse":"sonstige (kl.) Gehölzfläche","environment":"urban_green","area_m2":13915}},{"type":"Feature","geometry":{"type":"Polygon","coordinates":[[[7.080227,50.709696],[7.079438,50.709577],[7.07915,50.709408],[7.079034,50.709408],[7.078938,50.709508],[7.078773,50.709487],[7.078672,50.709679],[7.07947,50.709858],[7.07932,50.710351],[7.079506,50.710379],[7.07967,50.710348],[7.080227,50.709696]]]},"properties":{"landuse_id":2323,"landuse_code":2600,"landuse":"Wald","environment":"forest","area_m2":4944}},{"type":"Feature","geometry":{"type":"Polygon","coordinates":[[[7.110634,50.756686],[7.110514,50.756454],[7.112428,50.755998],[7.112001,50.755215],[7.110764,50.755445],[7.110186,50.755355],[7.108986,50.755953],[7.108985,50.756195],[7.10878,50.756297],[7.10804,50.756776],[7.108485,50.757038],[7.108679,50.757092],[7.108807,50.757101],[7.110634,50.756686]],[[7.11075,50.755893],[7.110835,50.755634],[7.110949,50.755587],[7.111295,50.755534],[7.111776,50.755516],[7.111938,50.755548],[7.112111,50.755641],[7.112187,50.755779],[7.112158,50.755914],[7.112012,50.75605],[7.111795,50.756069],[7.111743,50.756056],[7.111553,50.75614],[7.111124,50.756213],[7.11101,50.756204],[7.110885,50.756147],[7.110801,50.756067],[7.11075,50.755893]]]},"properties":{"landuse_id":9680,"landuse_code":2680,"landuse":"sonstige (kl.) Gehölzfläche","environment":"urban_green","area_m2":25826}},{"type":"Feature","geometry":{"type":"MultiPolygon","coordinates":[[[[7.058715,50.633183],[7.058723,50.63318],[7.05873,50.633176],[7.058723,50.63318],[7.058715,50.633183]]],[[[7.058701,50.63319],[7.058708,50.633187],[7.058715,50.633183],[7.058708,50.633187],[7.058701,50.63319]]],[[[7.05868,50.633201],[7.058687,50.633197],[7.058694,50.633194],[7.058701,50.63319],[7.058694,50.633194],[7.058687,50.633197],[7.05868,50.633201]]],[[[7.05868,50.633201],[7.058674,50.633205],[7.058667,50.633209],[7.058674,50.633205],[7.05868,50.633201]]],[[[7.058737,50.633173],[7.058745,50.63317],[7.058753,50.633167],[7.05876,50.633164],[7.058753,50.633167],[7.058745,50.63317],[7.058737,50.633173]]],[[[7.059278,50.633175],[7.059029,50.633205],[7.058819,50.633322],[7.058722,50.633468],[7.058709,50.633671],[7.058817,50.633975],[7.058907,50.634084],[7.059115,50.634193],[7.059338,50.634227],[7.059586,50.634174],[7.059825,50.634019],[7.060483,50.633076],[7.059278,50.633175]]]]},"properties":{"landuse_id":10132,"landuse_code":2670,"landuse":"Verkehrsbegleitgrün mit Baumbestand","environment":"urban_green","area_m2":10483}},{"type":"Feature","geometry":{"type":"Polygon","coordinates":[[[7.149397,50.670591],[7.14922,50.670702],[7.148625,50.670514],[7.148485,50.670343],[7.148399,50.670177],[7.148851,50.670039],[7.148151,50.669617],[7.147282,50.668912],[7.146873,50.668643],[7.146476,50.668653],[7.145698,50.668907],[7.145676,50.668891],[7.145377,50.669023],[7.144907,50.66917],[7.14551,50.669498],[7.14575,50.669522],[7.146259,50.670203],[7.145774,50.670347],[7.146326,50.671068],[7.14661,50.67097],[7.146904,50.671355],[7.147242,50.671252],[7.147518,50.671268],[7.1479,50.67125],[7.148766,50.671111],[7.149045,50.671109],[7.149256,50.67107],[7.149563,50.67097],[7.149542,50.670834],[7.149589,50.670686],[7.149397,50.670591]]]},"properties":{"landuse_id":2026,"landuse_code":2600,"landuse":"Wald","environment":"forest","area_m2":49794}},{"type":"Feature","geometry":{"type":"Polygon","coordinates":[[[7.111358,50.680732],[7.109911,50.681004],[7.113277,50.684188],[7.114357,50.683521],[7.111358,50.680732]]]},"properties":{"landuse_id":2348,"landuse_code":2600,"landuse":"Wald","environment":"forest","area_m2":41343}},{"type":"Feature","geometry":{"type":"Polygon","coordinates":[[[7.139527,50.716367],[7.139821,50.716283],[7.140061,50.716154],[7.140205,50.715909],[7.141451,50.715253],[7.141353,50.715112],[7.140846,50.715292],[7.140219,50.715606],[7.139973,50.715785],[7.139767,50.715983],[7.139527,50.716367]]]},"properties":{"landuse_id":3167,"landuse_code":2645,"landuse":"Grün-/ Parkfläche mit Baumbestand","environment":"urban_green","area_m2":4088}},{"type":"Feature","geometry":{"type":"Polygon","coordinates":[[[7.052094,50.75166],[7.051757,50.751677],[7.051422,50.751746],[7.051115,50.751886],[7.05106,50.75197],[7.0509,50.751985],[7.050672,50.75205],[7.050474,50.752123],[7.050243,50.752252],[7.051334,50.752394],[7.051998,50.752115],[7.052105,50.752115],[7.052094,50.75166]]]},"properties":{"landuse_id":2468,"landuse_code":2670,"landuse":"Verkehrsbegleitgrün mit Baumbestand","environment":"urban_green","area_m2":5879}},{"type":"Feature","geometry":{"type":"Polygon","coordinates":[[[7.036455,50.696577],[7.03645,50.696663],[7.036529,50.696766],[7.036863,50.696949],[7.037746,50.69667],[7.038223,50.696606],[7.038303,50.696441],[7.038088,50.696437],[7.03802,50.696355],[7.038027,50.696269],[7.037098,50.696329],[7.037074,50.696362],[7.036933,50.696406],[7.036741,50.696424],[7.036539,50.696483],[7.036455,50.696577]]]},"properties":{"landuse_id":3725,"landuse_code":2680,"landuse":"sonstige (kl.) Gehölzfläche","environment":"urban_green","area_m2":5638}},{"type":"Feature","geometry":{"type":"Polygon","coordinates":[[[7.150073,50.710922],[7.149362,50.711245],[7.149388,50.711269],[7.149202,50.711355],[7.149173,50.711328],[7.148832,50.711483],[7.148571,50.711486],[7.148774,50.711665],[7.149072,50.711599],[7.149653,50.711426],[7.150169,50.711242],[7.150652,50.711022],[7.150236,50.710994],[7.150073,50.710922]]]},"properties":{"landuse_id":4028,"landuse_code":2645,"landuse":"Grün-/ Parkfläche mit Baumbestand","environment":"urban_green","area_m2":3600}},{"type":"Feature","geometry":{"type":"Polygon","coordinates":[[[7.051577,50.743148],[7.050335,50.743416],[7.05042,50.743581],[7.050954,50.743348],[7.051577,50.743148]]]},"properties":{"landuse_id":4269,"landuse_code":2670,"landuse":"Verkehrsbegleitgrün mit Baumbestand","environment":"urban_green","area_m2":714}},{"type":"Feature","geometry":{"type":"Polygon","coordinates":[[[7.142297,50.749901],[7.142449,50.750145],[7.142546,50.750211],[7.142887,50.750331],[7.143151,50.750397],[7.143348,50.750559],[7.143183,50.750321],[7.142614,50.749822],[7.14244,50.749572],[7.142372,50.749404],[7.142297,50.749901]]]},"properties":{"landuse_id":4372,"landuse_code":2670,"landuse":"Verkehrsbegleitgrün mit Baumbestand","environment":"urban_green","area_m2":2339}},{"type":"Feature","geometry":{"type":"MultiPolygon","coordinates":[[[[7.091117,50.695663],[7.091118,50.695645],[7.091096,50.695635],[7.091088,50.69563],[7.091107,50.695651],[7.091117,50.695663]]],[[[7.091609,50.696412],[7.091849,50.696214],[7.091958,50.695962],[7.092261,50.695532],[7.09235,50.695326],[7.092422,50.695273],[7.092703,50.695161],[7.093161,50.695054],[7.093669,50.694884],[7.093625,50.694852],[7.09359,50.694761],[7.093665,50.694325],[7.093793,50.693951],[7.093747,50.693822],[7.093674,50.69374],[7.093427,50.693568],[7.092892,50.693329],[7.09253,50.693069],[7.092182,50.692903],[7.091322,50.69362],[7.091132,50.694037],[7.090948,50.694212],[7.090622,50.694466],[7.090264,50.694616],[7.090232,50.694656],[7.090247,50.694709],[7.090931,50.695365],[7.09124,50.6957],[7.091512,50.696139],[7.091582,50.696421],[7.091609,50.696412]]],[[[7.092115,50.692903],[7.092095,50.692895],[7.091305,50.693577],[7.091709,50.693273],[7.092115,50.692903]]]]},"properties":{"landuse_id":1337,"landuse_code":2600,"landuse":"Wald","environment":"forest","area_m2":48745}},{"type":"Feature","geometry":{"type":"Polygon","coordinates":[[[7.091831,50.700036],[7.09164,50.700214],[7.091601,50.700309],[7.092875,50.700608],[7.093206,50.700363],[7.093527,50.700553],[7.093298,50.700684],[7.093429,50.700778],[7.093557,50.700933],[7.094216,50.700773],[7.093968,50.700406],[7.093683,50.700472],[7.09344,50.700102],[7.092224,50.699844],[7.091893,50.700032],[7.091831,50.700036]]]},"properties":{"landuse_id":6939,"landuse_code":2600,"landuse":"Wald","environment":"forest","area_m2":9390}},{"type":"Feature","geometry":{"type":"Polygon","coordinates":[[[7.051334,50.752394],[7.050243,50.752252],[7.049467,50.752731],[7.049367,50.752732],[7.049365,50.752843],[7.049211,50.752843],[7.049211,50.75294],[7.048857,50.752938],[7.048854,50.753032],[7.048796,50.75303],[7.048446,50.753239],[7.047464,50.753687],[7.047077,50.753691],[7.047042,50.754238],[7.04685,50.754324],[7.046849,50.754403],[7.049739,50.753085],[7.051334,50.752394]]]},"properties":{"landuse_id":4762,"landuse_code":2670,"landuse":"Verkehrsbegleitgrün mit Baumbestand","environment":"urban_green","area_m2":14942}},{"type":"Feature","geometry":{"type":"Polygon","coordinates":[[[7.120553,50.700268],[7.120784,50.700402],[7.120588,50.700544],[7.120488,50.700495],[7.120354,50.700581],[7.121159,50.701116],[7.12101,50.701205],[7.121528,50.701517],[7.122116,50.701199],[7.122293,50.701325],[7.122528,50.701087],[7.122482,50.701032],[7.122177,50.70084],[7.122197,50.700824],[7.121965,50.700682],[7.121729,50.700806],[7.120734,50.700152],[7.12044,50.699996],[7.120283,50.700123],[7.120553,50.700268]]]},"properties":{"landuse_id":5070,"landuse_code":2680,"landuse":"sonstige (kl.) Gehölzfläche","environment":"urban_green","area_m2":9907}},{"type":"Feature","geometry":{"type":"Polygon","coordinates":[[[7.023694,50.705068],[7.024087,50.705202],[7.024839,50.704803],[7.024857,50.704749],[7.024323,50.704367],[7.02431,50.704317],[7.024189,50.704325],[7.023562,50.704455],[7.023617,50.704547],[7.02329,50.704759],[7.023318,50.704822],[7.023369,50.704786],[7.023397,50.704859],[7.023781,50.704676],[7.024028,50.704911],[7.023694,50.705068]]]},"properties":{"landuse_id":4846,"landuse_code":2475,"landuse":"Grünland (Landwirtschaft) mit Baumbestand","environment":"urban_green","area_m2":5411}},{"type":"Feature","geometry":{"type":"Polygon","coordinates":[[[7.166661,50.657681],[7.166928,50.65748],[7.166318,50.657191],[7.166297,50.657199],[7.166374,50.65733],[7.166661,50.657681]]]},"properties":{"landuse_id":4900,"landuse_code":2680,"landuse":"sonstige (kl.) Gehölzfläche","environment":"urban_green","area_m2":886}},{"type":"Feature","geometry":{"type":"Polygon","coordinates":[[[7.077679,50.711025],[7.077498,50.711419],[7.07767,50.71138],[7.077868,50.711368],[7.078654,50.711443],[7.07867,50.711355],[7.078497,50.711296],[7.078555,50.711151],[7.077679,50.711025]]]},"properties":{"landuse_id":4951,"landuse_code":2600,"landuse":"Wald","environment":"forest","area_m2":2396}},{"type":"Feature","geometry":{"type":"Polygon","coordinates":[[[7.183389,50.721079],[7.183615,50.720967],[7.183786,50.720838],[7.183942,50.720823],[7.184016,50.720748],[7.183825,50.720593],[7.183209,50.720887],[7.183389,50.721079]]]},"properties":{"landuse_id":4990,"landuse_code":2680,"landuse":"sonstige (kl.) Gehölzfläche","environment":"urban_green","area_m2":1305}},{"type":"Feature","geometry":{"type":"Polygon","coordinates":[[[7.058805,50.680651],[7.058902,50.680729],[7.059189,50.680171],[7.0591,50.680221],[7.058805,50.680651]]]},"properties":{"landuse_id":4977,"landuse_code":2670,"landuse":"Verkehrsbegleitgrün mit Baumbestand","environment":"urban_green","area_m2":403}},{"type":"Feature","geometry":{"type":"Polygon","coordinates":[[[7.18365,50.655418],[7.183826,50.6561],[7.18436,50.655945],[7.1841,50.655502],[7.183904,50.655287],[7.18365,50.655418]]]},"properties":{"landuse_id":5163,"landuse_code":2600,"landuse":"Wald","environment":"forest","area_m2":2569}},{"type":"Feature","geometry":{"type":"MultiPolygon","coordinates":[[[[7.057465,50.758052],[7.058,50.757884],[7.058605,50.757761],[7.057903,50.757901],[7.057465,50.758052]]],[[[7.058605,50.757751],[7.058604,50.757725],[7.058573,50.757729],[7.058605,50.757751]]],[[[7.058601,50.75767],[7.058827,50.757643],[7.058866,50.757572],[7.059885,50.756982],[7.059792,50.756867],[7.05935,50.757155],[7.059168,50.757043],[7.059675,50.756714],[7.059533,50.756508],[7.057309,50.757932],[7.057377,50.757978],[7.058114,50.75775],[7.058601,50.75767]]]]},"properties":{"landuse_id":5063,"landuse_code":2680,"landuse":"sonstige (kl.) Gehölzfläche","environment":"urban_green","area_m2":7854}},{"type":"Feature","geometry":{"type":"Polygon","coordinates":[[[7.150412,50.672802],[7.150732,50.672918],[7.151013,50.672496],[7.151467,50.672705],[7.1517,50.672286],[7.152772,50.671671],[7.152609,50.671604],[7.152481,50.671695],[7.152203,50.671811],[7.151117,50.672061],[7.150928,50.672185],[7.150765,50.672335],[7.150412,50.672802]]]},"properties":{"landuse_id":17368,"landuse_code":2600,"landuse":"Wald","environment":"forest","area_m2":6490}},{"type":"Feature","geometry":{"type":"Polygon","coordinates":[[[7.092128,50.688683],[7.092684,50.688859],[7.092968,50.68902],[7.093753,50.689391],[7.095448,50.690347],[7.095445,50.690083],[7.095326,50.689818],[7.095316,50.689698],[7.0954,50.689528],[7.095587,50.689354],[7.09562,50.688621],[7.09579,50.688193],[7.095943,50.688022],[7.095826,50.687764],[7.095548,50.687388],[7.095001,50.687614],[7.094713,50.687696],[7.094568,50.687725],[7.094076,50.687763],[7.093864,50.68782],[7.093558,50.687953],[7.092651,50.688425],[7.092145,50.688582],[7.092128,50.688683]]]},"properties":{"landuse_id":5192,"landuse_code":2600,"landuse":"Wald","environment":"forest","area_m2":42424}},{"type":"Feature","geometry":{"type":"Polygon","coordinates":[[[7.092157,50.688698],[7.092128,50.688683],[7.092105,50.688774],[7.091632,50.68856],[7.091572,50.689073],[7.091585,50.689262],[7.091703,50.689788],[7.091666,50.690348],[7.091829,50.690605],[7.091956,50.690731],[7.092205,50.690877],[7.092552,50.69125],[7.093059,50.69171],[7.093145,50.691889],[7.093244,50.691822],[7.093182,50.691785],[7.093258,50.691734],[7.09337,50.69166],[7.093432,50.691696],[7.093505,50.691648],[7.093444,50.691612],[7.093683,50.691455],[7.093742,50.691491],[7.093803,50.69145],[7.093744,50.691414],[7.093923,50.691294],[7.093983,50.691331],[7.093519,50.690565],[7.093557,50.690533],[7.093188,50.690283],[7.0934,50.689951],[7.093223,50.689791],[7.092053,50.68968],[7.091942,50.689541],[7.092157,50.688698]]]},"properties":{"landuse_id":5193,"landuse_code":2600,"landuse":"Wald","environment":"forest","area_m2":25842}},{"type":"Feature","geometry":{"type":"Polygon","coordinates":[[[7.054529,50.735637],[7.054531,50.73574],[7.056661,50.735655],[7.056645,50.735637],[7.055227,50.735603],[7.054865,50.735572],[7.054738,50.735581],[7.054598,50.735634],[7.054529,50.735637]]]},"properties":{"landuse_id":5253,"landuse_code":2670,"landuse":"Verkehrsbegleitgrün mit Baumbestand","environment":"urban_green","area_m2":1502}},{"type":"Feature","geometry":{"type":"MultiPolygon","coordinates":[[[[7.15641,50.680967],[7.156649,50.680742],[7.156313,50.680554],[7.156188,50.680342],[7.155818,50.680147],[7.155851,50.680651],[7.155781,50.680604],[7.155827,50.680898],[7.155893,50.680926],[7.155921,50.681173],[7.156056,50.681268],[7.15641,50.680967]]],[[[7.155358,50.680656],[7.155158,50.680877],[7.155289,50.68093],[7.155462,50.680737],[7.155748,50.680863],[7.155723,50.680606],[7.155497,50.680625],[7.155437,50.680689],[7.155358,50.680656]]]]},"properties":{"landuse_id":17379,"landuse_code":2645,"landuse":"Grün-/ Parkfläche mit Baumbestand","environment":"urban_green","area_m2":4607}},{"type":"Feature","geometry":{"type":"MultiPolygon","coordinates":[[[[7.135939,50.688983],[7.135861,50.68857],[7.135613,50.688655],[7.135356,50.688712],[7.134465,50.688857],[7.133122,50.689165],[7.132407,50.689376],[7.131547,50.68972],[7.131054,50.689879],[7.130898,50.689869],[7.130786,50.689828],[7.130581,50.689638],[7.129631,50.689349],[7.129721,50.689765],[7.130076,50.690122],[7.130331,50.690462],[7.13039,50.690438],[7.131019,50.690368],[7.131051,50.690422],[7.13148,50.690306],[7.132255,50.690021],[7.132901,50.689744],[7.133097,50.689925],[7.13366,50.689708],[7.135009,50.689242],[7.135644,50.689095],[7.135939,50.688983]]],[[[7.12974,50.689848],[7.129748,50.689867],[7.1299,50.689994],[7.129898,50.689992],[7.129887,50.689974],[7.129803,50.689894],[7.12974,50.689848]]]]},"properties":{"landuse_id":5240,"landuse_code":2600,"landuse":"Wald","environment":"forest","area_m2":28622}},{"type":"Feature","geometry":{"type":"Polygon","coordinates":[[[7.156516,50.716322],[7.1559,50.715808],[7.155655,50.7159],[7.155596,50.715966],[7.155517,50.716447],[7.15544,50.716705],[7.155283,50.717031],[7.155845,50.716837],[7.156243,50.717194],[7.156374,50.716918],[7.156431,50.716503],[7.156516,50.716322]]]},"properties":{"landuse_id":17428,"landuse_code":2680,"landuse":"sonstige (kl.) Gehölzfläche","environment":"urban_green","area_m2":7463}},{"type":"Feature","geometry":{"type":"Polygon","coordinates":[[[7.13067,50.73158],[7.130529,50.731904],[7.130268,50.731858],[7.13026,50.731889],[7.130607,50.732056],[7.131065,50.732228],[7.131153,50.732301],[7.131671,50.731115],[7.131636,50.731109],[7.131502,50.731424],[7.131257,50.731381],[7.131233,50.731434],[7.131012,50.731395],[7.130979,50.731363],[7.130885,50.731369],[7.13067,50.73158]]]},"properties":{"landuse_id":3766,"landuse_code":2680,"landuse":"sonstige (kl.) Gehölzfläche","environment":"urban_green","area_m2":4887}},{"type":"Feature","geometry":{"type":"MultiPolygon","coordinates":[[[[7.09746,50.711364],[7.09715,50.711576],[7.097089,50.711743],[7.096947,50.711906],[7.09634,50.712489],[7.096133,50.712833],[7.095992,50.713317],[7.095708,50.713881],[7.095839,50.713871],[7.096069,50.713793],[7.096057,50.713769],[7.096457,50.713596],[7.096688,50.713443],[7.096855,50.71326],[7.097157,50.712767],[7.097525,50.712334],[7.097572,50.712164],[7.09746,50.711364]]],[[[7.097061,50.711686],[7.096777,50.71202],[7.097045,50.711734],[7.097061,50.711686]]],[[[7.096383,50.712399],[7.096255,50.712516],[7.096151,50.712707],[7.096383,50.712399]]],[[[7.095892,50.713453],[7.095738,50.713677],[7.095696,50.713801],[7.095892,50.713453]]]]},"properties":{"landuse_id":5302,"landuse_code":2600,"landuse":"Wald","environment":"forest","area_m2":14230}},{"type":"Feature","geometry":{"type":"MultiPolygon","coordinates":[[[[7.074441,50.731559],[7.074336,50.731519],[7.074155,50.732008],[7.074068,50.731995],[7.074046,50.732057],[7.074131,50.73207],[7.07411,50.732126],[7.073737,50.732324],[7.073997,50.732531],[7.073592,50.732758],[7.073855,50.732968],[7.073811,50.733077],[7.073887,50.733272],[7.074027,50.733031],[7.074261,50.73203],[7.074441,50.731621],[7.074441,50.731559]]],[[[7.073927,50.733376],[7.073942,50.733415],[7.073947,50.733393],[7.073932,50.733381],[7.073927,50.733376]]]]},"properties":{"landuse_id":5344,"landuse_code":2670,"landuse":"Verkehrsbegleitgrün mit Baumbestand","environment":"urban_green","area_m2":2945}},{"type":"Feature","geometry":{"type":"MultiPolygon","coordinates":[[[[7.0492,50.654099],[7.049103,50.653989],[7.049131,50.654026],[7.0492,50.654099]]],[[[7.048362,50.652822],[7.048318,50.652709],[7.048279,50.652623],[7.04829,50.652651],[7.048321,50.652731],[7.048343,50.652787],[7.048362,50.652822]]],[[[7.047397,50.650836],[7.047094,50.650343],[7.046643,50.649771],[7.046732,50.649937],[7.047146,50.650435],[7.047397,50.650836]]],[[[7.053907,50.639265],[7.053907,50.639265],[7.053452,50.639336],[7.053452,50.639336],[7.053621,50.63931],[7.053691,50.639299],[7.053904,50.639266],[7.053907,50.639265]]],[[[7.046121,50.649769],[7.04666,50.650297],[7.047006,50.650733],[7.047334,50.651247],[7.048464,50.653274],[7.048666,50.653592],[7.049051,50.65405],[7.0491,50.654036],[7.048754,50.653585],[7.048331,50.65284],[7.047797,50.651629],[7.047138,50.650487],[7.046665,50.649916],[7.046516,50.649647],[7.046097,50.6494],[7.046121,50.649769]]]]},"properties":{"landuse_id":12184,"landuse_code":2670,"landuse":"Verkehrsbegleitgrün mit Baumbestand","environment":"urban_green","area_m2":8183}},{"type":"Feature","geometry":{"type":"Polygon","coordinates":[[[7.184061,50.670003],[7.183841,50.669901],[7.182434,50.671708],[7.182301,50.672025],[7.182362,50.67207],[7.183628,50.671229],[7.183921,50.671119],[7.184455,50.671019],[7.183519,50.670604],[7.183591,50.670464],[7.184061,50.670003]]]},"properties":{"landuse_id":5400,"landuse_code":2680,"landuse":"sonstige (kl.) Gehölzfläche","environment":"urban_green","area_m2":8872}},{"type":"Feature","geometry":{"type":"Polygon","coordinates":[[[7.066243,50.717435],[7.06585,50.717996],[7.065654,50.71804],[7.065649,50.718146],[7.065496,50.718372],[7.065473,50.718502],[7.065273,50.718555],[7.065159,50.718862],[7.065076,50.718905],[7.06438,50.71912],[7.064659,50.719244],[7.064799,50.719274],[7.064867,50.719254],[7.065026,50.719117],[7.06593,50.718155],[7.066406,50.717467],[7.066243,50.717435]]]},"properties":{"landuse_id":12264,"landuse_code":2670,"landuse":"Verkehrsbegleitgrün mit Baumbestand","environment":"urban_green","area_m2":3457}},{"type":"Feature","geometry":{"type":"Polygon","coordinates":[[[7.082256,50.727936],[7.082724,50.727695],[7.082063,50.727589],[7.08201,50.727656],[7.082256,50.727936]]]},"properties":{"landuse_id":12310,"landuse_code":2680,"landuse":"sonstige (kl.) Gehölzfläche","environment":"urban_green","area_m2":971}},{"type":"Feature","geometry":{"type":"MultiPolygon","coordinates":[[[[7.096328,50.691487],[7.095371,50.69104],[7.095518,50.690909],[7.095096,50.690712],[7.094704,50.690896],[7.094743,50.690943],[7.094435,50.691147],[7.09447,50.691164],[7.094656,50.691067],[7.094801,50.690957],[7.094834,50.690899],[7.09485,50.690943],[7.094807,50.690991],[7.094497,50.69118],[7.095039,50.691468],[7.094444,50.691876],[7.093988,50.691617],[7.094096,50.691544],[7.093961,50.691469],[7.09291,50.692197],[7.092593,50.692473],[7.092182,50.692903],[7.09253,50.693069],[7.092892,50.693329],[7.093427,50.693568],[7.093674,50.69374],[7.093747,50.693822],[7.093793,50.693951],[7.093665,50.694325],[7.09359,50.694761],[7.093625,50.694852],[7.093669,50.694884],[7.09422,50.694818],[7.094729,50.694786],[7.094955,50.694731],[7.095636,50.694662],[7.096115,50.694576],[7.096523,50.694538],[7.097137,50.694444],[7.097252,50.694109],[7.097249,50.693981],[7.097167,50.693829],[7.097168,50.693179],[7.097008,50.692811],[7.096896,50.692675],[7.09683,50.692528],[7.096701,50.692389],[7.096698,50.692283],[7.096769,50.692058],[7.096771,50.691914],[7.096842,50.691821],[7.097474,50.691312],[7.096848,50.691027],[7.096328,50.691487]]],[[[7.093913,50.691442],[7.093046,50.692024],[7.092699,50.692288],[7.092459,50.692497],[7.092119,50.692872],[7.092213,50.692826],[7.0926,50.692422],[7.092886,50.692177],[7.093932,50.691453],[7.093913,50.691442]]]]},"properties":{"landuse_id":1691,"landuse_code":2600,"landuse":"Wald","environment":"forest","area_m2":103401}},{"type":"Feature","geometry":{"type":"MultiPolygon","coordinates":[[[[7.094909,50.686353],[7.095198,50.687071],[7.095548,50.687388],[7.095826,50.687764],[7.09594,50.687999],[7.095923,50.688068],[7.09579,50.688193],[7.09562,50.688621],[7.095587,50.689354],[7.0954,50.689528],[7.095316,50.689698],[7.095326,50.689818],[7.095445,50.690083],[7.095448,50.690347],[7.095896,50.690582],[7.096848,50.691027],[7.097567,50.690682],[7.098272,50.690047],[7.098597,50.68985],[7.098882,50.689755],[7.099201,50.689707],[7.099836,50.689733],[7.100054,50.689715],[7.099647,50.6891],[7.099009,50.688596],[7.098871,50.688334],[7.098537,50.68801],[7.09849,50.687909],[7.098107,50.687482],[7.097888,50.687313],[7.09744,50.687178],[7.097256,50.687058],[7.09711,50.686815],[7.096525,50.686478],[7.095338,50.686061],[7.094931,50.686005],[7.094909,50.686353]]],[[[7.098446,50.687766],[7.098368,50.687583],[7.098235,50.687533],[7.098463,50.687796],[7.098446,50.687766]]]]},"properties":{"landuse_id":1696,"landuse_code":2600,"landuse":"Wald","environment":"forest","area_m2":101964}},{"type":"Feature","geometry":{"type":"Polygon","coordinates":[[[7.083762,50.755373],[7.08397,50.75535],[7.084176,50.755093],[7.08412,50.755065],[7.083762,50.755373]]]},"properties":{"landuse_id":5556,"landuse_code":2680,"landuse":"sonstige (kl.) Gehölzfläche","environment":"urban_green","area_m2":252}},{"type":"Feature","geometry":{"type":"Polygon","coordinates":[[[7.120833,50.733421],[7.120776,50.733509],[7.120695,50.733489],[7.120433,50.733947],[7.120792,50.733917],[7.120903,50.733943],[7.121224,50.73353],[7.120833,50.733421]]]},"properties":{"landuse_id":5563,"landuse_code":2680,"landuse":"sonstige (kl.) Gehölzfläche","environment":"urban_green","area_m2":1814}},{"type":"Feature","geometry":{"type":"Polygon","coordinates":[[[7.200564,50.742555],[7.20035,50.742089],[7.200017,50.742143],[7.200161,50.742485],[7.200338,50.742586],[7.200564,50.742555]]]},"properties":{"landuse_id":18166,"landuse_code":2680,"landuse":"sonstige (kl.) Gehölzfläche","environment":"urban_green","area_m2":1269}},{"type":"Feature","geometry":{"type":"Polygon","coordinates":[[[7.046822,50.75615],[7.046819,50.75683],[7.04728,50.756627],[7.047294,50.756577],[7.046822,50.75615]]]},"properties":{"landuse_id":5577,"landuse_code":2680,"landuse":"sonstige (kl.) Gehölzfläche","environment":"urban_green","area_m2":1344}},{"type":"Feature","geometry":{"type":"Polygon","coordinates":[[[7.101711,50.696855],[7.101717,50.696334],[7.102289,50.696338],[7.102301,50.696049],[7.101714,50.695902],[7.101325,50.696402],[7.101135,50.696879],[7.101711,50.696855]]]},"properties":{"landuse_id":5705,"landuse_code":2600,"landuse":"Wald","environment":"forest","area_m2":4277}},{"type":"Feature","geometry":{"type":"MultiPolygon","coordinates":[[[[7.131458,50.714128],[7.131644,50.71441],[7.131848,50.714539],[7.13128,50.714881],[7.131308,50.714901],[7.13219,50.714367],[7.132193,50.714289],[7.132131,50.714233],[7.131798,50.714104],[7.131511,50.714109],[7.131458,50.714128]]],[[[7.131278,50.714881],[7.131188,50.714901],[7.131105,50.714979],[7.131278,50.714881]]]]},"properties":{"landuse_id":5721,"landuse_code":2680,"landuse":"sonstige (kl.) Gehölzfläche","environment":"urban_green","area_m2":1800}},{"type":"Feature","geometry":{"type":"Polygon","coordinates":[[[7.101886,50.691371],[7.101747,50.691233],[7.101385,50.691209],[7.101243,50.691357],[7.101532,50.691485],[7.10137,50.691546],[7.101442,50.691626],[7.101135,50.691754],[7.100831,50.691769],[7.100757,50.691817],[7.100718,50.691939],[7.100395,50.691954],[7.100024,50.691934],[7.099707,50.691824],[7.099517,50.691324],[7.098525,50.691754],[7.100759,50.692962],[7.101322,50.693205],[7.101708,50.6929],[7.102256,50.692563],[7.102378,50.692445],[7.103063,50.692073],[7.103175,50.691982],[7.102701,50.691778],[7.102116,50.691569],[7.102445,50.691441],[7.102619,50.691457],[7.102526,50.691276],[7.102361,50.691254],[7.101886,50.691371]]]},"properties":{"landuse_id":5785,"landuse_code":2600,"landuse":"Wald","environment":"forest","area_m2":32460}},{"type":"Feature","geometry":{"type":"Polygon","coordinates":[[[7.048558,50.730088],[7.048231,50.730102],[7.048234,50.729982],[7.047688,50.730016],[7.047777,50.730449],[7.048317,50.730449],[7.048351,50.730326],[7.048524,50.730266],[7.048558,50.730088]]]},"properties":{"landuse_id":5832,"landuse_code":2680,"landuse":"sonstige (kl.) Gehölzfläche","environment":"urban_green","area_m2":2387}},{"type":"Feature","geometry":{"type":"MultiPolygon","coordinates":[[[[7.084176,50.755093],[7.08397,50.75535],[7.083762,50.755373],[7.083141,50.755569],[7.08247,50.755926],[7.081753,50.756188],[7.080897,50.756912],[7.081162,50.757026],[7.082172,50.756195],[7.082583,50.756401],[7.081613,50.757224],[7.081433,50.757611],[7.081163,50.758006],[7.081247,50.758033],[7.081473,50.757716],[7.081494,50.757628],[7.08158,50.7575],[7.082969,50.756283],[7.08443,50.755222],[7.084176,50.755093]]],[[[7.081495,50.757702],[7.081605,50.757676],[7.082024,50.757683],[7.082155,50.75764],[7.082248,50.757683],[7.082424,50.75758],[7.082866,50.757829],[7.083531,50.757491],[7.084011,50.757184],[7.084285,50.756976],[7.082998,50.756298],[7.081598,50.75751],[7.081495,50.757702]]],[[[7.083127,50.756188],[7.083158,50.75617],[7.083447,50.755944],[7.083269,50.756067],[7.083127,50.756188]]]]},"properties":{"landuse_id":15364,"landuse_code":2680,"landuse":"sonstige (kl.) Gehölzfläche","environment":"urban_green","area_m2":29021}},{"type":"Feature","geometry":{"type":"Polygon","coordinates":[[[7.0489,50.731068],[7.049172,50.730973],[7.049155,50.730846],[7.048703,50.730883],[7.048435,50.730866],[7.048455,50.730743],[7.048428,50.730737],[7.04843,50.730664],[7.048317,50.730651],[7.048324,50.730701],[7.04818,50.730875],[7.048175,50.73102],[7.048274,50.731208],[7.048274,50.731288],[7.0489,50.731068]]]},"properties":{"landuse_id":6008,"landuse_code":2680,"landuse":"sonstige (kl.) Gehölzfläche","environment":"urban_green","area_m2":2317}},{"type":"Feature","geometry":{"type":"MultiPolygon","coordinates":[[[[7.058071,50.681432],[7.058586,50.680582],[7.058563,50.680575],[7.058053,50.681409],[7.058071,50.681432]]],[[[7.058232,50.681634],[7.058902,50.680729],[7.058819,50.680655],[7.058728,50.680627],[7.058168,50.681554],[7.058232,50.681634]]]]},"properties":{"landuse_id":6058,"landuse_code":2670,"landuse":"Verkehrsbegleitgrün mit Baumbestand","environment":"urban_green","area_m2":1547}},{"type":"Feature","geometry":{"type":"Polygon","coordinates":[[[7.079988,50.706853],[7.080604,50.706822],[7.080636,50.706709],[7.080043,50.706681],[7.079988,50.706853]]]},"properties":{"landuse_id":15458,"landuse_code":2680,"landuse":"sonstige (kl.) Gehölzfläche","environment":"urban_green","area_m2":677}},{"type":"Feature","geometry":{"type":"Polygon","coordinates":[[[7.094986,50.698722],[7.096138,50.698553],[7.096131,50.698277],[7.095838,50.698348],[7.095739,50.698123],[7.094891,50.698345],[7.094986,50.698722]]]},"properties":{"landuse_id":6186,"landuse_code":2600,"landuse":"Wald","environment":"forest","area_m2":3683}},{"type":"Feature","geometry":{"type":"Polygon","coordinates":[[[7.043909,50.733689],[7.045181,50.733473],[7.045063,50.73322],[7.04283,50.733607],[7.042827,50.733873],[7.043909,50.733689]]]},"properties":{"landuse_id":6202,"landuse_code":2680,"landuse":"sonstige (kl.) Gehölzfläche","environment":"urban_green","area_m2":4852}},{"type":"Feature","geometry":{"type":"Polygon","coordinates":[[[7.086893,50.719473],[7.087053,50.719505],[7.087068,50.719365],[7.08738,50.719394],[7.08744,50.719329],[7.087414,50.719302],[7.087581,50.719001],[7.087683,50.719032],[7.087708,50.718998],[7.087638,50.718891],[7.087646,50.718834],[7.087718,50.718788],[7.087858,50.718747],[7.087923,50.718682],[7.087466,50.718609],[7.086811,50.718539],[7.086885,50.719019],[7.086893,50.719473]]]},"properties":{"landuse_id":7823,"landuse_code":2680,"landuse":"sonstige (kl.) Gehölzfläche","environment":"urban_green","area_m2":4783}},{"type":"Feature","geometry":{"type":"Polygon","coordinates":[[[7.03992,50.704974],[7.039992,50.704941],[7.039922,50.704813],[7.039833,50.704778],[7.03973,50.704786],[7.039594,50.704941],[7.039562,50.705131],[7.039481,50.705178],[7.039353,50.705212],[7.039306,50.705202],[7.039226,50.705098],[7.039022,50.705067],[7.03904,50.705141],[7.03913,50.705249],[7.039484,50.705445],[7.039608,50.705497],[7.040142,50.705632],[7.040215,50.705482],[7.04013,50.705378],[7.039912,50.705295],[7.03991,50.705207],[7.039986,50.70516],[7.040036,50.705084],[7.03992,50.704974]]]},"properties":{"landuse_id":6336,"landuse_code":2645,"landuse":"Grün-/ Parkfläche mit Baumbestand","environment":"urban_green","area_m2":3469}},{"type":"Feature","geometry":{"type":"MultiPolygon","coordinates":[[[[7.15582,50.7296],[7.15633,50.729299],[7.15623,50.729349],[7.155966,50.729506],[7.155838,50.729588],[7.15582,50.7296]]],[[[7.158475,50.728177],[7.158521,50.72816],[7.159423,50.728118],[7.159498,50.728084],[7.159608,50.727923],[7.159633,50.727801],[7.159601,50.727709],[7.159567,50.727678],[7.158929,50.727893],[7.158115,50.728243],[7.157374,50.728607],[7.15608,50.729318],[7.155568,50.729633],[7.155644,50.729673],[7.156196,50.729336],[7.157895,50.728404],[7.158082,50.728309],[7.158475,50.728177]]],[[[7.152964,50.73174],[7.15299,50.73163],[7.152982,50.731645],[7.152975,50.73166],[7.152964,50.731692],[7.152962,50.731708],[7.152962,50.731724],[7.152964,50.73174],[7.152964,50.73174]]],[[[7.15335,50.731258],[7.153456,50.731178],[7.153403,50.731215],[7.15335,50.731258]]],[[[7.153581,50.73109],[7.153945,50.730865],[7.153957,50.730856],[7.15386,50.730914],[7.153642,50.731047],[7.153581,50.73109]]],[[[7.154043,50.730798],[7.155417,50.729858],[7.154951,50.730157],[7.154544,50.730444],[7.154186,50.730698],[7.154043,50.730798]]],[[[7.155538,50.729652],[7.153199,50.731245],[7.15188,50.732321],[7.151923,50.732366],[7.152128,50.732437],[7.152337,50.732447],[7.15252,50.732407],[7.152674,50.732317],[7.152761,50.732187],[7.152848,50.731876],[7.152939,50.731778],[7.152951,50.731636],[7.153051,50.7315],[7.153018,50.731481],[7.153521,50.731096],[7.155615,50.729691],[7.155538,50.729652]]]]},"properties":{"landuse_id":17454,"landuse_code":2600,"landuse":"Wald","environment":"forest","area_m2":9675}},{"type":"Feature","geometry":{"type":"Polygon","coordinates":[[[7.053825,50.723992],[7.05319,50.724211],[7.053942,50.724274],[7.053977,50.724242],[7.053825,50.723992]]]},"properties":{"landuse_id":6492,"landuse_code":2680,"landuse":"sonstige (kl.) Gehölzfläche","environment":"urban_green","area_m2":888}},{"type":"Feature","geometry":{"type":"Polygon","coordinates":[[[7.055472,50.724651],[7.056057,50.724416],[7.055292,50.724415],[7.055264,50.724429],[7.055472,50.724651]]]},"properties":{"landuse_id":6485,"landuse_code":2680,"landuse":"sonstige (kl.) Gehölzfläche","environment":"urban_green","area_m2":745}},{"type":"Feature","geometry":{"type":"Polygon","coordinates":[[[7.1439,50.712852],[7.143351,50.713045],[7.143283,50.713136],[7.143317,50.713204],[7.143422,50.713257],[7.143625,50.713291],[7.143977,50.713181],[7.144261,50.713032],[7.144475,50.712871],[7.144527,50.712793],[7.144528,50.712709],[7.144462,50.71266],[7.144355,50.712651],[7.1439,50.712852]]]},"properties":{"landuse_id":6565,"landuse_code":2645,"landuse":"Grün-/ Parkfläche mit Baumbestand","environment":"urban_green","area_m2":3023}},{"type":"Feature","geometry":{"type":"MultiPolygon","coordinates":[[[[7.151763,50.759045],[7.152421,50.759331],[7.152811,50.759117],[7.153383,50.759085],[7.153787,50.758903],[7.153823,50.75843],[7.153863,50.758289],[7.153154,50.758069],[7.153018,50.757908],[7.153186,50.757583],[7.153022,50.757555],[7.152851,50.757888],[7.152632,50.758186],[7.15231,50.758533],[7.151763,50.759045]],[[7.151888,50.759015],[7.152068,50.758926],[7.152432,50.758688],[7.152601,50.758506],[7.152704,50.758444],[7.152801,50.758459],[7.153081,50.758299],[7.153285,50.758393],[7.152935,50.758908],[7.152382,50.759202],[7.151888,50.759015]]],[[[7.153384,50.756955],[7.153534,50.756305],[7.15376,50.756105],[7.154609,50.756619],[7.154675,50.756434],[7.153634,50.755943],[7.153579,50.756043],[7.153497,50.756367],[7.153384,50.756955]]],[[[7.154638,50.756636],[7.154638,50.756637],[7.15469,50.756486],[7.154703,50.756448],[7.154703,50.756447],[7.154689,50.756486],[7.154638,50.756636]]]]},"properties":{"landuse_id":17478,"landuse_code":2680,"landuse":"sonstige (kl.) Gehölzfläche","environment":"urban_green","area_m2":10981}},{"type":"Feature","geometry":{"type":"Polygon","coordinates":[[[7.03685,50.69083],[7.036783,50.690662],[7.036714,50.690586],[7.036378,50.690419],[7.036259,50.690393],[7.036694,50.690887],[7.03685,50.69083]]]},"properties":{"landuse_id":6665,"landuse_code":2600,"landuse":"Wald","environment":"forest","area_m2":820}},{"type":"Feature","geometry":{"type":"MultiPolygon","coordinates":[[[[7.063172,50.75923],[7.068227,50.762398],[7.068245,50.762457],[7.068659,50.762537],[7.069065,50.762574],[7.069287,50.762546],[7.068382,50.76227],[7.067911,50.762071],[7.063354,50.759251],[7.063172,50.75923]]],[[[7.068324,50.762495],[7.068407,50.762515],[7.068388,50.76251],[7.068332,50.762495],[7.068324,50.762495]]],[[[7.069109,50.76258],[7.069144,50.762577],[7.069065,50.762574],[7.069109,50.76258]]]]},"properties":{"landuse_id":6698,"landuse_code":2670,"landuse":"Verkehrsbegleitgrün mit Baumbestand","environment":"urban_green","area_m2":5634}},{"type":"Feature","geometry":{"type":"Polygon","coordinates":[[[7.114865,50.67367],[7.114484,50.673642],[7.114283,50.6736],[7.113536,50.673286],[7.113034,50.673026],[7.112827,50.672944],[7.112596,50.672888],[7.112114,50.672841],[7.111934,50.672796],[7.111614,50.672658],[7.111468,50.672565],[7.111257,50.672328],[7.111358,50.672886],[7.111533,50.67314],[7.111786,50.673713],[7.112344,50.674762],[7.113623,50.674199],[7.113935,50.674123],[7.114653,50.674062],[7.114865,50.67367]]]},"properties":{"landuse_id":6713,"landuse_code":2600,"landuse":"Wald","environment":"forest","area_m2":28153}},{"type":"Feature","geometry":{"type":"Polygon","coordinates":[[[7.158218,50.737854],[7.157973,50.738145],[7.158931,50.738337],[7.158982,50.738162],[7.158218,50.737854]]]},"properties":{"landuse_id":6506,"landuse_code":2600,"landuse":"Wald","environment":"forest","area_m2":1885}},{"type":"Feature","geometry":{"type":"Polygon","coordinates":[[[7.122672,50.70116],[7.12363,50.701732],[7.123688,50.701708],[7.123805,50.701786],[7.124004,50.70167],[7.123448,50.701314],[7.123693,50.701172],[7.123055,50.700771],[7.122865,50.700877],[7.12271,50.701],[7.122604,50.701119],[7.122672,50.70116]]]},"properties":{"landuse_id":6745,"landuse_code":2680,"landuse":"sonstige (kl.) Gehölzfläche","environment":"urban_green","area_m2":4284}},{"type":"Feature","geometry":{"type":"Polygon","coordinates":[[[7.123486,50.701973],[7.123598,50.701907],[7.123281,50.701697],[7.123431,50.701608],[7.122672,50.70116],[7.122693,50.701173],[7.122518,50.701352],[7.123486,50.701973]]]},"properties":{"landuse_id":6746,"landuse_code":2680,"landuse":"sonstige (kl.) Gehölzfläche","environment":"urban_green","area_m2":2053}},{"type":"Feature","geometry":{"type":"Polygon","coordinates":[[[7.154662,50.707868],[7.154421,50.707713],[7.154277,50.707661],[7.154022,50.707584],[7.15366,50.707514],[7.153644,50.707764],[7.154004,50.707784],[7.154179,50.70783],[7.15449,50.707962],[7.154662,50.707868]]]},"properties":{"landuse_id":6770,"landuse_code":2645,"landuse":"Grün-/ Parkfläche mit Baumbestand","environment":"urban_green","area_m2":1568}},{"type":"Feature","geometry":{"type":"Polygon","coordinates":[[[7.050546,50.733224],[7.050801,50.733261],[7.052973,50.732967],[7.05274,50.732859],[7.052578,50.732832],[7.050546,50.733224]]]},"properties":{"landuse_id":6806,"landuse_code":2680,"landuse":"sonstige (kl.) Gehölzfläche","environment":"urban_green","area_m2":2340}},{"type":"Feature","geometry":{"type":"Polygon","coordinates":[[[7.117455,50.770916],[7.117606,50.771124],[7.117696,50.771147],[7.117854,50.771122],[7.117997,50.771188],[7.118026,50.771128],[7.118002,50.771052],[7.118148,50.770893],[7.118211,50.77073],[7.11813,50.770699],[7.118091,50.770648],[7.11777,50.770531],[7.117706,50.77053],[7.11765,50.770571],[7.117703,50.770667],[7.117565,50.770725],[7.117514,50.770772],[7.117532,50.770876],[7.117455,50.770916]]]},"properties":{"landuse_id":6838,"landuse_code":2680,"landuse":"sonstige (kl.) Gehölzfläche","environment":"urban_green","area_m2":2461}},{"type":"Feature","geometry":{"type":"MultiPolygon","coordinates":[[[[7.118136,50.754125],[7.118151,50.754123],[7.118107,50.754111],[7.118072,50.754101],[7.118017,50.754091],[7.117974,50.754086],[7.118136,50.754125]]],[[[7.118265,50.754156],[7.118222,50.75413],[7.11816,50.754131],[7.118265,50.754156]]],[[[7.118327,50.75417],[7.118335,50.75416],[7.118335,50.75416],[7.118309,50.754153],[7.118309,50.754153],[7.118301,50.754164],[7.118327,50.75417]]],[[[7.118395,50.754031],[7.118319,50.754138],[7.118345,50.754145],[7.118405,50.754063],[7.118395,50.754031]]],[[[7.118384,50.753995],[7.118218,50.753906],[7.118165,50.753831],[7.11819,50.753727],[7.118304,50.753636],[7.117798,50.753649],[7.117445,50.753618],[7.117188,50.75354],[7.116913,50.753415],[7.116492,50.753604],[7.116464,50.753597],[7.116439,50.753637],[7.116418,50.75371],[7.118166,50.754122],[7.118285,50.754129],[7.118384,50.753995]]],[[[7.118213,50.753737],[7.118211,50.753741],[7.118209,50.753745],[7.118213,50.753737]]],[[[7.116769,50.753373],[7.116776,50.753375],[7.116787,50.753377],[7.116796,50.753378],[7.116769,50.753373]]],[[[7.115627,50.753114],[7.115638,50.753435],[7.114504,50.753501],[7.114478,50.753505],[7.114461,50.753609],[7.114794,50.753596],[7.114915,50.753624],[7.116227,50.75366],[7.116345,50.753691],[7.116546,50.753365],[7.11663,50.75309],[7.115627,50.753114]]],[[[7.114758,50.753655],[7.114977,50.753645],[7.114736,50.753619],[7.114452,50.753669],[7.114758,50.753655]]],[[[7.116232,50.753691],[7.116188,50.753679],[7.116131,50.753675],[7.116098,50.753675],[7.115941,50.753673],[7.116232,50.753691]]],[[[7.116843,50.753409],[7.116603,50.75335],[7.116488,50.753555],[7.116843,50.753409]]]]},"properties":{"landuse_id":18956,"landuse_code":2680,"landuse":"sonstige (kl.) Gehölzfläche","environment":"urban_green","area_m2":10689}},{"type":"Feature","geometry":{"type":"Polygon","coordinates":[[[7.14694,50.655429],[7.147287,50.655291],[7.146878,50.655129],[7.146596,50.654727],[7.146046,50.654334],[7.14591,50.654426],[7.145111,50.6539],[7.145281,50.653754],[7.145468,50.653673],[7.145301,50.653531],[7.144874,50.652868],[7.144564,50.652141],[7.144287,50.6513],[7.144208,50.651245],[7.143966,50.651185],[7.143842,50.651204],[7.143703,50.651193],[7.143516,50.651138],[7.143458,50.651166],[7.142928,50.651101],[7.142844,50.65107],[7.142513,50.651089],[7.14198,50.650856],[7.141561,50.650703],[7.141286,50.650805],[7.141127,50.650841],[7.140997,50.650836],[7.141046,50.651201],[7.142139,50.652137],[7.142272,50.652335],[7.142397,50.652439],[7.142434,50.652502],[7.142423,50.65267],[7.142474,50.652994],[7.143102,50.653327],[7.14459,50.653912],[7.145934,50.654608],[7.14624,50.654864],[7.146392,50.655041],[7.146833,50.655319],[7.14694,50.655429]],[[7.144033,50.652352],[7.143505,50.652694],[7.143129,50.652545],[7.143703,50.652172],[7.144033,50.652352]]]},"properties":{"landuse_id":17521,"landuse_code":2600,"landuse":"Wald","environment":"forest","area_m2":57861}},{"type":"Feature","geometry":{"type":"Polygon","coordinates":[[[7.07288,50.724572],[7.072602,50.724339],[7.072415,50.724237],[7.07236,50.724182],[7.072325,50.724136],[7.072301,50.723924],[7.072168,50.723759],[7.072056,50.723679],[7.071921,50.723734],[7.072034,50.723868],[7.072084,50.723984],[7.072039,50.724102],[7.072572,50.724478],[7.072605,50.724666],[7.07258,50.72478],[7.072732,50.724811],[7.072801,50.724662],[7.07288,50.724572]]]},"properties":{"landuse_id":6963,"landuse_code":2680,"landuse":"sonstige (kl.) Gehölzfläche","environment":"urban_green","area_m2":1899}},{"type":"Feature","geometry":{"type":"Polygon","coordinates":[[[7.143027,50.746565],[7.144288,50.746734],[7.144559,50.745966],[7.144174,50.745916],[7.143955,50.745927],[7.143744,50.74591],[7.143568,50.745927],[7.143524,50.745907],[7.143368,50.746014],[7.143027,50.746565]]]},"properties":{"landuse_id":6960,"landuse_code":2680,"landuse":"sonstige (kl.) Gehölzfläche","environment":"urban_green","area_m2":7052}},{"type":"Feature","geometry":{"type":"Polygon","coordinates":[[[7.092335,50.726371],[7.090256,50.727339],[7.090469,50.727522],[7.092476,50.726512],[7.092335,50.726371]]]},"properties":{"landuse_id":6976,"landuse_code":2645,"landuse":"Grün-/ Parkfläche mit Baumbestand","environment":"urban_green","area_m2":3952}},{"type":"Feature","geometry":{"type":"Polygon","coordinates":[[[7.183132,50.720806],[7.1833,50.720588],[7.183759,50.720241],[7.183217,50.719692],[7.181665,50.719995],[7.180956,50.720303],[7.180043,50.720819],[7.181451,50.72142],[7.182249,50.721087],[7.183132,50.720806]]]},"properties":{"landuse_id":7112,"landuse_code":2680,"landuse":"sonstige (kl.) Gehölzfläche","environment":"urban_green","area_m2":26476}},{"type":"Feature","geometry":{"type":"Polygon","coordinates":[[[7.146663,50.671911],[7.14657,50.673849],[7.14603,50.673997],[7.146248,50.674326],[7.146379,50.674292],[7.146594,50.674659],[7.146842,50.674674],[7.148229,50.67683],[7.148312,50.676685],[7.148493,50.676505],[7.148381,50.676376],[7.148314,50.676098],[7.148411,50.675585],[7.148571,50.675594],[7.148705,50.675641],[7.148801,50.675729],[7.148897,50.675963],[7.148901,50.676162],[7.148781,50.676504],[7.148802,50.676615],[7.149096,50.676612],[7.149417,50.676566],[7.149262,50.675922],[7.148922,50.675315],[7.148841,50.674983],[7.148872,50.674902],[7.149074,50.674761],[7.149199,50.674714],[7.149458,50.674719],[7.149738,50.674809],[7.149893,50.674896],[7.150022,50.675005],[7.150084,50.675097],[7.150203,50.675097],[7.150179,50.672769],[7.150234,50.672632],[7.150377,50.672391],[7.150548,50.672192],[7.15093,50.671873],[7.151063,50.671785],[7.151115,50.671817],[7.151785,50.671511],[7.150813,50.67153],[7.150577,50.671463],[7.149983,50.671493],[7.14974,50.671337],[7.149567,50.671122],[7.149116,50.671159],[7.148783,50.671147],[7.14789,50.671291],[7.147188,50.671312],[7.146675,50.671469],[7.146663,50.671911]],[[7.148411,50.675585],[7.148349,50.675468],[7.14824,50.67538],[7.147884,50.674928],[7.148172,50.674838],[7.148246,50.674781],[7.148276,50.674667],[7.148687,50.674569],[7.148657,50.674774],[7.148798,50.675413],[7.148469,50.675517],[7.148411,50.675585]]]},"properties":{"landuse_id":11474,"landuse_code":2600,"landuse":"Wald","environment":"forest","area_m2":121679}},{"type":"Feature","geometry":{"type":"Polygon","coordinates":[[[7.077602,50.70004],[7.077585,50.700005],[7.07681,50.700005],[7.076796,50.700137],[7.077596,50.700059],[7.077602,50.70004]]]},"properties":{"landuse_id":2553,"landuse_code":2680,"landuse":"sonstige (kl.) Gehölzfläche","environment":"urban_green","area_m2":601}},{"type":"Feature","geometry":{"type":"Polygon","coordinates":[[[7.156353,50.681611],[7.156095,50.68143],[7.155715,50.681673],[7.155341,50.681455],[7.155255,50.681537],[7.155846,50.6819],[7.156353,50.681611]]]},"properties":{"landuse_id":11501,"landuse_code":2645,"landuse":"Grün-/ Parkfläche mit Baumbestand","environment":"urban_green","area_m2":1655}},{"type":"Feature","geometry":{"type":"Polygon","coordinates":[[[7.082165,50.678447],[7.081906,50.678428],[7.082028,50.678536],[7.082031,50.678854],[7.082537,50.67902],[7.082803,50.678929],[7.082575,50.678909],[7.082506,50.678858],[7.082241,50.678781],[7.082203,50.678716],[7.082287,50.678556],[7.082167,50.678489],[7.082165,50.678447]]]},"properties":{"landuse_id":15570,"landuse_code":2600,"landuse":"Wald","environment":"forest","area_m2":1218}},{"type":"Feature","geometry":{"type":"Polygon","coordinates":[[[7.086452,50.685801],[7.087753,50.68524],[7.089634,50.684368],[7.089747,50.684343],[7.089701,50.684301],[7.089739,50.684284],[7.092157,50.680692],[7.093485,50.678794],[7.093567,50.678784],[7.094308,50.677735],[7.088141,50.677511],[7.087165,50.681994],[7.087229,50.682054],[7.086432,50.685738],[7.086422,50.685787],[7.086452,50.685801]]]},"properties":{"landuse_id":15573,"landuse_code":2600,"landuse":"Wald","environment":"forest","area_m2":259623}},{"type":"Feature","geometry":{"type":"Polygon","coordinates":[[[7.18317,50.712561],[7.183209,50.712437],[7.18257,50.712363],[7.182224,50.712372],[7.182009,50.712462],[7.182679,50.712821],[7.182992,50.713069],[7.18317,50.712561]]]},"properties":{"landuse_id":7195,"landuse_code":2600,"landuse":"Wald","environment":"forest","area_m2":3247}},{"type":"Feature","geometry":{"type":"MultiPolygon","coordinates":[[[[7.043848,50.723089],[7.043816,50.72309],[7.043565,50.722915],[7.043475,50.722919],[7.043145,50.722695],[7.042734,50.722833],[7.042986,50.722908],[7.043233,50.722885],[7.043374,50.723022],[7.043514,50.723063],[7.04348,50.723124],[7.043699,50.723336],[7.043591,50.723394],[7.043643,50.723371],[7.043897,50.723564],[7.044327,50.724113],[7.044518,50.724051],[7.044859,50.724497],[7.044872,50.724602],[7.045217,50.724833],[7.045626,50.725367],[7.045653,50.725358],[7.045702,50.725417],[7.045722,50.725377],[7.045834,50.725383],[7.045959,50.725291],[7.046064,50.725273],[7.045812,50.725029],[7.045866,50.725009],[7.044969,50.724111],[7.044821,50.724159],[7.044804,50.724133],[7.045156,50.724021],[7.045175,50.723966],[7.044982,50.723797],[7.044781,50.723919],[7.043857,50.723258],[7.044116,50.723112],[7.044074,50.723083],[7.043848,50.723089]],[[7.043965,50.723498],[7.043891,50.723558],[7.043847,50.723498],[7.043921,50.723457],[7.043965,50.723498]]],[[[7.0434,50.723321],[7.043532,50.723421],[7.043537,50.723419],[7.0434,50.723321]]],[[[7.045659,50.725409],[7.045677,50.725432],[7.045678,50.725432],[7.045659,50.725409]]]]},"properties":{"landuse_id":15609,"landuse_code":2645,"landuse":"Grün-/ Parkfläche mit Baumbestand","environment":"urban_green","area_m2":9906}},{"type":"Feature","geometry":{"type":"Polygon","coordinates":[[[7.031443,50.678613],[7.03131,50.679332],[7.031341,50.679865],[7.031287,50.680077],[7.031717,50.680299],[7.032234,50.680516],[7.032563,50.680704],[7.03293,50.681078],[7.031763,50.678582],[7.031441,50.678627],[7.031443,50.678613]]]},"properties":{"landuse_id":7240,"landuse_code":2600,"landuse":"Wald","environment":"forest","area_m2":12489}},{"type":"Feature","geometry":{"type":"MultiPolygon","coordinates":[[[[7.152667,50.73543],[7.152298,50.734724],[7.152374,50.73488],[7.152547,50.735228],[7.152667,50.73543]]],[[[7.151695,50.733209],[7.151623,50.733082],[7.151557,50.733027],[7.151173,50.733317],[7.150616,50.733651],[7.150461,50.733777],[7.149482,50.734802],[7.149623,50.734874],[7.149607,50.735026],[7.151101,50.735607],[7.151919,50.735832],[7.152867,50.735984],[7.152878,50.735938],[7.152775,50.735686],[7.152605,50.735464],[7.152128,50.734553],[7.151958,50.734121],[7.151968,50.733749],[7.151695,50.733209]]],[[[7.15138,50.733141],[7.151264,50.733226],[7.151331,50.733178],[7.15138,50.733141]]]]},"properties":{"landuse_id":7271,"landuse_code":2600,"landuse":"Wald","environment":"forest","area_m2":39016}},{"type":"Feature","geometry":{"type":"MultiPolygon","coordinates":[[[[7.194502,50.735614],[7.197344,50.737031],[7.196831,50.737439],[7.196474,50.737262],[7.196167,50.737527],[7.196066,50.73748],[7.195522,50.737908],[7.19541,50.737855],[7.195215,50.738024],[7.194731,50.737786],[7.194651,50.737811],[7.194522,50.737793],[7.194057,50.737568],[7.193869,50.737722],[7.194327,50.737968],[7.194353,50.737947],[7.194888,50.738213],[7.196522,50.737625],[7.197669,50.737106],[7.19456,50.735564],[7.194502,50.735614]],[[7.194937,50.738098],[7.194849,50.738116],[7.194001,50.737705],[7.194063,50.737653],[7.194673,50.737951],[7.194921,50.738018],[7.194937,50.738098]]],[[[7.197734,50.737076],[7.197488,50.736959],[7.197729,50.737079],[7.197734,50.737076]]]]},"properties":{"landuse_id":18211,"landuse_code":2680,"landuse":"sonstige (kl.) Gehölzfläche","environment":"urban_green","area_m2":7497}},{"type":"Feature","geometry":{"type":"Polygon","coordinates":[[[7.058377,50.636213],[7.0593,50.638434],[7.053907,50.639265],[7.05399,50.639253],[7.05111,50.641132],[7.050041,50.641875],[7.049755,50.642107],[7.049746,50.642211],[7.050785,50.644088],[7.056024,50.642858],[7.060641,50.641742],[7.059982,50.639905],[7.058426,50.636232],[7.058377,50.636213]],[[7.051071,50.641813],[7.050986,50.641812],[7.050933,50.641786],[7.050925,50.641705],[7.050973,50.641679],[7.051129,50.641679],[7.051136,50.641597],[7.051188,50.641592],[7.05133,50.641712],[7.051348,50.641803],[7.051265,50.641846],[7.051071,50.641813]]]},"properties":{"landuse_id":13660,"landuse_code":2600,"landuse":"Wald","environment":"forest","area_m2":280681}},{"type":"Feature","geometry":{"type":"Polygon","coordinates":[[[7.050748,50.655859],[7.05079,50.655905],[7.050766,50.655914],[7.06408,50.670484],[7.067095,50.669417],[7.067152,50.66937],[7.067158,50.66931],[7.0653,50.662646],[7.06277,50.654422],[7.062683,50.654398],[7.054043,50.655425],[7.05173,50.655705],[7.051718,50.655743],[7.050748,50.655859]],[[7.058136,50.661922],[7.057716,50.661899],[7.057694,50.661398],[7.057828,50.661209],[7.058259,50.661361],[7.058136,50.661922]]]},"properties":{"landuse_id":13734,"landuse_code":2600,"landuse":"Wald","environment":"forest","area_m2":977180}},{"type":"Feature","geometry":{"type":"Polygon","coordinates":[[[7.161662,50.703531],[7.162169,50.703603],[7.162278,50.703578],[7.162498,50.703421],[7.162581,50.703325],[7.162607,50.70308],[7.1627,50.702935],[7.162859,50.702835],[7.162991,50.702808],[7.163186,50.702807],[7.163268,50.702828],[7.164102,50.703168],[7.164577,50.70318],[7.16478,50.703245],[7.164858,50.703102],[7.165013,50.702945],[7.164075,50.702611],[7.164021,50.70267],[7.162699,50.702213],[7.162429,50.702503],[7.161662,50.703531]]]},"properties":{"landuse_id":18250,"landuse_code":2645,"landuse":"Grün-/ Parkfläche mit Baumbestand","environment":"urban_green","area_m2":13161}},{"type":"Feature","geometry":{"type":"MultiPolygon","coordinates":[[[[7.103066,50.713027],[7.103483,50.712917],[7.104136,50.713204],[7.104316,50.713358],[7.103875,50.712942],[7.103659,50.71281],[7.103425,50.712771],[7.103396,50.712734],[7.103248,50.712455],[7.103356,50.712296],[7.103364,50.712053],[7.103314,50.712287],[7.103236,50.712435],[7.103235,50.712588],[7.10308,50.712708],[7.102934,50.712732],[7.103066,50.713027]]],[[[7.104579,50.713581],[7.104601,50.713588],[7.104552,50.713558],[7.104579,50.713581]]],[[[7.104777,50.713643],[7.104815,50.713655],[7.10444,50.713274],[7.104442,50.713174],[7.10494,50.713037],[7.105195,50.712927],[7.105252,50.712836],[7.105129,50.712693],[7.105036,50.712619],[7.104802,50.71253],[7.104574,50.712455],[7.104297,50.712414],[7.104296,50.712243],[7.103915,50.712196],[7.103387,50.712076],[7.103374,50.712301],[7.103268,50.712457],[7.103415,50.71273],[7.103582,50.712741],[7.103716,50.712782],[7.103935,50.712912],[7.104558,50.713505],[7.104704,50.71362],[7.104777,50.713643]]],[[[7.105302,50.712755],[7.105499,50.71272],[7.105328,50.712479],[7.10498,50.712244],[7.105087,50.712113],[7.104692,50.712037],[7.104314,50.71169],[7.10416,50.711679],[7.103922,50.7116],[7.103692,50.711594],[7.103658,50.711696],[7.103492,50.711881],[7.103385,50.712068],[7.103903,50.712188],[7.104324,50.712235],[7.104324,50.712396],[7.104644,50.712453],[7.105043,50.712606],[7.105262,50.712819],[7.105302,50.712755]]],[[[7.103749,50.711172],[7.10355,50.711179],[7.103694,50.711583],[7.103929,50.71159],[7.104163,50.711665],[7.104298,50.711675],[7.103749,50.711172]]],[[[7.103732,50.711157],[7.103524,50.711148],[7.103531,50.711167],[7.103732,50.711157]]],[[[7.103654,50.711663],[7.10366,50.711646],[7.103662,50.711638],[7.103654,50.711663]]],[[[7.103571,50.711782],[7.103639,50.7117],[7.103653,50.711666],[7.103571,50.711782]]],[[[7.103521,50.711833],[7.103544,50.711813],[7.103553,50.711803],[7.103521,50.711833]]]]},"properties":{"landuse_id":2762,"landuse_code":2600,"landuse":"Wald","environment":"forest","area_m2":20329}},{"type":"Feature","geometry":{"type":"Polygon","coordinates":[[[7.066716,50.6676],[7.067046,50.667595],[7.067709,50.667429],[7.070651,50.667117],[7.070773,50.664637],[7.065401,50.662846],[7.066716,50.6676]]]},"properties":{"landuse_id":5242,"landuse_code":2600,"landuse":"Wald","environment":"forest","area_m2":128903}},{"type":"Feature","geometry":{"type":"Polygon","coordinates":[[[7.159114,50.723572],[7.160397,50.724054],[7.160785,50.724229],[7.161141,50.724502],[7.161361,50.724828],[7.161565,50.724751],[7.161832,50.724721],[7.162071,50.724738],[7.162332,50.724799],[7.160952,50.724194],[7.159941,50.723818],[7.159114,50.723572]]]},"properties":{"landuse_id":7449,"landuse_code":2670,"landuse":"Verkehrsbegleitgrün mit Baumbestand","environment":"urban_green","area_m2":2975}},{"type":"Feature","geometry":{"type":"Polygon","coordinates":[[[7.093217,50.71932],[7.094394,50.71922],[7.0952,50.719107],[7.095655,50.718992],[7.095498,50.718732],[7.09499,50.71892],[7.094561,50.719043],[7.094059,50.719158],[7.093493,50.719243],[7.093217,50.71932]]]},"properties":{"landuse_id":7463,"landuse_code":2600,"landuse":"Wald","environment":"forest","area_m2":2695}},{"type":"Feature","geometry":{"type":"Polygon","coordinates":[[[7.075145,50.728312],[7.07499,50.728493],[7.07585,50.728641],[7.075145,50.728312]]]},"properties":{"landuse_id":7460,"landuse_code":2680,"landuse":"sonstige (kl.) Gehölzfläche","environment":"urban_green","area_m2":717}},{"type":"Feature","geometry":{"type":"MultiPolygon","coordinates":[[[[7.055217,50.706479],[7.055198,50.706508],[7.055204,50.7065],[7.055215,50.706483],[7.055218,50.706479],[7.055217,50.706479]]],[[[7.055089,50.706716],[7.055518,50.706693],[7.055575,50.706726],[7.055574,50.706645],[7.055251,50.706501],[7.055089,50.706716]]]]},"properties":{"landuse_id":7493,"landuse_code":2680,"landuse":"sonstige (kl.) Gehölzfläche","environment":"urban_green","area_m2":470}},{"type":"Feature","geometry":{"type":"Polygon","coordinates":[[[7.144782,50.709022],[7.144789,50.709079],[7.145028,50.709066],[7.145229,50.708932],[7.145229,50.708758],[7.145147,50.708621],[7.145012,50.708573],[7.144846,50.708568],[7.144611,50.708872],[7.144468,50.708994],[7.144526,50.709129],[7.144712,50.709143],[7.144782,50.709022]]]},"properties":{"landuse_id":7499,"landuse_code":2645,"landuse":"Grün-/ Parkfläche mit Baumbestand","environment":"urban_green","area_m2":2176}},{"type":"Feature","geometry":{"type":"Polygon","coordinates":[[[7.178864,50.679036],[7.180096,50.679381],[7.180186,50.679286],[7.180247,50.679298],[7.180325,50.679277],[7.180522,50.679085],[7.179124,50.678657],[7.178864,50.679036]]]},"properties":{"landuse_id":18273,"landuse_code":2680,"landuse":"sonstige (kl.) Gehölzfläche","environment":"urban_green","area_m2":4548}},{"type":"Feature","geometry":{"type":"Polygon","coordinates":[[[7.036986,50.708916],[7.037071,50.708889],[7.037619,50.709486],[7.037782,50.709431],[7.037811,50.709449],[7.037812,50.7093],[7.038025,50.709301],[7.038022,50.70904],[7.037982,50.708945],[7.037383,50.70843],[7.03733,50.708426],[7.03727,50.708456],[7.036986,50.708916]]]},"properties":{"landuse_id":7621,"landuse_code":2600,"landuse":"Wald","environment":"forest","area_m2":4642}},{"type":"Feature","geometry":{"type":"Polygon","coordinates":[[[7.080997,50.756383],[7.080145,50.757076],[7.08043,50.757214],[7.081253,50.756507],[7.080997,50.756383]]]},"properties":{"landuse_id":7588,"landuse_code":2680,"landuse":"sonstige (kl.) Gehölzfläche","environment":"urban_green","area_m2":2318}},{"type":"Feature","geometry":{"type":"MultiPolygon","coordinates":[[[[7.110805,50.659523],[7.11107,50.659489],[7.111301,50.659421],[7.111592,50.659445],[7.112986,50.659966],[7.113318,50.660134],[7.114279,50.660775],[7.116099,50.661597],[7.118494,50.66072],[7.118513,50.660599],[7.118617,50.660552],[7.118759,50.660423],[7.118925,50.66034],[7.119127,50.660115],[7.119401,50.659892],[7.119544,50.659674],[7.119588,50.659335],[7.119565,50.659163],[7.119304,50.658723],[7.118482,50.658675],[7.117843,50.658509],[7.116857,50.658175],[7.116484,50.658143],[7.115126,50.658157],[7.114954,50.658166],[7.114205,50.658296],[7.113536,50.658343],[7.112516,50.658751],[7.112052,50.658859],[7.11106,50.659192],[7.110949,50.659274],[7.110805,50.659523]]],[[[7.111288,50.659459],[7.111435,50.659457],[7.111364,50.659451],[7.111307,50.659454],[7.111288,50.659459]]],[[[7.113504,50.658322],[7.113497,50.658322],[7.11305,50.65851],[7.113471,50.65834],[7.113504,50.658322]]]]},"properties":{"landuse_id":7644,"landuse_code":2600,"landuse":"Wald","environment":"forest","area_m2":140211}},{"type":"Feature","geometry":{"type":"Polygon","coordinates":[[[7.046838,50.754906],[7.046831,50.755402],[7.052122,50.752985],[7.052118,50.752586],[7.051991,50.752635],[7.051988,50.752611],[7.049784,50.753618],[7.046838,50.754906]]]},"properties":{"landuse_id":7646,"landuse_code":2670,"landuse":"Verkehrsbegleitgrün mit Baumbestand","environment":"urban_green","area_m2":18732}},{"type":"Feature","geometry":{"type":"Polygon","coordinates":[[[7.149063,50.706961],[7.149334,50.706832],[7.14925,50.70641],[7.149176,50.706223],[7.14867,50.705842],[7.148315,50.70574],[7.148443,50.706224],[7.148914,50.70671],[7.149063,50.706961]]]},"properties":{"landuse_id":8273,"landuse_code":2645,"landuse":"Grün-/ Parkfläche mit Baumbestand","environment":"urban_green","area_m2":4534}},{"type":"Feature","geometry":{"type":"MultiPolygon","coordinates":[[[[7.194781,50.711166],[7.194247,50.710775],[7.194158,50.710794],[7.194212,50.710936],[7.194169,50.711124],[7.194085,50.711224],[7.193854,50.711358],[7.192898,50.711612],[7.192833,50.711689],[7.192858,50.711742],[7.192962,50.711768],[7.19343,50.711654],[7.193912,50.711508],[7.194781,50.711166]]],[[[7.194212,50.710749],[7.194097,50.710672],[7.194144,50.710764],[7.194212,50.710749]]],[[[7.193809,50.710625],[7.193033,50.710729],[7.191815,50.710819],[7.190528,50.711005],[7.191815,50.710819],[7.193033,50.710729],[7.193809,50.710625]]]]},"properties":{"landuse_id":7731,"landuse_code":2600,"landuse":"Wald","environment":"forest","area_m2":3491}},{"type":"Feature","geometry":{"type":"Polygon","coordinates":[[[7.111861,50.765192],[7.111656,50.765023],[7.111529,50.764737],[7.111376,50.764723],[7.111368,50.764677],[7.110432,50.76479],[7.11034,50.764899],[7.110333,50.764949],[7.110279,50.764936],[7.110276,50.764894],[7.110232,50.764866],[7.109254,50.765037],[7.108999,50.765073],[7.108884,50.765063],[7.1087,50.765169],[7.108916,50.765245],[7.10969,50.76575],[7.109996,50.76555],[7.11009,50.765292],[7.110311,50.765092],[7.111861,50.765192]]]},"properties":{"landuse_id":16493,"landuse_code":2680,"landuse":"sonstige (kl.) Gehölzfläche","environment":"urban_green","area_m2":9831}},{"type":"Feature","geometry":{"type":"Polygon","coordinates":[[[7.1696,50.691917],[7.169425,50.692205],[7.169343,50.692222],[7.169178,50.692169],[7.16889,50.692226],[7.168407,50.692082],[7.168178,50.692387],[7.168513,50.692474],[7.168588,50.692863],[7.168203,50.692922],[7.168323,50.693247],[7.168117,50.693286],[7.168282,50.693623],[7.168261,50.693799],[7.168078,50.694231],[7.168761,50.694181],[7.169511,50.694028],[7.169586,50.693991],[7.170232,50.693129],[7.170446,50.692694],[7.170387,50.69264],[7.170269,50.692589],[7.170244,50.692482],[7.170344,50.692408],[7.170587,50.692379],[7.171179,50.691177],[7.170367,50.690967],[7.170289,50.690878],[7.170055,50.690982],[7.169925,50.691176],[7.169788,50.691245],[7.169965,50.691318],[7.1696,50.691917]],[[7.169263,50.693218],[7.169608,50.692761],[7.169956,50.692867],[7.169607,50.693325],[7.169263,50.693218]]]},"properties":{"landuse_id":11555,"landuse_code":2645,"landuse":"Grün-/ Parkfläche mit Baumbestand","environment":"urban_green","area_m2":37475}},{"type":"Feature","geometry":{"type":"Polygon","coordinates":[[[7.137224,50.712507],[7.137355,50.712449],[7.137642,50.712263],[7.137741,50.712228],[7.137955,50.712234],[7.138048,50.712273],[7.138204,50.712464],[7.138323,50.712544],[7.138385,50.712486],[7.138387,50.712396],[7.138334,50.712288],[7.138072,50.712116],[7.137819,50.71206],[7.137661,50.71207],[7.137521,50.712115],[7.13731,50.712268],[7.137197,50.712433],[7.137224,50.712507]]]},"properties":{"landuse_id":7813,"landuse_code":2645,"landuse":"Grün-/ Parkfläche mit Baumbestand","environment":"urban_green","area_m2":1845}},{"type":"Feature","geometry":{"type":"Polygon","coordinates":[[[7.143758,50.677579],[7.143199,50.677687],[7.143356,50.67799],[7.143495,50.677944],[7.143536,50.677998],[7.14347,50.678021],[7.144072,50.677932],[7.143758,50.677579]]]},"properties":{"landuse_id":7846,"landuse_code":2680,"landuse":"sonstige (kl.) Gehölzfläche","environment":"urban_green","area_m2":1828}},{"type":"Feature","geometry":{"type":"Polygon","coordinates":[[[7.1345,50.714789],[7.134388,50.71502],[7.13449,50.715156],[7.134603,50.715184],[7.134749,50.715183],[7.134972,50.715094],[7.13515,50.714893],[7.135166,50.714783],[7.135116,50.714679],[7.134988,50.714621],[7.134848,50.714622],[7.134703,50.714659],[7.1345,50.714789]]]},"properties":{"landuse_id":7869,"landuse_code":2645,"landuse":"Grün-/ Parkfläche mit Baumbestand","environment":"urban_green","area_m2":2553}},{"type":"Feature","geometry":{"type":"Polygon","coordinates":[[[7.161685,50.725573],[7.161948,50.725577],[7.162209,50.725506],[7.162433,50.725389],[7.162851,50.725079],[7.162439,50.724918],[7.161987,50.724798],[7.161718,50.724798],[7.161502,50.724852],[7.161389,50.72491],[7.161436,50.725181],[7.161372,50.725453],[7.161488,50.725519],[7.161685,50.725573]]]},"properties":{"landuse_id":7887,"landuse_code":2670,"landuse":"Verkehrsbegleitgrün mit Baumbestand","environment":"urban_green","area_m2":6409}},{"type":"Feature","geometry":{"type":"Polygon","coordinates":[[[7.045113,50.733204],[7.047054,50.732125],[7.046735,50.731845],[7.044879,50.732865],[7.044856,50.732908],[7.045051,50.733072],[7.045113,50.733204]]]},"properties":{"landuse_id":7908,"landuse_code":2475,"landuse":"Grünland (Landwirtschaft) mit Baumbestand","environment":"urban_green","area_m2":7049}},{"type":"Feature","geometry":{"type":"MultiPolygon","coordinates":[[[[7.061859,50.674526],[7.061992,50.673778],[7.059513,50.674859],[7.061539,50.675472],[7.061859,50.674526]]],[[[7.062044,50.673324],[7.061801,50.671546],[7.057913,50.673262],[7.057908,50.6733],[7.057878,50.673259],[7.057858,50.673268],[7.058307,50.673985],[7.058832,50.674691],[7.058813,50.67464],[7.059416,50.674828],[7.062006,50.673692],[7.062044,50.673324]]],[[[7.057842,50.673313],[7.057949,50.673468],[7.057868,50.673338],[7.057845,50.673314],[7.057842,50.673313]]]]},"properties":{"landuse_id":160,"landuse_code":2600,"landuse":"Wald","environment":"forest","area_m2":75840}},{"type":"Feature","geometry":{"type":"Polygon","coordinates":[[[7.099762,50.69604],[7.09952,50.695745],[7.0993,50.695561],[7.097768,50.694919],[7.096976,50.695278],[7.096943,50.695486],[7.096717,50.69603],[7.09667,50.696307],[7.096828,50.696604],[7.096806,50.696923],[7.097049,50.697446],[7.097135,50.697825],[7.09757,50.697771],[7.097699,50.697651],[7.098015,50.697204],[7.098197,50.697031],[7.098845,50.696594],[7.099147,50.696328],[7.099317,50.696225],[7.099579,50.696137],[7.099762,50.69604]]]},"properties":{"landuse_id":7939,"landuse_code":2600,"landuse":"Wald","environment":"forest","area_m2":39204}},{"type":"Feature","geometry":{"type":"Polygon","coordinates":[[[7.191417,50.648576],[7.192472,50.64941],[7.192928,50.648957],[7.192842,50.648919],[7.192642,50.649017],[7.192522,50.648945],[7.192429,50.648826],[7.192499,50.648737],[7.192384,50.64864],[7.192363,50.648559],[7.192629,50.648571],[7.192767,50.648546],[7.192986,50.648555],[7.193823,50.648312],[7.194732,50.648192],[7.194636,50.648042],[7.193623,50.647877],[7.193286,50.647894],[7.193035,50.647982],[7.192879,50.648074],[7.192768,50.648187],[7.192813,50.648259],[7.192674,50.648314],[7.192413,50.648087],[7.191883,50.648303],[7.191571,50.648461],[7.191417,50.648576]]]},"properties":{"landuse_id":18299,"landuse_code":2680,"landuse":"sonstige (kl.) Gehölzfläche","environment":"urban_green","area_m2":13348}},{"type":"Feature","geometry":{"type":"Polygon","coordinates":[[[7.127303,50.75612],[7.127418,50.755923],[7.128874,50.756057],[7.128992,50.755587],[7.128899,50.755575],[7.128283,50.755622],[7.126874,50.755749],[7.12637,50.755837],[7.125276,50.755975],[7.125112,50.756334],[7.125368,50.756369],[7.125509,50.756366],[7.125522,50.756309],[7.125971,50.756344],[7.126042,50.756015],[7.127303,50.75612]]]},"properties":{"landuse_id":7978,"landuse_code":2680,"landuse":"sonstige (kl.) Gehölzfläche","environment":"urban_green","area_m2":9981}},{"type":"Feature","geometry":{"type":"Polygon","coordinates":[[[7.037999,50.751853],[7.038733,50.752501],[7.03865,50.752428],[7.03867,50.75186],[7.037999,50.751853]]]},"properties":{"landuse_id":7998,"landuse_code":2645,"landuse":"Grün-/ Parkfläche mit Baumbestand","environment":"urban_green","area_m2":1499}},{"type":"Feature","geometry":{"type":"MultiPolygon","coordinates":[[[[7.061183,50.750453],[7.060687,50.750088],[7.061201,50.749979],[7.061273,50.750083],[7.062539,50.749809],[7.06247,50.749664],[7.062783,50.749593],[7.062768,50.749562],[7.060603,50.750037],[7.061183,50.750453]]],[[[7.062756,50.749539],[7.062746,50.749518],[7.062741,50.749519],[7.062756,50.749539]]]]},"properties":{"landuse_id":8012,"landuse_code":2670,"landuse":"Verkehrsbegleitgrün mit Baumbestand","environment":"urban_green","area_m2":2415}},{"type":"Feature","geometry":{"type":"Polygon","coordinates":[[[7.177347,50.722783],[7.178786,50.72072],[7.178734,50.720643],[7.178359,50.720833],[7.177731,50.721574],[7.177022,50.722571],[7.177127,50.722684],[7.177347,50.722783]]]},"properties":{"landuse_id":8060,"landuse_code":2600,"landuse":"Wald","environment":"forest","area_m2":6756}},{"type":"Feature","geometry":{"type":"Polygon","coordinates":[[[7.165277,50.749593],[7.163707,50.750106],[7.163826,50.750459],[7.16422,50.750461],[7.164434,50.750432],[7.165497,50.750451],[7.16581,50.749775],[7.165831,50.74963],[7.165801,50.749443],[7.165277,50.749593]],[[7.165596,50.750082],[7.165545,50.750132],[7.165438,50.75017],[7.165171,50.750176],[7.164902,50.750282],[7.164708,50.750319],[7.164465,50.750342],[7.164348,50.750386],[7.164139,50.750391],[7.164095,50.750362],[7.164069,50.750157],[7.164247,50.749988],[7.164694,50.749859],[7.165099,50.749697],[7.165171,50.749698],[7.165307,50.749654],[7.165448,50.749713],[7.165568,50.749876],[7.165603,50.749957],[7.165596,50.750082]]]},"properties":{"landuse_id":17553,"landuse_code":2680,"landuse":"sonstige (kl.) Gehölzfläche","environment":"urban_green","area_m2":5075}},{"type":"Feature","geometry":{"type":"Polygon","coordinates":[[[7.142611,50.709841],[7.142659,50.709957],[7.143245,50.710125],[7.143727,50.709712],[7.143547,50.70955],[7.142611,50.709841]]]},"properties":{"landuse_id":8125,"landuse_code":2645,"landuse":"Grün-/ Parkfläche mit Baumbestand","environment":"urban_green","area_m2":2587}},{"type":"Feature","geometry":{"type":"Polygon","coordinates":[[[7.065038,50.673147],[7.065915,50.672811],[7.06558,50.67249],[7.065281,50.672618],[7.065176,50.672637],[7.065012,50.672603],[7.064888,50.6725],[7.064508,50.672667],[7.065038,50.673147]]]},"properties":{"landuse_id":8139,"landuse_code":2600,"landuse":"Wald","environment":"forest","area_m2":3926}},{"type":"Feature","geometry":{"type":"Polygon","coordinates":[[[7.154737,50.708496],[7.154561,50.708342],[7.154472,50.70846],[7.154314,50.708571],[7.154111,50.708617],[7.153767,50.708622],[7.153771,50.708866],[7.153832,50.709061],[7.154737,50.708496]]]},"properties":{"landuse_id":8155,"landuse_code":2645,"landuse":"Grün-/ Parkfläche mit Baumbestand","environment":"urban_green","area_m2":1900}},{"type":"Feature","geometry":{"type":"Polygon","coordinates":[[[7.116693,50.697045],[7.116771,50.696989],[7.116535,50.696907],[7.116561,50.696968],[7.116693,50.697045]]]},"properties":{"landuse_id":8170,"landuse_code":2600,"landuse":"Wald","environment":"forest","area_m2":104}},{"type":"Feature","geometry":{"type":"Polygon","coordinates":[[[7.115692,50.696541],[7.115946,50.696668],[7.115943,50.696727],[7.116138,50.696883],[7.116297,50.696855],[7.116535,50.696907],[7.116388,50.696848],[7.116387,50.696707],[7.11628,50.696527],[7.115969,50.696514],[7.115692,50.696541]]]},"properties":{"landuse_id":8174,"landuse_code":2600,"landuse":"Wald","environment":"forest","area_m2":1236}},{"type":"Feature","geometry":{"type":"Polygon","coordinates":[[[7.153642,50.711628],[7.153619,50.711533],[7.153548,50.711487],[7.153087,50.711425],[7.152729,50.711531],[7.152556,50.711683],[7.153158,50.711756],[7.153642,50.711628]]]},"properties":{"landuse_id":8186,"landuse_code":2645,"landuse":"Grün-/ Parkfläche mit Baumbestand","environment":"urban_green","area_m2":1842}},{"type":"Feature","geometry":{"type":"Polygon","coordinates":[[[7.151575,50.711079],[7.152016,50.711273],[7.152794,50.71115],[7.152194,50.710599],[7.151745,50.710349],[7.15172,50.710363],[7.15179,50.710557],[7.15176,50.710926],[7.151575,50.711079]]]},"properties":{"landuse_id":8188,"landuse_code":2645,"landuse":"Grün-/ Parkfläche mit Baumbestand","environment":"urban_green","area_m2":4238}},{"type":"Feature","geometry":{"type":"Polygon","coordinates":[[[7.145875,50.707629],[7.146072,50.707761],[7.146347,50.707835],[7.146723,50.708001],[7.146619,50.708122],[7.146726,50.70822],[7.147219,50.708356],[7.147318,50.708228],[7.147544,50.708254],[7.147432,50.708098],[7.147106,50.708023],[7.146401,50.707727],[7.145875,50.707629]]]},"properties":{"landuse_id":8261,"landuse_code":2645,"landuse":"Grün-/ Parkfläche mit Baumbestand","environment":"urban_green","area_m2":2439}},{"type":"Feature","geometry":{"type":"Polygon","coordinates":[[[7.123164,50.738725],[7.1229,50.73904],[7.123281,50.739163],[7.12334,50.739132],[7.123438,50.739153],[7.123488,50.739112],[7.123579,50.739114],[7.123743,50.738915],[7.123164,50.738725]]]},"properties":{"landuse_id":8305,"landuse_code":2680,"landuse":"sonstige (kl.) Gehölzfläche","environment":"urban_green","area_m2":1703}},{"type":"Feature","geometry":{"type":"Polygon","coordinates":[[[7.045938,50.649801],[7.046205,50.650751],[7.046557,50.651558],[7.046796,50.652002],[7.047111,50.652492],[7.047774,50.653386],[7.047872,50.653232],[7.048074,50.653112],[7.048099,50.653034],[7.04784,50.652571],[7.047341,50.651548],[7.046973,50.65092],[7.046698,50.65054],[7.04642,50.650223],[7.045938,50.649801]]]},"properties":{"landuse_id":58,"landuse_code":2670,"landuse":"Verkehrsbegleitgrün mit Baumbestand","environment":"urban_green","area_m2":16673}},{"type":"Feature","geometry":{"type":"Polygon","coordinates":[[[7.120804,50.683289],[7.120633,50.683145],[7.12045,50.683067],[7.119771,50.682954],[7.119223,50.682708],[7.120781,50.685148],[7.122088,50.68588],[7.123131,50.686503],[7.123455,50.686751],[7.124234,50.687446],[7.124573,50.687689],[7.125598,50.688323],[7.126153,50.688799],[7.126346,50.688906],[7.126456,50.688937],[7.126512,50.688922],[7.126606,50.688869],[7.126639,50.688806],[7.126633,50.688458],[7.126361,50.687784],[7.126371,50.687704],[7.126499,50.687589],[7.126847,50.687482],[7.126951,50.687428],[7.127038,50.687343],[7.127077,50.68724],[7.12705,50.687118],[7.126968,50.686995],[7.126633,50.686711],[7.126603,50.686635],[7.126621,50.686581],[7.126385,50.686548],[7.12605,50.686398],[7.125805,50.686401],[7.125524,50.686368],[7.12515,50.686256],[7.124955,50.686174],[7.124742,50.686046],[7.124502,50.68595],[7.124294,50.685812],[7.12416,50.685778],[7.124003,50.685653],[7.123389,50.685431],[7.122512,50.684807],[7.122151,50.684744],[7.121903,50.684535],[7.12185,50.684406],[7.12162,50.684243],[7.121545,50.684118],[7.121434,50.684036],[7.12128,50.683774],[7.120804,50.683289]]]},"properties":{"landuse_id":8326,"landuse_code":2600,"landuse":"Wald","environment":"forest","area_m2":88291}},{"type":"Feature","geometry":{"type":"Polygon","coordinates":[[[7.061854,50.671345],[7.061501,50.67022],[7.060801,50.668827],[7.060127,50.667754],[7.058989,50.666338],[7.058963,50.666339],[7.060064,50.667732],[7.060806,50.668944],[7.061237,50.669726],[7.061655,50.670788],[7.061812,50.6713],[7.061854,50.671345]]]},"properties":{"landuse_id":204,"landuse_code":2670,"landuse":"Verkehrsbegleitgrün mit Baumbestand","environment":"urban_green","area_m2":1634}},{"type":"Feature","geometry":{"type":"MultiPolygon","coordinates":[[[[7.061801,50.671546],[7.062044,50.673324],[7.062036,50.672348],[7.061898,50.671503],[7.061801,50.671546]]],[[[7.061992,50.673778],[7.061859,50.674526],[7.061911,50.674292],[7.061992,50.673778],[7.061992,50.673778]]]]},"properties":{"landuse_id":205,"landuse_code":2670,"landuse":"Verkehrsbegleitgrün mit Baumbestand","environment":"urban_green","area_m2":1309}},{"type":"Feature","geometry":{"type":"Polygon","coordinates":[[[7.062635,50.671078],[7.062605,50.67105],[7.063829,50.670534],[7.057142,50.663175],[7.050443,50.655865],[7.050218,50.655904],[7.05507,50.661279],[7.055915,50.66215],[7.056277,50.662603],[7.05741,50.663862],[7.059032,50.665613],[7.060617,50.667495],[7.0617,50.669183],[7.062082,50.669858],[7.062616,50.671087],[7.062635,50.671078]]]},"properties":{"landuse_id":217,"landuse_code":2600,"landuse":"Wald","environment":"forest","area_m2":52811}},{"type":"Feature","geometry":{"type":"Polygon","coordinates":[[[7.115127,50.700084],[7.115594,50.700253],[7.115518,50.700344],[7.115754,50.700463],[7.116132,50.700195],[7.115318,50.699853],[7.115127,50.700084]]]},"properties":{"landuse_id":8380,"landuse_code":2680,"landuse":"sonstige (kl.) Gehölzfläche","environment":"urban_green","area_m2":2010}},{"type":"Feature","geometry":{"type":"Polygon","coordinates":[[[7.158784,50.72778],[7.15941,50.72757],[7.159317,50.727507],[7.158784,50.72778]]]},"properties":{"landuse_id":8409,"landuse_code":2670,"landuse":"Verkehrsbegleitgrün mit Baumbestand","environment":"urban_green","area_m2":251}},{"type":"Feature","geometry":{"type":"Polygon","coordinates":[[[7.044324,50.694607],[7.04434,50.694635],[7.045241,50.694609],[7.04529,50.695474],[7.044722,50.695499],[7.044739,50.695627],[7.044958,50.695651],[7.045806,50.695604],[7.04637,50.695508],[7.046604,50.695452],[7.04659,50.695429],[7.046668,50.695403],[7.046721,50.695297],[7.046708,50.695244],[7.046017,50.694703],[7.045678,50.694521],[7.045532,50.694493],[7.044732,50.694496],[7.044441,50.694519],[7.04436,50.694603],[7.044324,50.694607]]]},"properties":{"landuse_id":416,"landuse_code":2600,"landuse":"Wald","environment":"forest","area_m2":10704}},{"type":"Feature","geometry":{"type":"MultiPolygon","coordinates":[[[[7.162701,50.754555],[7.162814,50.754495],[7.162082,50.754019],[7.161539,50.753708],[7.161378,50.753795],[7.161335,50.753775],[7.161278,50.753815],[7.162331,50.754321],[7.162701,50.754555]]],[[[7.161499,50.753685],[7.161479,50.753674],[7.161343,50.753769],[7.161499,50.753685]]]]},"properties":{"landuse_id":8426,"landuse_code":2670,"landuse":"Verkehrsbegleitgrün mit Baumbestand","environment":"urban_green","area_m2":1851}},{"type":"Feature","geometry":{"type":"MultiPolygon","coordinates":[[[[7.048167,50.726752],[7.04802,50.726813],[7.048102,50.726985],[7.048119,50.727101],[7.048467,50.727609],[7.048463,50.727728],[7.048502,50.72777],[7.048632,50.727734],[7.048592,50.727581],[7.048167,50.726752]]],[[[7.048682,50.72772],[7.048688,50.727719],[7.04865,50.727667],[7.048654,50.727681],[7.048674,50.727709],[7.048682,50.72772]]]]},"properties":{"landuse_id":5015,"landuse_code":2680,"landuse":"sonstige (kl.) Gehölzfläche","environment":"urban_green","area_m2":1368}},{"type":"Feature","geometry":{"type":"MultiPolygon","coordinates":[[[[7.10958,50.703117],[7.109567,50.703114],[7.109577,50.70312],[7.10958,50.703117]]],[[[7.109567,50.703114],[7.108728,50.702913],[7.109421,50.703209],[7.109567,50.703114]]]]},"properties":{"landuse_id":8563,"landuse_code":2600,"landuse":"Wald","environment":"forest","area_m2":429}},{"type":"Feature","geometry":{"type":"Polygon","coordinates":[[[7.038497,50.706899],[7.038543,50.706856],[7.038567,50.706817],[7.038532,50.706863],[7.038516,50.706872],[7.038484,50.70689],[7.038497,50.706899]]]},"properties":{"landuse_id":8567,"landuse_code":2670,"landuse":"Verkehrsbegleitgrün mit Baumbestand","environment":"urban_green","area_m2":5}},{"type":"Feature","geometry":{"type":"Polygon","coordinates":[[[7.126516,50.681954],[7.127029,50.681661],[7.127149,50.681536],[7.127188,50.680936],[7.127367,50.680731],[7.12618,50.680784],[7.126016,50.68084],[7.12246,50.681538],[7.125946,50.682673],[7.126516,50.681954]],[[7.125973,50.681748],[7.125626,50.681602],[7.125843,50.681448],[7.125738,50.681386],[7.126522,50.680968],[7.1269,50.68115],[7.126723,50.681274],[7.126629,50.681229],[7.125973,50.681748]]]},"properties":{"landuse_id":8577,"landuse_code":2600,"landuse":"Wald","environment":"forest","area_m2":34042}},{"type":"Feature","geometry":{"type":"Polygon","coordinates":[[[7.170654,50.729593],[7.170579,50.729578],[7.170492,50.729593],[7.170254,50.72955],[7.170325,50.729527],[7.170179,50.729497],[7.17012,50.729526],[7.169573,50.729428],[7.169614,50.729383],[7.169347,50.729329],[7.169303,50.72938],[7.166314,50.728774],[7.16623,50.728895],[7.166737,50.72947],[7.168841,50.731502],[7.169497,50.731402],[7.170455,50.731347],[7.171911,50.73121],[7.173218,50.730907],[7.171648,50.729845],[7.171362,50.729745],[7.170654,50.729593]]]},"properties":{"landuse_id":8576,"landuse_code":2600,"landuse":"Wald","environment":"forest","area_m2":74046}},{"type":"Feature","geometry":{"type":"Polygon","coordinates":[[[7.167236,50.658945],[7.167372,50.65889],[7.167594,50.658719],[7.167561,50.658692],[7.167948,50.65842],[7.166842,50.65791],[7.166632,50.657775],[7.166405,50.657505],[7.166067,50.657738],[7.165938,50.657656],[7.165842,50.657135],[7.166011,50.656895],[7.165969,50.656834],[7.165851,50.656752],[7.165793,50.656754],[7.165461,50.657048],[7.16535,50.656984],[7.16519,50.657057],[7.165595,50.657739],[7.165473,50.657776],[7.165741,50.657975],[7.166175,50.658355],[7.166456,50.658649],[7.166714,50.658845],[7.1671,50.659043],[7.167236,50.658945]],[[7.166758,50.658349],[7.166603,50.658278],[7.16659,50.658231],[7.166885,50.658244],[7.167333,50.658362],[7.167506,50.658456],[7.167549,50.658508],[7.167528,50.658583],[7.167471,50.658632],[7.167306,50.658638],[7.167252,50.658622],[7.167041,50.658448],[7.166758,50.658349]]]},"properties":{"landuse_id":18038,"landuse_code":2680,"landuse":"sonstige (kl.) Gehölzfläche","environment":"urban_green","area_m2":14722}},{"type":"Feature","geometry":{"type":"Polygon","coordinates":[[[7.151391,50.653593],[7.151624,50.653688],[7.151856,50.653682],[7.152125,50.653743],[7.152202,50.653747],[7.15227,50.653722],[7.152182,50.653681],[7.152104,50.653706],[7.151948,50.653638],[7.151838,50.653631],[7.151718,50.653664],[7.151645,50.653642],[7.151575,50.653653],[7.151522,50.653619],[7.151391,50.653593]]]},"properties":{"landuse_id":8667,"landuse_code":2600,"landuse":"Wald","environment":"forest","area_m2":273}},{"type":"Feature","geometry":{"type":"Polygon","coordinates":[[[7.083168,50.668014],[7.083205,50.668038],[7.083251,50.668032],[7.083302,50.667969],[7.083431,50.667907],[7.08351,50.667781],[7.083494,50.667681],[7.083443,50.667644],[7.083347,50.667643],[7.083291,50.66779],[7.083106,50.667853],[7.083168,50.668014]]]},"properties":{"landuse_id":8690,"landuse_code":2600,"landuse":"Wald","environment":"forest","area_m2":665}},{"type":"Feature","geometry":{"type":"Polygon","coordinates":[[[7.080508,50.670222],[7.080407,50.670305],[7.080407,50.670339],[7.080455,50.670372],[7.080561,50.670352],[7.080754,50.67026],[7.080774,50.670228],[7.080756,50.670184],[7.080699,50.670171],[7.080603,50.670177],[7.080508,50.670222]]]},"properties":{"landuse_id":8731,"landuse_code":2600,"landuse":"Wald","environment":"forest","area_m2":352}},{"type":"Feature","geometry":{"type":"MultiPolygon","coordinates":[[[[7.174255,50.730616],[7.174123,50.730652],[7.174086,50.730683],[7.173255,50.730913],[7.173837,50.731302],[7.173924,50.731401],[7.173921,50.731564],[7.173722,50.731883],[7.174403,50.731132],[7.174489,50.731186],[7.173319,50.73248],[7.174357,50.732371],[7.174355,50.732353],[7.176421,50.732191],[7.178002,50.731187],[7.178166,50.730866],[7.177172,50.730598],[7.175853,50.730485],[7.175299,50.730499],[7.174953,50.730477],[7.174228,50.730644],[7.174255,50.730616]],[[7.17533,50.731247],[7.175446,50.731283],[7.175325,50.73141],[7.175202,50.73137],[7.17533,50.731247]]],[[[7.176664,50.732087],[7.177368,50.731642],[7.177366,50.731642],[7.177193,50.731749],[7.176894,50.731935],[7.176698,50.732061],[7.176664,50.732087]]],[[[7.178182,50.730814],[7.178145,50.730807],[7.178177,50.730816],[7.178182,50.730814]]]]},"properties":{"landuse_id":15760,"landuse_code":2600,"landuse":"Wald","environment":"forest","area_m2":50293}},{"type":"Feature","geometry":{"type":"Polygon","coordinates":[[[7.170556,50.66113],[7.170554,50.661198],[7.170376,50.661413],[7.170329,50.661523],[7.170414,50.661524],[7.170448,50.661504],[7.170639,50.661196],[7.17062,50.661082],[7.170407,50.660795],[7.170487,50.660723],[7.170044,50.66034],[7.169919,50.660294],[7.169909,50.660252],[7.169776,50.660155],[7.16974,50.660006],[7.16905,50.659247],[7.169165,50.659186],[7.169084,50.659119],[7.168794,50.659303],[7.168899,50.659333],[7.168988,50.659409],[7.168975,50.659474],[7.169516,50.659974],[7.169617,50.660124],[7.169604,50.660179],[7.169678,50.660231],[7.169717,50.660338],[7.170079,50.660427],[7.170062,50.660615],[7.170129,50.66074],[7.170164,50.660773],[7.170278,50.660797],[7.170349,50.660863],[7.170354,50.66102],[7.170556,50.66113]]]},"properties":{"landuse_id":19657,"landuse_code":2680,"landuse":"sonstige (kl.) Gehölzfläche","environment":"urban_green","area_m2":3597}},{"type":"Feature","geometry":{"type":"Polygon","coordinates":[[[7.08259,50.751304],[7.082653,50.75125],[7.083407,50.751576],[7.08339,50.751659],[7.083459,50.75182],[7.083795,50.751934],[7.084048,50.75206],[7.084311,50.752128],[7.084475,50.752094],[7.084616,50.752092],[7.084682,50.752115],[7.084744,50.752174],[7.085073,50.752192],[7.085348,50.752312],[7.085328,50.752461],[7.085485,50.752549],[7.085506,50.752629],[7.085139,50.75305],[7.085708,50.752687],[7.085806,50.752565],[7.085875,50.752352],[7.08573,50.752416],[7.085537,50.752345],[7.085453,50.752228],[7.084478,50.751832],[7.084385,50.751933],[7.084307,50.751903],[7.084283,50.751924],[7.084282,50.751867],[7.08254,50.751147],[7.08244,50.751234],[7.08259,50.751304]]]},"properties":{"landuse_id":475,"landuse_code":2670,"landuse":"Verkehrsbegleitgrün mit Baumbestand","environment":"urban_green","area_m2":5382}},{"type":"Feature","geometry":{"type":"Polygon","coordinates":[[[7.150723,50.722334],[7.150829,50.722249],[7.151771,50.721684],[7.152423,50.721204],[7.152548,50.72107],[7.153012,50.720726],[7.152774,50.720708],[7.152807,50.720678],[7.152396,50.72066],[7.152397,50.720684],[7.151967,50.720691],[7.151972,50.720711],[7.151889,50.720717],[7.151881,50.720697],[7.151739,50.720702],[7.151735,50.72068],[7.151508,50.720695],[7.149955,50.720877],[7.149714,50.720932],[7.149622,50.720979],[7.149494,50.721117],[7.149476,50.721269],[7.14987,50.721949],[7.150028,50.722106],[7.150213,50.722217],[7.15046,50.722299],[7.150723,50.722334]],[[7.150792,50.721858],[7.150245,50.721506],[7.150985,50.721052],[7.151577,50.721169],[7.151915,50.721393],[7.15097,50.721975],[7.150792,50.721858]]]},"properties":{"landuse_id":15800,"landuse_code":2680,"landuse":"sonstige (kl.) Gehölzfläche","environment":"urban_green","area_m2":20569}},{"type":"Feature","geometry":{"type":"Polygon","coordinates":[[[7.048124,50.72447],[7.04812,50.724493],[7.04795,50.72456],[7.047902,50.724643],[7.047734,50.724731],[7.047654,50.724717],[7.047612,50.724678],[7.047272,50.724558],[7.047212,50.724584],[7.047206,50.724598],[7.04742,50.724674],[7.047438,50.724758],[7.047522,50.724778],[7.047497,50.725011],[7.047571,50.725031],[7.047634,50.725112],[7.047616,50.725182],[7.048761,50.724776],[7.048937,50.72465],[7.048673,50.724443],[7.048124,50.72447]]]},"properties":{"landuse_id":827,"landuse_code":2680,"landuse":"sonstige (kl.) Gehölzfläche","environment":"urban_green","area_m2":4622}},{"type":"Feature","geometry":{"type":"Polygon","coordinates":[[[7.072326,50.742479],[7.072323,50.741538],[7.072215,50.741507],[7.072282,50.741028],[7.072079,50.740994],[7.071921,50.741689],[7.071954,50.742219],[7.071996,50.742453],[7.072326,50.742479]]]},"properties":{"landuse_id":15803,"landuse_code":2670,"landuse":"Verkehrsbegleitgrün mit Baumbestand","environment":"urban_green","area_m2":3770}},{"type":"Feature","geometry":{"type":"Polygon","coordinates":[[[7.095498,50.718732],[7.095655,50.718992],[7.09597,50.71883],[7.096102,50.718703],[7.096153,50.718483],[7.096119,50.718374],[7.095752,50.718617],[7.095498,50.718732]]]},"properties":{"landuse_id":8966,"landuse_code":2600,"landuse":"Wald","environment":"forest","area_m2":1487}},{"type":"Feature","geometry":{"type":"MultiPolygon","coordinates":[[[[7.062879,50.703637],[7.06286,50.703653],[7.062854,50.703662],[7.062862,50.703654],[7.062879,50.703637]]],[[[7.063801,50.703422],[7.063353,50.703192],[7.063247,50.70336],[7.062795,50.703765],[7.062733,50.703956],[7.062736,50.704206],[7.062692,50.704296],[7.06258,50.704381],[7.062342,50.704471],[7.062648,50.704483],[7.062688,50.7045],[7.062816,50.704441],[7.063801,50.703422]]]]},"properties":{"landuse_id":1778,"landuse_code":2670,"landuse":"Verkehrsbegleitgrün mit Baumbestand","environment":"urban_green","area_m2":4737}},{"type":"Feature","geometry":{"type":"Polygon","coordinates":[[[7.043569,50.658638],[7.045091,50.662199],[7.045095,50.662279],[7.046804,50.666163],[7.04713,50.666095],[7.056376,50.663681],[7.056427,50.663644],[7.056438,50.663559],[7.056298,50.663397],[7.055153,50.662251],[7.053026,50.659918],[7.049801,50.656492],[7.0495,50.656222],[7.049422,50.656219],[7.045566,50.657789],[7.045577,50.657817],[7.043569,50.658638]]]},"properties":{"landuse_id":15984,"landuse_code":2600,"landuse":"Wald","environment":"forest","area_m2":563096}},{"type":"Feature","geometry":{"type":"Polygon","coordinates":[[[7.126817,50.682679],[7.127043,50.682394],[7.127128,50.682371],[7.127864,50.681425],[7.128611,50.68159],[7.130003,50.682049],[7.13002,50.681529],[7.130613,50.680615],[7.130813,50.680235],[7.130779,50.680175],[7.12973,50.679875],[7.129307,50.68011],[7.127796,50.680712],[7.127367,50.680731],[7.127188,50.680936],[7.127149,50.681536],[7.127029,50.681661],[7.126516,50.681954],[7.125946,50.682673],[7.126391,50.682816],[7.126563,50.682598],[7.126817,50.682679]],[[7.129298,50.680601],[7.129365,50.680594],[7.12951,50.680652],[7.129571,50.680655],[7.129713,50.680608],[7.12978,50.680614],[7.129819,50.680645],[7.129809,50.680667],[7.129687,50.680675],[7.129583,50.680711],[7.129511,50.680705],[7.129298,50.680601]]]},"properties":{"landuse_id":10295,"landuse_code":2600,"landuse":"Wald","environment":"forest","area_m2":41924}},{"type":"Feature","geometry":{"type":"MultiPolygon","coordinates":[[[[7.056606,50.683495],[7.056798,50.682862],[7.057208,50.682058],[7.057357,50.681636],[7.057353,50.681491],[7.05712,50.681244],[7.056652,50.681479],[7.054704,50.682358],[7.056233,50.683662],[7.056606,50.683495]],[[7.055501,50.682546],[7.055945,50.682347],[7.056383,50.682731],[7.055921,50.682906],[7.055501,50.682546]]],[[[7.056351,50.681537],[7.056133,50.681334],[7.055143,50.678125],[7.052055,50.678408],[7.052042,50.67844],[7.053857,50.68264],[7.056351,50.681537]]]]},"properties":{"landuse_id":15986,"landuse_code":2600,"landuse":"Wald","environment":"forest","area_m2":113338}},{"type":"Feature","geometry":{"type":"Polygon","coordinates":[[[7.056594,50.683484],[7.056878,50.683383],[7.057292,50.682266],[7.058124,50.680758],[7.05712,50.681244],[7.057353,50.681491],[7.057357,50.681636],[7.057208,50.682058],[7.056798,50.682862],[7.056594,50.683484]]]},"properties":{"landuse_id":15988,"landuse_code":2670,"landuse":"Verkehrsbegleitgrün mit Baumbestand","environment":"urban_green","area_m2":6228}},{"type":"Feature","geometry":{"type":"Polygon","coordinates":[[[7.038777,50.753912],[7.038419,50.754151],[7.038433,50.754184],[7.03861,50.754072],[7.038777,50.753912]]]},"properties":{"landuse_id":9174,"landuse_code":2680,"landuse":"sonstige (kl.) Gehölzfläche","environment":"urban_green","area_m2":111}},{"type":"Feature","geometry":{"type":"Polygon","coordinates":[[[7.091734,50.753972],[7.09165,50.75404],[7.092483,50.75446],[7.092884,50.75421],[7.091734,50.753972]]]},"properties":{"landuse_id":9201,"landuse_code":2680,"landuse":"sonstige (kl.) Gehölzfläche","environment":"urban_green","area_m2":1832}},{"type":"Feature","geometry":{"type":"MultiPolygon","coordinates":[[[[7.05309,50.750064],[7.053,50.750095],[7.053617,50.750977],[7.052173,50.751503],[7.052203,50.752073],[7.05232,50.751991],[7.052993,50.751711],[7.054154,50.751282],[7.053984,50.751136],[7.05309,50.750064]]],[[[7.054154,50.751282],[7.05417,50.751299],[7.05417,50.751299],[7.054154,50.751282]]]]},"properties":{"landuse_id":2469,"landuse_code":2670,"landuse":"Verkehrsbegleitgrün mit Baumbestand","environment":"urban_green","area_m2":8289}},{"type":"Feature","geometry":{"type":"MultiPolygon","coordinates":[[[[7.0377,50.656654],[7.036633,50.656259],[7.031818,50.654716],[7.032463,50.654616],[7.030814,50.654687],[7.029276,50.654704],[7.026697,50.655101],[7.025898,50.654341],[7.024165,50.659002],[7.023992,50.659856],[7.023631,50.661073],[7.023467,50.66147],[7.023744,50.661517],[7.023533,50.66247],[7.024094,50.663726],[7.024861,50.66402],[7.024853,50.664474],[7.026555,50.664988],[7.026656,50.664953],[7.026111,50.66402],[7.024219,50.660993],[7.023933,50.660304],[7.023961,50.660131],[7.02408,50.659793],[7.024223,50.65898],[7.02505,50.656831],[7.025936,50.654378],[7.025977,50.654416],[7.025876,50.65472],[7.024604,50.658151],[7.032281,50.658728],[7.032456,50.658689],[7.036617,50.657054],[7.0377,50.656654]],[[7.025316,50.66448],[7.025122,50.664428],[7.024942,50.664323],[7.024941,50.664302],[7.025138,50.664314],[7.0254,50.664418],[7.025546,50.66441],[7.025801,50.664354],[7.025872,50.664353],[7.02598,50.664409],[7.025951,50.664518],[7.025866,50.664566],[7.02576,50.66459],[7.02551,50.664542],[7.025443,50.664574],[7.025391,50.6645],[7.025316,50.66448]]],[[[7.024582,50.658204],[7.024288,50.65901],[7.024159,50.659775],[7.024045,50.660124],[7.024019,50.660353],[7.024267,50.660939],[7.024388,50.661098],[7.025602,50.663119],[7.026228,50.664079],[7.026728,50.664928],[7.027467,50.664568],[7.028905,50.663612],[7.03229,50.662075],[7.033017,50.661805],[7.03303,50.661679],[7.032983,50.661464],[7.032346,50.658845],[7.032286,50.658791],[7.024582,50.658204]]]]},"properties":{"landuse_id":19999,"landuse_code":2600,"landuse":"Wald","environment":"forest","area_m2":645434}},{"type":"Feature","geometry":{"type":"Polygon","coordinates":[[[7.118453,50.681302],[7.118271,50.681464],[7.118652,50.68191],[7.118586,50.681813],[7.118403,50.681348],[7.118453,50.681302]]]},"properties":{"landuse_id":9268,"landuse_code":2600,"landuse":"Wald","environment":"forest","area_m2":374}},{"type":"Feature","geometry":{"type":"Polygon","coordinates":[[[7.096275,50.70167],[7.095719,50.701776],[7.095911,50.702111],[7.096423,50.702],[7.096275,50.70167]]]},"properties":{"landuse_id":9324,"landuse_code":2680,"landuse":"sonstige (kl.) Gehölzfläche","environment":"urban_green","area_m2":1535}},{"type":"Feature","geometry":{"type":"Polygon","coordinates":[[[7.135835,50.715701],[7.136115,50.715545],[7.136197,50.715452],[7.136245,50.715323],[7.136149,50.715232],[7.135784,50.715247],[7.135416,50.715352],[7.135171,50.715497],[7.135072,50.715689],[7.135197,50.715786],[7.135333,50.715806],[7.135646,50.715755],[7.135835,50.715701]]]},"properties":{"landuse_id":9329,"landuse_code":2645,"landuse":"Grün-/ Parkfläche mit Baumbestand","environment":"urban_green","area_m2":3487}},{"type":"Feature","geometry":{"type":"Polygon","coordinates":[[[7.108102,50.765228],[7.10809,50.7653],[7.108596,50.765013],[7.108347,50.765015],[7.108218,50.765061],[7.108102,50.765228]]]},"properties":{"landuse_id":9364,"landuse_code":2670,"landuse":"Verkehrsbegleitgrün mit Baumbestand","environment":"urban_green","area_m2":415}},{"type":"Feature","geometry":{"type":"Polygon","coordinates":[[[7.075871,50.700004],[7.075785,50.700083],[7.075596,50.700098],[7.075366,50.700159],[7.075417,50.700682],[7.075868,50.700718],[7.075887,50.700649],[7.076695,50.700653],[7.076757,50.700035],[7.076148,50.700041],[7.075871,50.700004]]]},"properties":{"landuse_id":9394,"landuse_code":2680,"landuse":"sonstige (kl.) Gehölzfläche","environment":"urban_green","area_m2":6425}},{"type":"Feature","geometry":{"type":"Polygon","coordinates":[[[7.13606,50.770737],[7.135698,50.770027],[7.135451,50.770246],[7.135537,50.770257],[7.135215,50.770549],[7.135292,50.770694],[7.135767,50.770863],[7.13606,50.770737]]]},"properties":{"landuse_id":9422,"landuse_code":2680,"landuse":"sonstige (kl.) Gehölzfläche","environment":"urban_green","area_m2":2917}},{"type":"Feature","geometry":{"type":"Polygon","coordinates":[[[7.140887,50.714524],[7.140594,50.714714],[7.140574,50.714758],[7.140623,50.714831],[7.140773,50.71485],[7.141135,50.714821],[7.140887,50.714524]]]},"properties":{"landuse_id":9423,"landuse_code":2645,"landuse":"Grün-/ Parkfläche mit Baumbestand","environment":"urban_green","area_m2":854}},{"type":"Feature","geometry":{"type":"Polygon","coordinates":[[[7.125779,50.774173],[7.12646,50.773784],[7.126443,50.773726],[7.126396,50.773705],[7.1261,50.773732],[7.125432,50.773869],[7.125847,50.774134],[7.125795,50.774164],[7.125346,50.773889],[7.125779,50.774173]]]},"properties":{"landuse_id":9421,"landuse_code":2680,"landuse":"sonstige (kl.) Gehölzfläche","environment":"urban_green","area_m2":1709}},{"type":"Feature","geometry":{"type":"Polygon","coordinates":[[[7.060276,50.712636],[7.060243,50.712978],[7.06135,50.713041],[7.061289,50.712931],[7.061413,50.712825],[7.06119,50.712683],[7.061076,50.712691],[7.060276,50.712636]]]},"properties":{"landuse_id":16117,"landuse_code":2680,"landuse":"sonstige (kl.) Gehölzfläche","environment":"urban_green","area_m2":2805}},{"type":"Feature","geometry":{"type":"Polygon","coordinates":[[[7.123478,50.656493],[7.123055,50.656681],[7.123497,50.656962],[7.124199,50.656603],[7.12387,50.65643],[7.123478,50.656493]]]},"properties":{"landuse_id":9437,"landuse_code":2600,"landuse":"Wald","environment":"forest","area_m2":2443}},{"type":"Feature","geometry":{"type":"Polygon","coordinates":[[[7.06899,50.762617],[7.068968,50.762656],[7.069591,50.762784],[7.069584,50.762837],[7.068807,50.763462],[7.066991,50.764638],[7.066771,50.764808],[7.067942,50.764169],[7.068647,50.76373],[7.069957,50.762847],[7.070138,50.762754],[7.069785,50.762731],[7.069354,50.762654],[7.06899,50.762617]]]},"properties":{"landuse_id":16191,"landuse_code":2680,"landuse":"sonstige (kl.) Gehölzfläche","environment":"urban_green","area_m2":4108}},{"type":"Feature","geometry":{"type":"MultiPolygon","coordinates":[[[[7.055143,50.678125],[7.056133,50.681334],[7.056351,50.681537],[7.058207,50.680623],[7.059671,50.678446],[7.060368,50.6775],[7.060285,50.677478],[7.060132,50.677631],[7.059951,50.677695],[7.055143,50.678125]]],[[[7.057789,50.68091],[7.058124,50.680758],[7.058136,50.680736],[7.058024,50.680792],[7.057789,50.68091]]],[[[7.060022,50.677656],[7.059876,50.677683],[7.059944,50.677676],[7.059997,50.677665],[7.060022,50.677656]]]]},"properties":{"landuse_id":16063,"landuse_code":2600,"landuse":"Wald","environment":"forest","area_m2":86393}},{"type":"Feature","geometry":{"type":"Polygon","coordinates":[[[7.024853,50.664506],[7.024852,50.664544],[7.024448,50.66442],[7.025126,50.665412],[7.025671,50.665367],[7.026424,50.665146],[7.026365,50.664968],[7.024853,50.664506]],[[7.024789,50.664659],[7.024806,50.664609],[7.024854,50.664607],[7.025648,50.66484],[7.025697,50.664971],[7.025653,50.665059],[7.025671,50.665242],[7.025639,50.66527],[7.025431,50.665333],[7.025238,50.665323],[7.025137,50.665283],[7.025103,50.665198],[7.025017,50.665144],[7.024789,50.664659]]]},"properties":{"landuse_id":20001,"landuse_code":2600,"landuse":"Wald","environment":"forest","area_m2":4245}},{"type":"Feature","geometry":{"type":"MultiPolygon","coordinates":[[[[7.069666,50.697655],[7.069506,50.697634],[7.069729,50.697692],[7.06981,50.697693],[7.069666,50.697655]]],[[[7.067835,50.697303],[7.067762,50.697481],[7.066256,50.697212],[7.065308,50.697083],[7.065754,50.697261],[7.066529,50.69749],[7.066929,50.697646],[7.067211,50.697793],[7.067414,50.697856],[7.068198,50.697946],[7.068779,50.698103],[7.068905,50.698189],[7.069154,50.698773],[7.069257,50.6989],[7.069241,50.698751],[7.069274,50.698472],[7.069362,50.698249],[7.069629,50.697813],[7.069585,50.69773],[7.069393,50.697657],[7.068403,50.697491],[7.068329,50.697445],[7.068313,50.697373],[7.067835,50.697303]]],[[[7.064474,50.696916],[7.06443,50.697116],[7.064502,50.697254],[7.064814,50.697561],[7.065034,50.698063],[7.065278,50.697983],[7.065519,50.697948],[7.065874,50.697935],[7.066245,50.698057],[7.066892,50.698372],[7.066963,50.698389],[7.067016,50.698367],[7.067005,50.698277],[7.066617,50.697954],[7.066546,50.697799],[7.066562,50.69774],[7.066642,50.697739],[7.066939,50.697839],[7.067003,50.697827],[7.067039,50.697795],[7.067005,50.697705],[7.066517,50.697506],[7.065629,50.697237],[7.065395,50.697127],[7.065092,50.697043],[7.064474,50.696916]]],[[[7.06439,50.69716],[7.064421,50.697192],[7.064395,50.697138],[7.06439,50.69716]]],[[[7.068702,50.698128],[7.068889,50.698237],[7.068838,50.698158],[7.068579,50.698069],[7.068702,50.698128]]],[[[7.068928,50.698532],[7.068637,50.698576],[7.068275,50.698564],[7.068255,50.698509],[7.068334,50.698435],[7.067749,50.698268],[7.067424,50.698483],[7.067776,50.698729],[7.067845,50.698836],[7.068352,50.69901],[7.068351,50.699108],[7.068468,50.699506],[7.069359,50.699452],[7.069754,50.700224],[7.06978,50.700403],[7.069745,50.70063],[7.069642,50.700891],[7.069387,50.701256],[7.069576,50.701254],[7.069778,50.701291],[7.069943,50.700606],[7.069953,50.700358],[7.069918,50.700153],[7.069778,50.699872],[7.069363,50.699197],[7.069262,50.698927],[7.069142,50.698809],[7.069053,50.698579],[7.069011,50.698527],[7.068928,50.698532]]],[[[7.069984,50.700271],[7.069973,50.700617],[7.069832,50.701279],[7.069871,50.701296],[7.070034,50.700611],[7.070034,50.700281],[7.069984,50.700271]]],[[[7.069773,50.697753],[7.069646,50.69773],[7.069703,50.697832],[7.069773,50.697753]]],[[[7.069344,50.698989],[7.069313,50.699023],[7.069393,50.69919],[7.069851,50.69994],[7.06996,50.700188],[7.070002,50.700199],[7.070005,50.700139],[7.069907,50.699927],[7.069344,50.698989]]],[[[7.069476,50.6982],[7.069507,50.69812],[7.069454,50.69814],[7.069304,50.698475],[7.069274,50.698821],[7.069293,50.69892],[7.069323,50.69893],[7.069352,50.698906],[7.069349,50.69856],[7.069476,50.6982]]]]},"properties":{"landuse_id":4926,"landuse_code":2600,"landuse":"Wald","environment":"forest","area_m2":40847}},{"type":"Feature","geometry":{"type":"MultiPolygon","coordinates":[[[[7.132027,50.651448],[7.132155,50.651436],[7.132232,50.651504],[7.133577,50.651971],[7.134138,50.651988],[7.135458,50.652281],[7.137694,50.652729],[7.138747,50.65315],[7.139526,50.65329],[7.140207,50.653473],[7.140897,50.653443],[7.140791,50.652483],[7.14025,50.652344],[7.14002,50.652218],[7.139848,50.651988],[7.139023,50.651307],[7.138398,50.65092],[7.138388,50.650877],[7.138091,50.650559],[7.137746,50.650225],[7.137172,50.649861],[7.136846,50.64972],[7.13531,50.64919],[7.134888,50.648902],[7.133848,50.648574],[7.133437,50.648373],[7.131587,50.648173],[7.127738,50.647146],[7.125058,50.651721],[7.121945,50.653833],[7.122621,50.653871],[7.122674,50.653847],[7.122775,50.653708],[7.122852,50.653675],[7.123655,50.653591],[7.124017,50.653522],[7.124711,50.653453],[7.124819,50.653389],[7.125198,50.653028],[7.12548,50.652815],[7.125748,50.652715],[7.126122,50.652665],[7.126517,50.652653],[7.126712,50.652599],[7.127027,50.652581],[7.127219,50.652507],[7.127735,50.65215],[7.128328,50.65195],[7.128759,50.651864],[7.12942,50.651813],[7.129723,50.651735],[7.129972,50.651525],[7.130367,50.651431],[7.130708,50.651417],[7.131565,50.651465],[7.131959,50.651429],[7.132027,50.651448]]],[[[7.123908,50.65358],[7.124293,50.653534],[7.124282,50.653535],[7.124036,50.653556],[7.123908,50.65358]]]]},"properties":{"landuse_id":727,"landuse_code":2600,"landuse":"Wald","environment":"forest","area_m2":403870}},{"type":"Feature","geometry":{"type":"Polygon","coordinates":[[[7.133692,50.768367],[7.130631,50.768792],[7.130772,50.769096],[7.132543,50.769007],[7.132483,50.769328],[7.134667,50.769256],[7.133854,50.768657],[7.133692,50.768367]]]},"properties":{"landuse_id":4337,"landuse_code":2680,"landuse":"sonstige (kl.) Gehölzfläche","environment":"urban_green","area_m2":16581}},{"type":"Feature","geometry":{"type":"MultiPolygon","coordinates":[[[[7.185214,50.710143],[7.185192,50.710176],[7.185127,50.710158],[7.185021,50.710274],[7.185429,50.710717],[7.185415,50.710895],[7.185332,50.710946],[7.185034,50.710948],[7.184765,50.710777],[7.184701,50.71079],[7.184623,50.710892],[7.185019,50.71115],[7.18519,50.711129],[7.185243,50.711079],[7.185343,50.71106],[7.185461,50.71111],[7.185512,50.711107],[7.185525,50.71116],[7.185499,50.710966],[7.185541,50.710968],[7.185602,50.7113],[7.185584,50.711347],[7.18565,50.711444],[7.185622,50.711581],[7.185508,50.711669],[7.18555,50.711694],[7.185704,50.711717],[7.186022,50.711473],[7.186342,50.711295],[7.186778,50.711324],[7.187597,50.711118],[7.187907,50.711105],[7.187926,50.711048],[7.187822,50.710914],[7.187241,50.710793],[7.187271,50.710785],[7.18712,50.710824],[7.186907,50.710676],[7.186583,50.710499],[7.18642,50.710316],[7.186451,50.710299],[7.186652,50.710492],[7.186468,50.710289],[7.186343,50.710358],[7.186339,50.710413],[7.186353,50.710395],[7.186499,50.710982],[7.18644,50.711077],[7.186478,50.710985],[7.186335,50.710458],[7.186332,50.710499],[7.185744,50.710359],[7.185772,50.71032],[7.185214,50.710143]]],[[[7.19041,50.711027],[7.190085,50.711099],[7.189734,50.71124],[7.18912,50.711406],[7.189734,50.71124],[7.190085,50.711099],[7.19041,50.711027]]],[[[7.186675,50.710515],[7.18666,50.7105],[7.186671,50.710512],[7.186675,50.710515]]],[[[7.189066,50.711415],[7.188208,50.711158],[7.1879,50.711123],[7.18761,50.711135],[7.186786,50.711343],[7.18638,50.711321],[7.18573,50.71172],[7.186202,50.711761],[7.186809,50.711765],[7.187965,50.711607],[7.189066,50.711415]]],[[[7.186145,50.711436],[7.186056,50.711489],[7.185953,50.711568],[7.186012,50.711533],[7.186145,50.711436]]]]},"properties":{"landuse_id":17720,"landuse_code":2600,"landuse":"Wald","environment":"forest","area_m2":25226}},{"type":"Feature","geometry":{"type":"Polygon","coordinates":[[[7.103644,50.65767],[7.10201,50.657051],[7.102044,50.657083],[7.10196,50.6571],[7.098813,50.66121],[7.105257,50.665547],[7.105409,50.665573],[7.111639,50.663284],[7.111532,50.663147],[7.111138,50.662909],[7.10972,50.662539],[7.109507,50.662442],[7.109028,50.662141],[7.108718,50.661875],[7.108303,50.66141],[7.108102,50.661124],[7.107926,50.660932],[7.10699,50.660215],[7.106784,50.66013],[7.10551,50.659779],[7.10536,50.659708],[7.105274,50.659625],[7.104157,50.658069],[7.103987,50.657903],[7.103644,50.65767]],[[7.106178,50.662748],[7.107033,50.663262],[7.106278,50.663361],[7.105719,50.663573],[7.105616,50.663481],[7.105965,50.663302],[7.105978,50.663212],[7.105801,50.663128],[7.106178,50.662748]]]},"properties":{"landuse_id":20030,"landuse_code":2600,"landuse":"Wald","environment":"forest","area_m2":394683}},{"type":"Feature","geometry":{"type":"MultiPolygon","coordinates":[[[[7.046037,50.685378],[7.045534,50.684831],[7.045327,50.684288],[7.045012,50.681926],[7.044533,50.681952],[7.033289,50.681906],[7.033573,50.682755],[7.033801,50.683055],[7.034602,50.684693],[7.034857,50.684999],[7.035359,50.686045],[7.03568,50.686387],[7.035428,50.686583],[7.035885,50.68675],[7.036766,50.686797],[7.037394,50.686958],[7.037403,50.687089],[7.037175,50.687086],[7.037071,50.687569],[7.036999,50.68828],[7.037109,50.688315],[7.037782,50.688201],[7.038538,50.688039],[7.039007,50.68851],[7.03894,50.688554],[7.038899,50.688529],[7.038697,50.68868],[7.038622,50.688689],[7.038585,50.688714],[7.038623,50.688752],[7.038476,50.688838],[7.038343,50.688854],[7.03824,50.68881],[7.038113,50.688791],[7.038126,50.68883],[7.03777,50.688996],[7.037745,50.689047],[7.037498,50.689081],[7.037506,50.689103],[7.037373,50.68921],[7.037262,50.689078],[7.037218,50.689104],[7.037255,50.689139],[7.037175,50.689192],[7.037103,50.689168],[7.03706,50.689218],[7.036989,50.689213],[7.036705,50.68928],[7.0367,50.689312],[7.03657,50.689393],[7.036568,50.689422],[7.036482,50.689437],[7.036392,50.689414],[7.036369,50.689379],[7.036198,50.68939],[7.036172,50.689424],[7.036095,50.689415],[7.03601,50.689519],[7.035852,50.689535],[7.035836,50.689466],[7.035756,50.689453],[7.035729,50.689522],[7.035671,50.689556],[7.035641,50.689563],[7.035632,50.689513],[7.035595,50.689492],[7.035542,50.689523],[7.03554,50.689569],[7.036173,50.690388],[7.036378,50.690419],[7.036714,50.690586],[7.036783,50.690662],[7.03685,50.69083],[7.040542,50.689472],[7.040369,50.689291],[7.040814,50.689118],[7.040285,50.688575],[7.040705,50.688459],[7.040896,50.688546],[7.041232,50.688426],[7.041373,50.688568],[7.041839,50.688391],[7.041934,50.688493],[7.042108,50.688417],[7.04247,50.688757],[7.043496,50.688377],[7.043707,50.688379],[7.044037,50.688296],[7.046602,50.687361],[7.046593,50.68723],[7.046794,50.687155],[7.046284,50.686429],[7.046166,50.685732],[7.046037,50.685378]],[[7.036906,50.689948],[7.036701,50.690008],[7.036587,50.68986],[7.037081,50.689716],[7.03718,50.689862],[7.036906,50.689948]],[[7.039745,50.689203],[7.040148,50.689063],[7.040265,50.689183],[7.039863,50.68933],[7.039745,50.689203]],[[7.036366,50.689512],[7.036371,50.689465],[7.036423,50.689445],[7.036488,50.689455],[7.036525,50.68949],[7.036455,50.689534],[7.036366,50.689512]],[[7.036839,50.689374],[7.036825,50.689426],[7.036714,50.689493],[7.036644,50.689517],[7.036595,50.689504],[7.036601,50.689468],[7.036759,50.689377],[7.036839,50.689374]]],[[[7.045611,50.684872],[7.045551,50.684774],[7.045511,50.684695],[7.045514,50.684705],[7.04552,50.68472],[7.045527,50.684735],[7.045534,50.684749],[7.045541,50.684764],[7.045549,50.684778],[7.045557,50.684793],[7.045565,50.684807],[7.045574,50.684821],[7.045584,50.684835],[7.045593,50.684849],[7.045604,50.684863],[7.045611,50.684872]]],[[[7.045367,50.684289],[7.045356,50.684241],[7.045334,50.684142],[7.045334,50.684143],[7.045336,50.684153],[7.045337,50.684163],[7.045339,50.684173],[7.045341,50.684183],[7.045343,50.684193],[7.045345,50.684204],[7.045347,50.684214],[7.04535,50.684224],[7.045352,50.684234],[7.045355,50.684244],[7.045357,50.684254],[7.04536,50.684264],[7.045363,50.684274],[7.045366,50.684284],[7.045367,50.684289]]],[[[7.044661,50.681924],[7.044531,50.681923],[7.04411,50.681922],[7.04451,50.681925],[7.044583,50.681925],[7.044632,50.681925],[7.044656,50.681924],[7.044661,50.681924]]]]},"properties":{"landuse_id":20028,"landuse_code":2600,"landuse":"Wald","environment":"forest","area_m2":582451}},{"type":"Feature","geometry":{"type":"MultiPolygon","coordinates":[[[[7.14626,50.652857],[7.146052,50.652987],[7.145825,50.652879],[7.145313,50.653206],[7.145,50.652888],[7.145139,50.652815],[7.145101,50.652788],[7.145824,50.652248],[7.145937,50.652311],[7.145416,50.652012],[7.145115,50.651917],[7.145045,50.651852],[7.145038,50.651785],[7.145058,50.651849],[7.145123,50.651909],[7.145303,50.65198],[7.145469,50.652015],[7.14601,50.652339],[7.146298,50.65192],[7.146242,50.651854],[7.146152,50.651863],[7.145809,50.651782],[7.145608,50.651803],[7.14551,50.651896],[7.145435,50.651906],[7.1452,50.651839],[7.144965,50.651723],[7.144856,50.651794],[7.144718,50.651729],[7.14462,50.65159],[7.144411,50.651382],[7.144287,50.6513],[7.144564,50.652141],[7.144874,50.652868],[7.145301,50.653531],[7.145468,50.653673],[7.145563,50.653625],[7.146827,50.653809],[7.147804,50.654128],[7.148245,50.654004],[7.148127,50.653832],[7.148138,50.65376],[7.148057,50.653409],[7.147918,50.653235],[7.14792,50.653202],[7.147777,50.653118],[7.146603,50.652666],[7.146365,50.652773],[7.14626,50.652857]],[[7.145064,50.651776],[7.145056,50.651782],[7.145055,50.651783],[7.145044,50.651778],[7.145053,50.651771],[7.145064,50.651776]]],[[[7.148267,50.653992],[7.148473,50.653881],[7.148726,50.653783],[7.149037,50.653747],[7.14911,50.653675],[7.15027,50.654065],[7.150484,50.654117],[7.150836,50.654113],[7.152113,50.6544],[7.152635,50.654588],[7.151811,50.655556],[7.151804,50.6557],[7.151845,50.655835],[7.151805,50.655985],[7.151552,50.656464],[7.151146,50.656994],[7.150624,50.656806],[7.150607,50.656712],[7.150083,50.656583],[7.150061,50.656665],[7.150108,50.656697],[7.150715,50.6569],[7.151152,50.657088],[7.151129,50.657135],[7.151013,50.657113],[7.150495,50.656888],[7.150005,50.656733],[7.149876,50.65692],[7.151666,50.657728],[7.151895,50.657861],[7.153188,50.658365],[7.1532,50.658257],[7.153106,50.658212],[7.153641,50.65755],[7.153635,50.65752],[7.153087,50.65753],[7.152482,50.657451],[7.151712,50.657401],[7.151491,50.657367],[7.151071,50.657251],[7.151084,50.657225],[7.151504,50.657341],[7.151719,50.657375],[7.152489,50.657425],[7.153091,50.657503],[7.153644,50.657478],[7.15382,50.657386],[7.153901,50.657384],[7.154736,50.657658],[7.155201,50.65811],[7.155341,50.658173],[7.15551,50.658192],[7.155764,50.658143],[7.156103,50.658019],[7.157141,50.657995],[7.157375,50.657872],[7.157778,50.657547],[7.158426,50.656859],[7.15756,50.656403],[7.157355,50.656246],[7.157121,50.656525],[7.156432,50.656305],[7.156734,50.655956],[7.156134,50.655831],[7.15532,50.655539],[7.155059,50.655488],[7.154687,50.655357],[7.153984,50.655191],[7.154,50.655173],[7.15432,50.655251],[7.153529,50.654995],[7.15385,50.654653],[7.15,50.653878],[7.14941,50.653662],[7.147947,50.653215],[7.148084,50.653403],[7.148167,50.65376],[7.148155,50.653828],[7.148267,50.653992]]],[[[7.149861,50.656937],[7.149873,50.656919],[7.149827,50.656902],[7.149861,50.656937]]],[[[7.153229,50.65838],[7.153938,50.658652],[7.155323,50.659061],[7.155482,50.658927],[7.155584,50.658976],[7.155756,50.65886],[7.155253,50.658474],[7.155297,50.658398],[7.155742,50.658177],[7.155512,50.658219],[7.155267,50.65818],[7.15513,50.658095],[7.154713,50.657682],[7.153881,50.65741],[7.153831,50.657415],[7.153758,50.657465],[7.153189,50.658169],[7.153246,50.658247],[7.153229,50.65838]],[[7.15448,50.65775],[7.154412,50.657853],[7.154899,50.658013],[7.154772,50.658166],[7.153591,50.657768],[7.15384,50.65746],[7.154525,50.657692],[7.15448,50.65775]],[[7.1533,50.658134],[7.153542,50.657833],[7.154648,50.658207],[7.154671,50.658179],[7.154976,50.65828],[7.154713,50.658602],[7.1533,50.658134]]],[[[7.158443,50.656839],[7.158899,50.656309],[7.158228,50.65613],[7.158916,50.65519],[7.158042,50.6552],[7.157898,50.655599],[7.157376,50.656222],[7.157822,50.656518],[7.158063,50.656622],[7.158443,50.656839]]],[[[7.158051,50.655167],[7.158058,50.655139],[7.157977,50.655104],[7.157756,50.655086],[7.157651,50.655019],[7.157527,50.654989],[7.157336,50.654968],[7.156996,50.655019],[7.156882,50.654981],[7.156847,50.654996],[7.156661,50.654926],[7.156584,50.654847],[7.156492,50.654845],[7.156428,50.654793],[7.156265,50.654834],[7.155972,50.654832],[7.155881,50.654804],[7.155801,50.654646],[7.155721,50.654612],[7.155657,50.654601],[7.155557,50.654627],[7.155419,50.654592],[7.155255,50.654592],[7.155204,50.654563],[7.155045,50.654539],[7.154932,50.654533],[7.154863,50.654554],[7.154769,50.654514],[7.154688,50.654513],[7.154523,50.654564],[7.154184,50.654458],[7.153852,50.65444],[7.153824,50.654377],[7.153598,50.654305],[7.153432,50.654196],[7.153233,50.654123],[7.153221,50.654046],[7.153143,50.65405],[7.152964,50.653901],[7.152666,50.653753],[7.152645,50.653727],[7.152667,50.653698],[7.152609,50.653653],[7.152544,50.653647],[7.152202,50.653747],[7.151856,50.653682],[7.151624,50.653688],[7.151391,50.653593],[7.151174,50.653585],[7.151055,50.65353],[7.150992,50.653545],[7.150852,50.65353],[7.150749,50.653471],[7.150729,50.653495],[7.150653,50.65343],[7.150602,50.653419],[7.150585,50.65346],[7.150441,50.653453],[7.150393,50.653507],[7.150335,50.653448],[7.150149,50.653485],[7.150119,50.653512],[7.150056,50.653496],[7.14995,50.653508],[7.149848,50.653423],[7.149789,50.653428],[7.149696,50.653337],[7.149535,50.653344],[7.149527,50.65331],[7.149493,50.653304],[7.149429,50.653324],[7.149452,50.653288],[7.149419,50.653256],[7.149308,50.653269],[7.149262,50.653187],[7.149157,50.653178],[7.149132,50.653155],[7.149076,50.653154],[7.149027,50.65311],[7.148606,50.652997],[7.148572,50.652956],[7.148373,50.652926],[7.148395,50.652897],[7.148203,50.652853],[7.147953,50.652741],[7.147925,50.652696],[7.147837,50.6527],[7.147769,50.652665],[7.147655,50.652657],[7.147577,50.652603],[7.147517,50.652604],[7.147315,50.652541],[7.147228,50.652568],[7.147201,50.652539],[7.147049,50.652516],[7.146957,50.652436],[7.146904,50.65246],[7.146805,50.652583],[7.146633,50.652652],[7.1478,50.653099],[7.147949,50.653187],[7.149445,50.65363],[7.15002,50.653848],[7.154651,50.654782],[7.155208,50.654976],[7.156163,50.655037],[7.157256,50.655049],[7.158051,50.655167]]],[[[7.154703,50.654832],[7.154376,50.655264],[7.154614,50.655308],[7.155072,50.655464],[7.155333,50.655519],[7.156155,50.655807],[7.156761,50.655925],[7.15732,50.65509],[7.156151,50.655076],[7.155307,50.655022],[7.155047,50.654958],[7.154703,50.654832]]]]},"properties":{"landuse_id":20032,"landuse_code":2600,"landuse":"Wald","environment":"forest","area_m2":227544}},{"type":"Feature","geometry":{"type":"MultiPolygon","coordinates":[[[[7.157095,50.658041],[7.158804,50.65851],[7.15884,50.658472],[7.158793,50.658449],[7.159037,50.658168],[7.15906,50.658177],[7.158821,50.658447],[7.158868,50.65847],[7.158824,50.658515],[7.159095,50.65859],[7.159381,50.658176],[7.159349,50.658021],[7.159266,50.657963],[7.15884,50.65796],[7.157997,50.658004],[7.157522,50.657982],[7.157095,50.658041]]],[[[7.157445,50.657959],[7.15729,50.657973],[7.157252,50.657982],[7.157367,50.657968],[7.157445,50.657959]]]]},"properties":{"landuse_id":4201,"landuse_code":2600,"landuse":"Wald","environment":"forest","area_m2":5914}},{"type":"Feature","geometry":{"type":"MultiPolygon","coordinates":[[[[7.073473,50.729153],[7.073195,50.729517],[7.073784,50.729719],[7.075228,50.728748],[7.074113,50.728542],[7.073669,50.728415],[7.073562,50.728418],[7.073479,50.728456],[7.072997,50.729004],[7.073473,50.729153]]],[[[7.075378,50.728647],[7.074611,50.72851],[7.074953,50.728592],[7.075378,50.728647]]]]},"properties":{"landuse_id":6107,"landuse_code":2680,"landuse":"sonstige (kl.) Gehölzfläche","environment":"urban_green","area_m2":11854}},{"type":"Feature","geometry":{"type":"Polygon","coordinates":[[[7.092844,50.718653],[7.093088,50.71929],[7.093461,50.719186],[7.094218,50.71906],[7.095085,50.71882],[7.095703,50.718571],[7.096312,50.718118],[7.096513,50.717802],[7.096467,50.717772],[7.096402,50.717779],[7.095987,50.718134],[7.09582,50.718216],[7.095568,50.718293],[7.095285,50.718342],[7.094673,50.718394],[7.094304,50.718378],[7.093993,50.718329],[7.094028,50.718369],[7.093929,50.718339],[7.093997,50.718642],[7.092844,50.718653]]]},"properties":{"landuse_id":7462,"landuse_code":2600,"landuse":"Wald","environment":"forest","area_m2":13056}},{"type":"Feature","geometry":{"type":"MultiPolygon","coordinates":[[[[7.164678,50.734277],[7.164708,50.734273],[7.164648,50.734248],[7.164678,50.734277]]],[[[7.16477,50.734265],[7.167157,50.733941],[7.167617,50.733914],[7.168001,50.733848],[7.168063,50.733738],[7.168407,50.733485],[7.169384,50.732899],[7.170117,50.732538],[7.170155,50.732499],[7.170056,50.732513],[7.169407,50.732492],[7.16862,50.73255],[7.16795,50.732662],[7.167736,50.732654],[7.166758,50.732385],[7.166264,50.732123],[7.165635,50.731904],[7.165425,50.731515],[7.163927,50.730218],[7.163863,50.730054],[7.163647,50.729727],[7.163291,50.729588],[7.162744,50.729154],[7.162446,50.72886],[7.162029,50.728701],[7.16162,50.728409],[7.161334,50.728297],[7.160336,50.728117],[7.159537,50.728167],[7.159464,50.728225],[7.159432,50.728299],[7.15944,50.728696],[7.159497,50.728873],[7.159613,50.72903],[7.160261,50.729574],[7.16018,50.729842],[7.16002,50.729897],[7.159772,50.730061],[7.159698,50.73016],[7.159712,50.730212],[7.16002,50.730371],[7.160312,50.730484],[7.160602,50.730586],[7.161715,50.730899],[7.161979,50.731014],[7.162189,50.731281],[7.162305,50.731481],[7.162269,50.731504],[7.161992,50.731078],[7.16258,50.731981],[7.163067,50.732522],[7.163373,50.73292],[7.163581,50.733258],[7.164011,50.733786],[7.164322,50.734066],[7.16477,50.734265]]],[[[7.170153,50.732462],[7.16942,50.732434],[7.167837,50.73256],[7.167681,50.732545],[7.166929,50.732365],[7.166616,50.732248],[7.165838,50.731905],[7.165689,50.731806],[7.165549,50.731626],[7.16541,50.731358],[7.164611,50.730737],[7.16399,50.729902],[7.163665,50.72968],[7.163261,50.729529],[7.163303,50.729569],[7.163666,50.729704],[7.163909,50.730044],[7.163954,50.7302],[7.165469,50.731494],[7.165676,50.731887],[7.166298,50.732108],[7.166779,50.732361],[7.167757,50.732623],[7.16795,50.732625],[7.168614,50.732516],[7.169411,50.732455],[7.170059,50.732476],[7.170153,50.732462]]],[[[7.162804,50.729153],[7.162804,50.729153],[7.162795,50.729145],[7.162804,50.729153]]],[[[7.159387,50.72814],[7.159397,50.728248],[7.159477,50.728136],[7.159387,50.72814]]],[[[7.159439,50.728861],[7.159476,50.728923],[7.159524,50.728957],[7.159523,50.728954],[7.159496,50.728928],[7.159472,50.728903],[7.15945,50.728876],[7.159439,50.728861]]],[[[7.160966,50.730724],[7.161166,50.730796],[7.161503,50.730876],[7.160966,50.730724]]]]},"properties":{"landuse_id":2476,"landuse_code":2600,"landuse":"Wald","environment":"forest","area_m2":174553}},{"type":"Feature","geometry":{"type":"MultiPolygon","coordinates":[[[[7.157186,50.731006],[7.157132,50.730862],[7.156174,50.730019],[7.156139,50.730012],[7.155593,50.730349],[7.155351,50.730598],[7.155068,50.731061],[7.154863,50.731676],[7.15488,50.73174],[7.155215,50.73183],[7.155468,50.731962],[7.156461,50.732149],[7.157111,50.732317],[7.158381,50.732798],[7.158404,50.732778],[7.158368,50.732665],[7.158178,50.732181],[7.158051,50.731946],[7.157706,50.731548],[7.157195,50.731195],[7.157146,50.731105],[7.157186,50.731006]]],[[[7.157695,50.730901],[7.158224,50.730736],[7.159463,50.730221],[7.15943,50.730183],[7.158744,50.729896],[7.158321,50.72979],[7.15783,50.729777],[7.157048,50.72983],[7.156706,50.729877],[7.156213,50.729985],[7.156211,50.730011],[7.157166,50.73085],[7.157208,50.730967],[7.157695,50.730901]]],[[[7.159113,50.730399],[7.159331,50.730316],[7.159431,50.730266],[7.159113,50.730399]]],[[[7.159122,50.730025],[7.159031,50.729988],[7.159039,50.729991],[7.159094,50.730015],[7.159122,50.730025]]],[[[7.157909,50.731705],[7.157859,50.731642],[7.157772,50.731555],[7.157673,50.731473],[7.157655,50.731461],[7.157694,50.731494],[7.157714,50.731511],[7.157733,50.731528],[7.157752,50.731545],[7.157771,50.731563],[7.157789,50.73158],[7.157807,50.731598],[7.157825,50.731615],[7.157843,50.731633],[7.15786,50.731651],[7.157877,50.731669],[7.157894,50.731688],[7.157909,50.731705]]],[[[7.157647,50.731455],[7.157601,50.731423],[7.157604,50.731425],[7.15761,50.73143],[7.157617,50.731434],[7.157623,50.731439],[7.157629,50.731444],[7.157647,50.731455]]],[[[7.157249,50.731201],[7.157227,50.731175],[7.1572,50.731124],[7.1572,50.731125],[7.157204,50.731134],[7.157208,50.731144],[7.157213,50.731153],[7.157218,50.731163],[7.157223,50.731172],[7.157229,50.731181],[7.157237,50.73119],[7.157246,50.731198],[7.157249,50.731201]]],[[[7.157197,50.731113],[7.157193,50.731096],[7.157193,50.731098],[7.157194,50.731105],[7.157197,50.731113]]]]},"properties":{"landuse_id":4211,"landuse_code":2600,"landuse":"Wald","environment":"forest","area_m2":54398}},{"type":"Feature","geometry":{"type":"MultiPolygon","coordinates":[[[[7.149183,50.734921],[7.149278,50.734937],[7.150552,50.733668],[7.151169,50.733294],[7.151541,50.733013],[7.151977,50.732548],[7.151974,50.732494],[7.151916,50.732467],[7.151813,50.732463],[7.151779,50.732416],[7.150647,50.733439],[7.149183,50.734921]]],[[[7.149482,50.734802],[7.150461,50.733777],[7.149449,50.73479],[7.149482,50.734802]]],[[[7.150492,50.733749],[7.150616,50.733651],[7.150568,50.733681],[7.150492,50.733749]]]]},"properties":{"landuse_id":3198,"landuse_code":2600,"landuse":"Wald","environment":"forest","area_m2":4453}},{"type":"Feature","geometry":{"type":"MultiPolygon","coordinates":[[[[7.179952,50.729773],[7.1797,50.729914],[7.179669,50.729936],[7.179952,50.729773]]],[[[7.179117,50.730312],[7.178989,50.730399],[7.179025,50.730381],[7.179117,50.730312]]],[[[7.178491,50.730655],[7.178406,50.730697],[7.178403,50.7307],[7.178491,50.730655]]],[[[7.178303,50.730802],[7.178291,50.73084],[7.178839,50.730872],[7.179198,50.730922],[7.17995,50.730484],[7.181441,50.729838],[7.181879,50.729623],[7.181585,50.729362],[7.181477,50.729337],[7.180235,50.729671],[7.179485,50.730086],[7.179066,50.730405],[7.178303,50.730802]]],[[[7.177368,50.731642],[7.176548,50.732175],[7.177323,50.732244],[7.1783,50.73164],[7.178698,50.731214],[7.178953,50.731065],[7.178984,50.730991],[7.178956,50.730933],[7.178289,50.730877],[7.178057,50.731229],[7.177368,50.731642]]],[[[7.183043,50.728941],[7.182954,50.728908],[7.182874,50.728913],[7.181617,50.72931],[7.181938,50.729593],[7.182848,50.72913],[7.183094,50.728984],[7.183043,50.728941]]]]},"properties":{"landuse_id":1397,"landuse_code":2600,"landuse":"Wald","environment":"forest","area_m2":25588}},{"type":"Feature","geometry":{"type":"Polygon","coordinates":[[[7.159467,50.739867],[7.159907,50.740011],[7.160764,50.738901],[7.16076,50.73884],[7.160698,50.738788],[7.16034,50.738691],[7.159467,50.739867]]]},"properties":{"landuse_id":5433,"landuse_code":2600,"landuse":"Wald","environment":"forest","area_m2":5212}},{"type":"Feature","geometry":{"type":"MultiPolygon","coordinates":[[[[7.177234,50.732245],[7.177187,50.732238],[7.177159,50.732237],[7.177206,50.732241],[7.17721,50.732242],[7.177213,50.732242],[7.177217,50.732243],[7.17722,50.732243],[7.177224,50.732244],[7.177228,50.732244],[7.177231,50.732245],[7.177234,50.732245]]],[[[7.176389,50.732261],[7.174381,50.733525],[7.174387,50.73355],[7.17387,50.73388],[7.173553,50.734022],[7.175596,50.73425],[7.175716,50.73418],[7.176086,50.733695],[7.176235,50.733374],[7.176296,50.733386],[7.176663,50.732648],[7.177175,50.732319],[7.177145,50.732281],[7.176664,50.732227],[7.176449,50.732237],[7.176389,50.732261]],[[7.175916,50.73343],[7.175839,50.733563],[7.175568,50.733495],[7.175644,50.733363],[7.175916,50.73343]]]]},"properties":{"landuse_id":11961,"landuse_code":2600,"landuse":"Wald","environment":"forest","area_m2":21646}},{"type":"Feature","geometry":{"type":"Polygon","coordinates":[[[7.064152,50.687398],[7.064119,50.687476],[7.063373,50.687595],[7.062897,50.687629],[7.060824,50.687664],[7.060281,50.687568],[7.059923,50.687451],[7.05895,50.687093],[7.058692,50.686963],[7.058332,50.686725],[7.058184,50.686589],[7.057924,50.686248],[7.057792,50.685926],[7.057769,50.685639],[7.057929,50.684232],[7.058186,50.68403],[7.058586,50.683634],[7.058693,50.683485],[7.058868,50.683133],[7.058741,50.683049],[7.058672,50.683056],[7.058619,50.683001],[7.057551,50.683466],[7.057292,50.684464],[7.057159,50.684752],[7.057012,50.685967],[7.057058,50.686189],[7.057411,50.686761],[7.057776,50.687098],[7.058008,50.687256],[7.058689,50.687589],[7.059606,50.687913],[7.060019,50.688039],[7.060872,50.688154],[7.061814,50.688147],[7.064678,50.687682],[7.06464,50.687677],[7.064677,50.687445],[7.064152,50.687398]]]},"properties":{"landuse_id":10639,"landuse_code":2600,"landuse":"Wald","environment":"forest","area_m2":48284}},{"type":"Feature","geometry":{"type":"MultiPolygon","coordinates":[[[[7.040071,50.696043],[7.040121,50.695779],[7.040095,50.695678],[7.040159,50.695574],[7.0402,50.695359],[7.040152,50.695233],[7.03979,50.695302],[7.039645,50.695309],[7.039355,50.695409],[7.039169,50.695445],[7.038764,50.6955],[7.038039,50.695641],[7.037884,50.695645],[7.037569,50.69588],[7.037345,50.695959],[7.037145,50.696076],[7.036854,50.696158],[7.03578,50.696358],[7.03583,50.696375],[7.037099,50.696296],[7.040071,50.696043]]],[[[7.034537,50.69693],[7.034549,50.696884],[7.034539,50.696839],[7.034536,50.696878],[7.034536,50.696905],[7.034537,50.69693]]],[[[7.034554,50.696576],[7.034562,50.696575],[7.034555,50.696576],[7.034554,50.696576]]],[[[7.033844,50.696447],[7.034112,50.696446],[7.034543,50.696546],[7.035716,50.696342],[7.035367,50.696081],[7.034406,50.696302],[7.033995,50.696363],[7.033844,50.696447]]],[[[7.035437,50.696064],[7.035764,50.696333],[7.036843,50.696132],[7.037122,50.696053],[7.037317,50.695939],[7.037544,50.695858],[7.037667,50.695736],[7.037868,50.695619],[7.038032,50.695614],[7.038754,50.695473],[7.039161,50.695419],[7.039339,50.695384],[7.039633,50.695283],[7.039782,50.695275],[7.040173,50.695192],[7.040044,50.695097],[7.039808,50.695104],[7.03957,50.695177],[7.039511,50.695169],[7.039513,50.695209],[7.035437,50.696064]]],[[[7.033825,50.696474],[7.033814,50.696561],[7.033853,50.696627],[7.034451,50.697169],[7.034504,50.696761],[7.034432,50.696565],[7.034104,50.696473],[7.033825,50.696474]]]]},"properties":{"landuse_id":11002,"landuse_code":2600,"landuse":"Wald","environment":"forest","area_m2":28424}},{"type":"Feature","geometry":{"type":"Polygon","coordinates":[[[7.049163,50.6717],[7.049212,50.6718],[7.056177,50.673899],[7.056282,50.673915],[7.056453,50.673864],[7.05786,50.673237],[7.05784,50.673213],[7.061834,50.671435],[7.061515,50.670518],[7.061193,50.669732],[7.060769,50.668951],[7.060038,50.66775],[7.059299,50.666789],[7.058686,50.666057],[7.056993,50.664166],[7.056538,50.663703],[7.056396,50.6637],[7.046845,50.666211],[7.046833,50.66627],[7.049163,50.6717]]]},"properties":{"landuse_id":159,"landuse_code":2600,"landuse":"Wald","environment":"forest","area_m2":772797}},{"type":"Feature","geometry":{"type":"Polygon","coordinates":[[[7.109857,50.668758],[7.114237,50.667097],[7.114174,50.666795],[7.114167,50.66614],[7.113082,50.665574],[7.112891,50.665451],[7.111985,50.664544],[7.111804,50.664178],[7.111715,50.663726],[7.11183,50.663481],[7.111677,50.663302],[7.1055,50.665579],[7.105441,50.665624],[7.105487,50.665709],[7.105462,50.665719],[7.107004,50.667365],[7.108631,50.669168],[7.1087,50.669173],[7.109857,50.668737],[7.109857,50.668758]]]},"properties":{"landuse_id":4054,"landuse_code":2600,"landuse":"Wald","environment":"forest","area_m2":219891}},{"type":"Feature","geometry":{"type":"Polygon","coordinates":[[[7.094563,50.707656],[7.094557,50.707986],[7.09444,50.708395],[7.094524,50.708419],[7.094665,50.708083],[7.094845,50.70781],[7.095078,50.707583],[7.095354,50.7074],[7.094942,50.707064],[7.094749,50.706957],[7.094949,50.706521],[7.094803,50.706456],[7.094763,50.706555],[7.094744,50.706773],[7.094561,50.707176],[7.094563,50.707656]]]},"properties":{"landuse_id":5714,"landuse_code":2600,"landuse":"Wald","environment":"forest","area_m2":4495}},{"type":"Feature","geometry":{"type":"MultiPolygon","coordinates":[[[[7.133721,50.676781],[7.133917,50.676579],[7.133868,50.67656],[7.133879,50.676477],[7.133773,50.676371],[7.133294,50.676118],[7.132993,50.676077],[7.13249,50.676056],[7.132333,50.676],[7.132129,50.675782],[7.131513,50.675442],[7.131296,50.675199],[7.131148,50.675138],[7.130773,50.675124],[7.130366,50.675036],[7.12954,50.674956],[7.129012,50.675032],[7.128755,50.675109],[7.128356,50.675077],[7.127789,50.674909],[7.12763,50.67498],[7.127549,50.675106],[7.127384,50.675257],[7.126971,50.675505],[7.126629,50.675813],[7.126583,50.675916],[7.126521,50.67645],[7.126552,50.676856],[7.126588,50.676892],[7.127494,50.677185],[7.127602,50.677202],[7.127902,50.677188],[7.128461,50.677245],[7.12861,50.677291],[7.12881,50.67756],[7.129488,50.678029],[7.129868,50.678351],[7.130126,50.678652],[7.130156,50.678829],[7.130538,50.679012],[7.130633,50.678977],[7.131753,50.678332],[7.1321,50.678071],[7.132219,50.677895],[7.132279,50.677715],[7.132399,50.677575],[7.132975,50.677116],[7.133721,50.676781]]],[[[7.133767,50.676338],[7.133765,50.676336],[7.133742,50.676324],[7.133767,50.676338]]],[[[7.132962,50.676049],[7.13247,50.675853],[7.132162,50.675768],[7.132357,50.675977],[7.1325,50.676022],[7.132962,50.676049]]]]},"properties":{"landuse_id":1463,"landuse_code":2600,"landuse":"Wald","environment":"forest","area_m2":134006}},{"type":"Feature","geometry":{"type":"MultiPolygon","coordinates":[[[[7.177022,50.722571],[7.177034,50.722554],[7.177019,50.722568],[7.177022,50.722571]]],[[[7.177044,50.72254],[7.177153,50.722386],[7.176779,50.722226],[7.176985,50.722515],[7.177044,50.72254]]],[[[7.177172,50.722359],[7.177731,50.721574],[7.178359,50.720833],[7.178734,50.720643],[7.177891,50.719526],[7.1776,50.719675],[7.177164,50.719176],[7.175975,50.719701],[7.174528,50.72039],[7.173652,50.720733],[7.172846,50.721018],[7.172864,50.721078],[7.173048,50.721149],[7.174277,50.72153],[7.175729,50.721744],[7.17638,50.722022],[7.176417,50.721982],[7.176744,50.722177],[7.177172,50.722359]]]]},"properties":{"landuse_id":5739,"landuse_code":2600,"landuse":"Wald","environment":"forest","area_m2":71286}},{"type":"Feature","geometry":{"type":"Polygon","coordinates":[[[7.070426,50.640755],[7.074665,50.640177],[7.074587,50.639362],[7.074894,50.638936],[7.075,50.638731],[7.075074,50.638191],[7.074982,50.637978],[7.074927,50.637648],[7.074833,50.637506],[7.074426,50.637123],[7.074314,50.637066],[7.074187,50.637018],[7.073905,50.636961],[7.073295,50.636923],[7.072783,50.636968],[7.072039,50.637097],[7.071485,50.637042],[7.070875,50.637121],[7.070593,50.637051],[7.07038,50.637047],[7.069775,50.637088],[7.068965,50.63719],[7.069665,50.640815],[7.069741,50.640851],[7.070426,50.640755]],[[7.073185,50.639873],[7.07302,50.639714],[7.072243,50.638767],[7.072203,50.638664],[7.07225,50.638658],[7.072487,50.638759],[7.072777,50.638933],[7.072999,50.639024],[7.073606,50.63971],[7.073185,50.639873]]]},"properties":{"landuse_id":10744,"landuse_code":2600,"landuse":"Wald","environment":"forest","area_m2":146469}},{"type":"Feature","geometry":{"type":"MultiPolygon","coordinates":[[[[7.179876,50.714362],[7.179764,50.714387],[7.179489,50.714523],[7.179114,50.714746],[7.178477,50.715205],[7.17823,50.71535],[7.178075,50.715404],[7.177892,50.715433],[7.178307,50.715726],[7.17866,50.716026],[7.179328,50.716441],[7.179651,50.716518],[7.180219,50.716602],[7.180889,50.716684],[7.18237,50.716818],[7.183215,50.716989],[7.183437,50.717007],[7.183694,50.717019],[7.185584,50.716879],[7.186435,50.716833],[7.186758,50.716839],[7.186058,50.716303],[7.185757,50.716136],[7.185282,50.715941],[7.184874,50.715823],[7.184669,50.715713],[7.184476,50.71535],[7.184255,50.71513],[7.184018,50.715005],[7.183828,50.714506],[7.183748,50.714435],[7.182833,50.714843],[7.182678,50.714888],[7.182528,50.714896],[7.182371,50.714864],[7.182248,50.714758],[7.182239,50.714656],[7.182307,50.714353],[7.182264,50.714257],[7.182124,50.714172],[7.181601,50.713987],[7.181493,50.713984],[7.181433,50.714005],[7.18111,50.714216],[7.180948,50.714282],[7.180361,50.714379],[7.18016,50.714386],[7.179876,50.714362]]],[[[7.186077,50.716261],[7.185964,50.716164],[7.185787,50.716072],[7.185597,50.71599],[7.185421,50.715957],[7.185814,50.716115],[7.186077,50.716261]]]]},"properties":{"landuse_id":1763,"landuse_code":2600,"landuse":"Wald","environment":"forest","area_m2":115938}},{"type":"Feature","geometry":{"type":"Polygon","coordinates":[[[7.103556,50.707194],[7.104338,50.707313],[7.10435,50.707524],[7.104181,50.707555],[7.103926,50.70777],[7.103999,50.707802],[7.104116,50.707799],[7.104631,50.707592],[7.104591,50.707528],[7.104686,50.706965],[7.105107,50.706931],[7.105315,50.707009],[7.105529,50.706721],[7.106004,50.706976],[7.106192,50.706617],[7.106506,50.706739],[7.105832,50.70638],[7.105977,50.706293],[7.10552,50.70597],[7.105534,50.70595],[7.10527,50.705818],[7.105195,50.705883],[7.104911,50.70594],[7.10467,50.706056],[7.104461,50.706337],[7.104378,50.7064],[7.104059,50.706454],[7.103769,50.706445],[7.103664,50.706574],[7.103861,50.706707],[7.103788,50.706901],[7.103556,50.707194]]]},"properties":{"landuse_id":4102,"landuse_code":2600,"landuse":"Wald","environment":"forest","area_m2":17629}},{"type":"Feature","geometry":{"type":"Polygon","coordinates":[[[7.057949,50.673468],[7.057842,50.673313],[7.057793,50.673296],[7.056438,50.6739],[7.05642,50.673955],[7.058778,50.674672],[7.058274,50.673993],[7.057949,50.673468]]]},"properties":{"landuse_id":180,"landuse_code":2600,"landuse":"Wald","environment":"forest","area_m2":10245}},{"type":"Feature","geometry":{"type":"Polygon","coordinates":[[[7.095693,50.713906],[7.095668,50.714062],[7.095575,50.71413],[7.095442,50.714183],[7.09561,50.714419],[7.0961,50.714705],[7.096108,50.714678],[7.096415,50.714811],[7.096547,50.7148],[7.097536,50.714558],[7.098404,50.714408],[7.098913,50.714361],[7.099081,50.714215],[7.099161,50.714033],[7.099043,50.713626],[7.098993,50.713565],[7.09871,50.713398],[7.098584,50.713265],[7.098333,50.713106],[7.0983,50.712299],[7.098255,50.71214],[7.098031,50.711925],[7.097875,50.711668],[7.097582,50.711324],[7.097554,50.711415],[7.097646,50.711913],[7.097649,50.712281],[7.097234,50.712798],[7.096938,50.713285],[7.096758,50.713484],[7.096535,50.713633],[7.096085,50.713826],[7.096069,50.713793],[7.095839,50.713871],[7.095708,50.713881],[7.095693,50.713906]]]},"properties":{"landuse_id":2665,"landuse_code":2600,"landuse":"Wald","environment":"forest","area_m2":41033}},{"type":"Feature","geometry":{"type":"Polygon","coordinates":[[[7.107269,50.693725],[7.107947,50.694501],[7.108434,50.695439],[7.10866,50.695803],[7.109289,50.695401],[7.109578,50.695267],[7.109772,50.695144],[7.110076,50.695015],[7.110419,50.694926],[7.111108,50.694565],[7.112561,50.69426],[7.113629,50.694198],[7.113317,50.693861],[7.113101,50.693734],[7.113022,50.69365],[7.112735,50.693448],[7.112655,50.69343],[7.112382,50.693471],[7.112237,50.693467],[7.111459,50.693355],[7.111113,50.693232],[7.110749,50.693044],[7.110361,50.692923],[7.109941,50.692874],[7.109366,50.692848],[7.108773,50.692712],[7.108432,50.692659],[7.107931,50.692671],[7.106792,50.692363],[7.106085,50.692245],[7.10597,50.692519],[7.106087,50.69276],[7.106922,50.693286],[7.107269,50.693725]]]},"properties":{"landuse_id":3683,"landuse_code":2600,"landuse":"Wald","environment":"forest","area_m2":89096}},{"type":"Feature","geometry":{"type":"Polygon","coordinates":[[[7.07464,50.74967],[7.074727,50.749595],[7.074834,50.749646],[7.075,50.74951],[7.07513,50.749575],[7.075391,50.74935],[7.074271,50.748822],[7.07376,50.74926],[7.07464,50.74967]]]},"properties":{"landuse_id":5893,"landuse_code":2680,"landuse":"sonstige (kl.) Gehölzfläche","environment":"urban_green","area_m2":5495}},{"type":"Feature","geometry":{"type":"Polygon","coordinates":[[[7.181992,50.669042],[7.181728,50.669241],[7.181879,50.669405],[7.182434,50.668991],[7.182516,50.668896],[7.182528,50.668825],[7.182284,50.668804],[7.181901,50.668844],[7.181799,50.668926],[7.181992,50.669042]]]},"properties":{"landuse_id":4662,"landuse_code":2670,"landuse":"Verkehrsbegleitgrün mit Baumbestand","environment":"urban_green","area_m2":1872}},{"type":"Feature","geometry":{"type":"Polygon","coordinates":[[[7.121714,50.675943],[7.121953,50.675997],[7.122155,50.675967],[7.122451,50.675887],[7.12295,50.675844],[7.123793,50.674825],[7.124539,50.673756],[7.12402,50.67355],[7.121113,50.674059],[7.121097,50.674027],[7.123351,50.673614],[7.123963,50.673527],[7.119967,50.671868],[7.11933,50.672543],[7.11916,50.672651],[7.118946,50.6727],[7.117794,50.672859],[7.117667,50.672901],[7.117643,50.672969],[7.117745,50.673169],[7.117881,50.673281],[7.118694,50.673562],[7.119033,50.673747],[7.119135,50.673844],[7.119252,50.673997],[7.119708,50.674981],[7.120632,50.676677],[7.1208,50.676684],[7.120979,50.676743],[7.121381,50.676738],[7.121543,50.675971],[7.121595,50.675926],[7.121379,50.675779],[7.121502,50.675796],[7.121714,50.675943]]]},"properties":{"landuse_id":445,"landuse_code":2600,"landuse":"Wald","environment":"forest","area_m2":126667}},{"type":"Feature","geometry":{"type":"Polygon","coordinates":[[[7.150563,50.670326],[7.150493,50.670593],[7.150369,50.670699],[7.150135,50.670787],[7.150096,50.670868],[7.150134,50.670921],[7.150242,50.670949],[7.150446,50.670955],[7.151005,50.671062],[7.151343,50.671165],[7.151651,50.671222],[7.151966,50.67124],[7.152075,50.671225],[7.151862,50.67087],[7.152054,50.670808],[7.152016,50.670752],[7.152011,50.670624],[7.152203,50.670402],[7.152266,50.670051],[7.152235,50.669935],[7.152431,50.669633],[7.152204,50.669809],[7.151765,50.670029],[7.151427,50.670144],[7.150563,50.670326]]]},"properties":{"landuse_id":3731,"landuse_code":2600,"landuse":"Wald","environment":"forest","area_m2":13207}},{"type":"Feature","geometry":{"type":"Polygon","coordinates":[[[7.179213,50.661251],[7.178337,50.66067],[7.17814,50.660806],[7.179001,50.661376],[7.179213,50.661251]]]},"properties":{"landuse_id":2112,"landuse_code":2680,"landuse":"sonstige (kl.) Gehölzfläche","environment":"urban_green","area_m2":1814}},{"type":"Feature","geometry":{"type":"MultiPolygon","coordinates":[[[[7.128376,50.65885],[7.128574,50.658976],[7.128885,50.659113],[7.128856,50.659001],[7.129423,50.658426],[7.129732,50.658633],[7.130318,50.657998],[7.130568,50.657864],[7.132315,50.657209],[7.132699,50.657026],[7.133073,50.656885],[7.133414,50.656607],[7.133846,50.656382],[7.134607,50.656228],[7.135151,50.656306],[7.135676,50.656301],[7.135249,50.656136],[7.135042,50.655986],[7.134846,50.655783],[7.134713,50.655502],[7.134587,50.655417],[7.134214,50.655293],[7.133795,50.655285],[7.133455,50.655309],[7.132903,50.655312],[7.132589,50.65538],[7.13238,50.655367],[7.13223,50.65533],[7.132022,50.655334],[7.131714,50.655389],[7.131515,50.655398],[7.1313,50.655552],[7.130826,50.655647],[7.130893,50.655716],[7.130745,50.655818],[7.130543,50.656019],[7.130446,50.656215],[7.13037,50.656296],[7.130069,50.656416],[7.129807,50.656568],[7.129467,50.656903],[7.129156,50.657045],[7.128882,50.657225],[7.128839,50.657512],[7.128865,50.657923],[7.128596,50.65823],[7.12838,50.658611],[7.128397,50.658853],[7.128376,50.65885]]],[[[7.132613,50.65709],[7.132869,50.656988],[7.132867,50.656988],[7.132829,50.656996],[7.132717,50.657042],[7.132613,50.65709]]],[[[7.133117,50.656888],[7.133123,50.656886],[7.133129,50.65688],[7.133117,50.656888]]],[[[7.13574,50.656304],[7.135565,50.656218],[7.13527,50.65612],[7.135577,50.656224],[7.13574,50.656304]]]]},"properties":{"landuse_id":2727,"landuse_code":2600,"landuse":"Wald","environment":"forest","area_m2":80694}},{"type":"Feature","geometry":{"type":"Polygon","coordinates":[[[7.15782,50.738515],[7.157814,50.738261],[7.157561,50.738172],[7.157986,50.737714],[7.157866,50.737641],[7.156986,50.738545],[7.15782,50.738515]]]},"properties":{"landuse_id":6255,"landuse_code":2600,"landuse":"Wald","environment":"forest","area_m2":2473}},{"type":"Feature","geometry":{"type":"Polygon","coordinates":[[[7.071448,50.690125],[7.071376,50.690047],[7.071194,50.689985],[7.071083,50.689917],[7.07072,50.689797],[7.0706,50.689669],[7.070505,50.689622],[7.070524,50.689385],[7.07043,50.689236],[7.070396,50.689106],[7.070287,50.688984],[7.070262,50.688839],[7.070157,50.688754],[7.07011,50.688608],[7.070049,50.688555],[7.07,50.688453],[7.069801,50.68831],[7.069758,50.688237],[7.069673,50.688181],[7.069644,50.68811],[7.069419,50.687959],[7.069216,50.687882],[7.069121,50.687818],[7.068661,50.68786],[7.068493,50.687846],[7.068285,50.68779],[7.068283,50.687928],[7.068575,50.687969],[7.069048,50.687974],[7.069257,50.688038],[7.069417,50.688122],[7.06972,50.68834],[7.069841,50.688441],[7.070054,50.689332],[7.070257,50.689322],[7.070338,50.689655],[7.070609,50.689838],[7.071036,50.69005],[7.071126,50.690148],[7.071345,50.690298],[7.07137,50.690194],[7.071448,50.690125]]]},"properties":{"landuse_id":3938,"landuse_code":2600,"landuse":"Wald","environment":"forest","area_m2":5568}},{"type":"Feature","geometry":{"type":"Polygon","coordinates":[[[7.092145,50.688582],[7.092651,50.688425],[7.093558,50.687953],[7.093864,50.68782],[7.094076,50.687763],[7.094568,50.687725],[7.094713,50.687696],[7.095001,50.687614],[7.095548,50.687388],[7.095198,50.687071],[7.094909,50.686353],[7.094931,50.686005],[7.094611,50.685962],[7.093023,50.685575],[7.092302,50.685433],[7.091024,50.684894],[7.09033,50.684704],[7.089747,50.684343],[7.089634,50.684368],[7.087692,50.685266],[7.087757,50.685313],[7.087752,50.68541],[7.087352,50.68624],[7.092145,50.688582]]]},"properties":{"landuse_id":3618,"landuse_code":2600,"landuse":"Wald","environment":"forest","area_m2":147372}},{"type":"Feature","geometry":{"type":"MultiPolygon","coordinates":[[[[7.138923,50.658791],[7.138924,50.658791],[7.138942,50.658694],[7.13895,50.658631],[7.138949,50.658629],[7.138948,50.658628],[7.138947,50.658626],[7.138945,50.658625],[7.138944,50.658624],[7.138923,50.658791]]],[[[7.138952,50.658791],[7.139192,50.658793],[7.139051,50.65874],[7.138972,50.658681],[7.138952,50.658791]]],[[[7.140792,50.659567],[7.141006,50.659723],[7.141329,50.659861],[7.141552,50.660019],[7.14189,50.660357],[7.142442,50.660819],[7.142704,50.661097],[7.143242,50.661483],[7.143407,50.661695],[7.143793,50.661894],[7.143901,50.661244],[7.143881,50.661135],[7.143157,50.66074],[7.142927,50.66057],[7.142411,50.659948],[7.140967,50.658701],[7.140328,50.658298],[7.139066,50.657859],[7.138977,50.658644],[7.139016,50.65869],[7.139254,50.658785],[7.139973,50.658847],[7.140093,50.658983],[7.140337,50.659115],[7.140431,50.659285],[7.140792,50.659567]]],[[[7.141192,50.658853],[7.141077,50.658747],[7.141009,50.658703],[7.141018,50.65871],[7.141045,50.658731],[7.141063,50.658747],[7.141192,50.658853]]],[[[7.13901,50.658114],[7.138951,50.658568],[7.138952,50.658566],[7.138954,50.658564],[7.138956,50.658562],[7.138957,50.65856],[7.139002,50.658218],[7.13901,50.658114]]]]},"properties":{"landuse_id":5357,"landuse_code":2600,"landuse":"Wald","environment":"forest","area_m2":31576}},{"type":"Feature","geometry":{"type":"Polygon","coordinates":[[[7.172121,50.669119],[7.171998,50.669076],[7.171572,50.669655],[7.171234,50.669628],[7.171274,50.669726],[7.171254,50.669789],[7.17101,50.670061],[7.170986,50.670053],[7.170847,50.670257],[7.171053,50.670261],[7.171411,50.669782],[7.171606,50.669835],[7.172121,50.669119]]]},"properties":{"landuse_id":5004,"landuse_code":2680,"landuse":"sonstige (kl.) Gehölzfläche","environment":"urban_green","area_m2":1921}},{"type":"Feature","geometry":{"type":"Polygon","coordinates":[[[7.135861,50.68857],[7.135939,50.688983],[7.136273,50.688806],[7.136753,50.688628],[7.138929,50.68802],[7.138785,50.688008],[7.138558,50.687934],[7.138421,50.687924],[7.137094,50.688199],[7.136786,50.688214],[7.136658,50.688241],[7.136339,50.688426],[7.136025,50.688538],[7.136005,50.688517],[7.135861,50.68857]]]},"properties":{"landuse_id":5239,"landuse_code":2600,"landuse":"Wald","environment":"forest","area_m2":7008}},{"type":"Feature","geometry":{"type":"MultiPolygon","coordinates":[[[[7.142261,50.656245],[7.142346,50.656269],[7.142274,50.656247],[7.142261,50.656245]]],[[[7.143983,50.656691],[7.14401,50.656702],[7.143989,50.656692],[7.143983,50.656691]]],[[[7.141738,50.656086],[7.143316,50.656528],[7.144005,50.656677],[7.144637,50.656938],[7.145796,50.656994],[7.14632,50.656935],[7.146885,50.656926],[7.147328,50.65698],[7.148094,50.656287],[7.147475,50.65603],[7.146769,50.655343],[7.146331,50.655074],[7.146172,50.654898],[7.145877,50.654646],[7.144944,50.654599],[7.144344,50.654338],[7.143615,50.654233],[7.142694,50.654031],[7.142193,50.653798],[7.141921,50.653603],[7.141299,50.653478],[7.140956,50.653476],[7.140984,50.653648],[7.141366,50.654234],[7.14156,50.65462],[7.141572,50.655052],[7.141738,50.656086]],[[7.142849,50.65522],[7.14291,50.654915],[7.143124,50.654854],[7.143666,50.655052],[7.14345,50.655375],[7.143227,50.65536],[7.142849,50.65522]]]]},"properties":{"landuse_id":863,"landuse_code":2600,"landuse":"Wald","environment":"forest","area_m2":103589}},{"type":"Feature","geometry":{"type":"Polygon","coordinates":[[[7.142474,50.652994],[7.142423,50.65267],[7.142434,50.652502],[7.142397,50.652439],[7.142272,50.652335],[7.142139,50.652137],[7.141046,50.651201],[7.141056,50.651278],[7.140874,50.651464],[7.140635,50.651613],[7.140822,50.65245],[7.142306,50.652879],[7.142474,50.652994]]]},"properties":{"landuse_id":876,"landuse_code":2600,"landuse":"Wald","environment":"forest","area_m2":12414}},{"type":"Feature","geometry":{"type":"Polygon","coordinates":[[[7.166517,50.662904],[7.16572,50.663274],[7.166157,50.663702],[7.166827,50.663433],[7.166962,50.663416],[7.166705,50.663154],[7.166517,50.662904]]]},"properties":{"landuse_id":1163,"landuse_code":2680,"landuse":"sonstige (kl.) Gehölzfläche","environment":"urban_green","area_m2":3959}},{"type":"Feature","geometry":{"type":"Polygon","coordinates":[[[7.068268,50.687588],[7.068285,50.68779],[7.068493,50.687846],[7.068661,50.68786],[7.069121,50.687818],[7.069216,50.687882],[7.069419,50.687959],[7.069644,50.68811],[7.069673,50.688181],[7.069758,50.688237],[7.069801,50.68831],[7.07,50.688453],[7.070049,50.688555],[7.07011,50.688608],[7.070157,50.688754],[7.070262,50.688839],[7.070287,50.688984],[7.070396,50.689106],[7.07043,50.689236],[7.070524,50.689385],[7.070505,50.689622],[7.0706,50.689669],[7.07072,50.689797],[7.071083,50.689917],[7.071194,50.689985],[7.071376,50.690047],[7.071448,50.690125],[7.07154,50.69008],[7.07107,50.689821],[7.070766,50.689692],[7.070634,50.689552],[7.0706,50.689316],[7.070523,50.68909],[7.070515,50.688804],[7.07039,50.68841],[7.069843,50.68766],[7.069049,50.687395],[7.068371,50.687462],[7.068357,50.687592],[7.068268,50.687588]]]},"properties":{"landuse_id":3661,"landuse_code":2600,"landuse":"Wald","environment":"forest","area_m2":9937}},{"type":"Feature","geometry":{"type":"MultiPolygon","coordinates":[[[[7.129671,50.764214],[7.129664,50.763924],[7.129481,50.76392],[7.129488,50.763819],[7.128789,50.763856],[7.128842,50.764369],[7.127882,50.764323],[7.128216,50.764546],[7.129678,50.764679],[7.129671,50.764214]]],[[[7.128299,50.764703],[7.128288,50.764692],[7.128288,50.764692],[7.128234,50.764687],[7.128234,50.764687],[7.128246,50.764697],[7.128299,50.764703]]],[[[7.12852,50.764726],[7.129681,50.764828],[7.128387,50.764702],[7.12852,50.764726]]],[[[7.128056,50.764508],[7.12788,50.764363],[7.128003,50.764502],[7.128056,50.764508]]]]},"properties":{"landuse_id":5096,"landuse_code":2680,"landuse":"sonstige (kl.) Gehölzfläche","environment":"urban_green","area_m2":6777}},{"type":"Feature","geometry":{"type":"MultiPolygon","coordinates":[[[[7.105901,50.69279],[7.105985,50.692926],[7.106094,50.69302],[7.106127,50.693381],[7.105912,50.69466],[7.1057,50.695184],[7.105817,50.695288],[7.105795,50.695354],[7.107491,50.696178],[7.107539,50.696169],[7.10833,50.695881],[7.108607,50.695829],[7.107892,50.694509],[7.107565,50.694179],[7.106865,50.693307],[7.106049,50.692787],[7.105951,50.692673],[7.105901,50.69279]]],[[[7.106018,50.693015],[7.106038,50.693041],[7.106037,50.693031],[7.106018,50.693015]]],[[[7.106057,50.693279],[7.106055,50.693379],[7.105983,50.69392],[7.105977,50.693986],[7.105998,50.693847],[7.106066,50.693384],[7.106057,50.693279]]],[[[7.105752,50.695408],[7.105955,50.695579],[7.107305,50.696212],[7.10738,50.696198],[7.105752,50.695408]]],[[[7.107868,50.694418],[7.107269,50.693725],[7.107611,50.69415],[7.107868,50.694418]]]]},"properties":{"landuse_id":1549,"landuse_code":2600,"landuse":"Wald","environment":"forest","area_m2":40730}},{"type":"Feature","geometry":{"type":"Polygon","coordinates":[[[7.112699,50.766383],[7.112643,50.766448],[7.112903,50.766688],[7.113145,50.766807],[7.113264,50.766789],[7.11331,50.766707],[7.1132,50.766604],[7.113018,50.766488],[7.112699,50.766383]]]},"properties":{"landuse_id":22792,"landuse_code":2680,"landuse":"sonstige (kl.) Gehölzfläche","environment":"urban_green","area_m2":976}},{"type":"Feature","geometry":{"type":"Polygon","coordinates":[[[7.102495,50.677523],[7.106612,50.676958],[7.107195,50.676868],[7.107219,50.676828],[7.106848,50.676504],[7.106564,50.676385],[7.091173,50.671354],[7.091103,50.671333],[7.091064,50.671343],[7.089606,50.673267],[7.089649,50.67328],[7.089238,50.673825],[7.088764,50.674748],[7.088141,50.677511],[7.092109,50.677663],[7.097214,50.677822],[7.097567,50.677882],[7.098241,50.678107],[7.102495,50.677523]]]},"properties":{"landuse_id":1574,"landuse_code":2600,"landuse":"Wald","environment":"forest","area_m2":553496}},{"type":"Feature","geometry":{"type":"Polygon","coordinates":[[[7.113705,50.766711],[7.113619,50.766742],[7.11357,50.767082],[7.113617,50.767155],[7.113632,50.767275],[7.113716,50.767318],[7.113785,50.767317],[7.113935,50.767198],[7.114151,50.767219],[7.114146,50.767164],[7.11406,50.767062],[7.113738,50.766982],[7.113722,50.766917],[7.113783,50.76683],[7.113775,50.766777],[7.113705,50.766711]]]},"properties":{"landuse_id":22793,"landuse_code":2680,"landuse":"sonstige (kl.) Gehölzfläche","environment":"urban_green","area_m2":1263}},{"type":"Feature","geometry":{"type":"MultiPolygon","coordinates":[[[[7.118548,50.767613],[7.118474,50.767655],[7.118485,50.767666],[7.118548,50.767613]]],[[[7.118657,50.767404],[7.118624,50.767325],[7.11849,50.767296],[7.118379,50.767419],[7.118348,50.767535],[7.11845,50.767633],[7.118605,50.767546],[7.118657,50.767404]]]]},"properties":{"landuse_id":22796,"landuse_code":2680,"landuse":"sonstige (kl.) Gehölzfläche","environment":"urban_green","area_m2":540}},{"type":"Feature","geometry":{"type":"MultiPolygon","coordinates":[[[[7.07554,50.669429],[7.075557,50.669437],[7.075563,50.669439],[7.07554,50.669429]]],[[[7.077834,50.670037],[7.077938,50.670067],[7.077886,50.67005],[7.077835,50.670037],[7.077834,50.670037]]],[[[7.078139,50.67013],[7.078336,50.670205],[7.078441,50.670226],[7.078402,50.670216],[7.078348,50.670199],[7.078243,50.670163],[7.078139,50.67013]]],[[[7.078629,50.670268],[7.078959,50.670372],[7.078723,50.670296],[7.078629,50.670268]]],[[[7.07931,50.670428],[7.079321,50.670426],[7.079359,50.670414],[7.07936,50.670414],[7.079358,50.670415],[7.079336,50.670421],[7.079314,50.670427],[7.07931,50.670428]]],[[[7.079511,50.67018],[7.08051,50.667858],[7.078458,50.667168],[7.076015,50.666371],[7.075943,50.666366],[7.075896,50.666409],[7.074924,50.668783],[7.074808,50.669144],[7.075746,50.66948],[7.076404,50.66964],[7.077194,50.669903],[7.0779,50.670031],[7.079138,50.670405],[7.079262,50.670413],[7.079392,50.670372],[7.079449,50.670317],[7.079511,50.67018]]]]},"properties":{"landuse_id":1577,"landuse_code":2600,"landuse":"Wald","environment":"forest","area_m2":111619}},{"type":"Feature","geometry":{"type":"Polygon","coordinates":[[[7.114298,50.76749],[7.114138,50.767554],[7.114035,50.767656],[7.114079,50.767731],[7.114211,50.767738],[7.114462,50.767597],[7.114298,50.76749]]]},"properties":{"landuse_id":22794,"landuse_code":2680,"landuse":"sonstige (kl.) Gehölzfläche","environment":"urban_green","area_m2":470}},{"type":"Feature","geometry":{"type":"MultiPolygon","coordinates":[[[[7.081864,50.647973],[7.081949,50.648278],[7.082096,50.648143],[7.082294,50.648051],[7.081864,50.647973]]],[[[7.087915,50.655493],[7.087908,50.655432],[7.087906,50.655426],[7.087915,50.655493]]],[[[7.087497,50.653833],[7.087433,50.653586],[7.087428,50.653584],[7.087497,50.653833]]],[[[7.087426,50.65356],[7.087422,50.653541],[7.087118,50.652424],[7.087146,50.652562],[7.087388,50.653444],[7.087419,50.653558],[7.087426,50.65356]]],[[[7.083826,50.648301],[7.083747,50.648506],[7.083457,50.648464],[7.083541,50.648256],[7.082383,50.648066],[7.082193,50.648124],[7.08198,50.648307],[7.082475,50.649971],[7.082478,50.650363],[7.082281,50.650911],[7.080138,50.656116],[7.08013,50.656231],[7.080225,50.656293],[7.088124,50.657841],[7.088168,50.657797],[7.087824,50.655197],[7.087107,50.652562],[7.086994,50.651932],[7.086975,50.651142],[7.087057,50.648847],[7.083826,50.648301]]]]},"properties":{"landuse_id":1601,"landuse_code":2600,"landuse":"Wald","environment":"forest","area_m2":403832}},{"type":"Feature","geometry":{"type":"MultiPolygon","coordinates":[[[[7.108585,50.669239],[7.102738,50.671447],[7.107568,50.673216],[7.109079,50.672195],[7.109804,50.671838],[7.110683,50.671517],[7.108663,50.669266],[7.108585,50.669239]]],[[[7.109108,50.669708],[7.108689,50.669232],[7.108691,50.66924],[7.108696,50.669248],[7.1087,50.669253],[7.109108,50.669708]]]]},"properties":{"landuse_id":1610,"landuse_code":2600,"landuse":"Wald","environment":"forest","area_m2":122255}},{"type":"Feature","geometry":{"type":"Polygon","coordinates":[[[7.049661,50.642193],[7.049581,50.642231],[7.049072,50.642639],[7.048264,50.643372],[7.047358,50.644407],[7.047052,50.644854],[7.047077,50.644911],[7.047145,50.644917],[7.050734,50.644101],[7.049702,50.64221],[7.049661,50.642193]]]},"properties":{"landuse_id":1625,"landuse_code":2600,"landuse":"Wald","environment":"forest","area_m2":35756}},{"type":"Feature","geometry":{"type":"MultiPolygon","coordinates":[[[[7.113162,50.676372],[7.113162,50.676375],[7.113163,50.676375],[7.113162,50.676372]]],[[[7.114851,50.673697],[7.114653,50.674062],[7.113935,50.674123],[7.113623,50.674199],[7.112352,50.674759],[7.1132,50.676375],[7.113237,50.676401],[7.115716,50.676504],[7.115893,50.676439],[7.115903,50.676374],[7.11568,50.676047],[7.11546,50.675618],[7.114982,50.673814],[7.114938,50.67375],[7.114851,50.673697]]]]},"properties":{"landuse_id":1682,"landuse_code":2600,"landuse":"Wald","environment":"forest","area_m2":47661}},{"type":"Feature","geometry":{"type":"Polygon","coordinates":[[[7.113162,50.676375],[7.112307,50.67478],[7.109451,50.676144],[7.109257,50.676597],[7.111271,50.676338],[7.111593,50.676335],[7.113084,50.676399],[7.113162,50.676375]]]},"properties":{"landuse_id":1683,"landuse_code":2600,"landuse":"Wald","environment":"forest","area_m2":27080}},{"type":"Feature","geometry":{"type":"Polygon","coordinates":[[[7.083881,50.674547],[7.08415,50.675345],[7.084139,50.675569],[7.084101,50.675675],[7.084114,50.67579],[7.084309,50.676047],[7.08434,50.676308],[7.084381,50.676398],[7.084602,50.676704],[7.085275,50.677458],[7.087974,50.677554],[7.088328,50.67608],[7.088564,50.674868],[7.088749,50.674478],[7.0891,50.673791],[7.089519,50.673241],[7.089567,50.673256],[7.090997,50.67136],[7.090992,50.67131],[7.090805,50.671225],[7.086978,50.669951],[7.084168,50.669034],[7.084115,50.66904],[7.082287,50.671286],[7.082023,50.67152],[7.081996,50.671596],[7.082003,50.671765],[7.082035,50.671819],[7.082448,50.671996],[7.083339,50.67286],[7.084084,50.673455],[7.084086,50.673737],[7.084214,50.673958],[7.083978,50.674324],[7.08391,50.67454],[7.083881,50.674547]]]},"properties":{"landuse_id":1686,"landuse_code":2600,"landuse":"Wald","environment":"forest","area_m2":337246}},{"type":"Feature","geometry":{"type":"Polygon","coordinates":[[[7.121557,50.671397],[7.122864,50.671387],[7.12383,50.671521],[7.124713,50.67156],[7.125445,50.671622],[7.127915,50.672016],[7.128357,50.672143],[7.128451,50.672022],[7.128736,50.671976],[7.128921,50.671868],[7.129146,50.671852],[7.130158,50.671545],[7.130437,50.671374],[7.13006,50.67114],[7.129913,50.671082],[7.129411,50.670996],[7.128152,50.671147],[7.127389,50.671191],[7.125089,50.670974],[7.124817,50.670977],[7.124338,50.67104],[7.123083,50.671133],[7.12259,50.671189],[7.121557,50.671397]]]},"properties":{"landuse_id":2209,"landuse_code":2600,"landuse":"Wald","environment":"forest","area_m2":38481}},{"type":"Feature","geometry":{"type":"Polygon","coordinates":[[[7.055041,50.65182],[7.056755,50.65503],[7.056802,50.655074],[7.062651,50.654372],[7.062771,50.65434],[7.062184,50.650834],[7.062139,50.65081],[7.062032,50.650809],[7.055093,50.651766],[7.055047,50.651785],[7.055041,50.65182]]]},"properties":{"landuse_id":2458,"landuse_code":2600,"landuse":"Wald","environment":"forest","area_m2":185694}},{"type":"Feature","geometry":{"type":"MultiPolygon","coordinates":[[[[7.166464,50.735594],[7.166492,50.735425],[7.166473,50.735071],[7.166626,50.734851],[7.166712,50.73477],[7.16795,50.733967],[7.167991,50.733904],[7.167622,50.733971],[7.167183,50.733998],[7.164677,50.734347],[7.164644,50.735153],[7.16434,50.735564],[7.164932,50.735844],[7.165237,50.735946],[7.165626,50.73604],[7.166268,50.736262],[7.166495,50.736232],[7.166552,50.736185],[7.166564,50.736101],[7.166438,50.735647],[7.166438,50.735588],[7.166464,50.735594]]],[[[7.165289,50.734202],[7.16477,50.734265],[7.164805,50.734279],[7.165289,50.734202]]],[[[7.164708,50.734273],[7.164677,50.7343],[7.164746,50.734289],[7.164708,50.734273]]],[[[7.165439,50.736038],[7.165622,50.736098],[7.16593,50.736193],[7.165965,50.736203],[7.165822,50.736149],[7.165627,50.736085],[7.165439,50.736038]]]]},"properties":{"landuse_id":2827,"landuse_code":2600,"landuse":"Wald","environment":"forest","area_m2":31929}},{"type":"Feature","geometry":{"type":"MultiPolygon","coordinates":[[[[7.173249,50.730856],[7.174302,50.72645],[7.174278,50.726439],[7.172901,50.726507],[7.171853,50.726783],[7.17161,50.726818],[7.171416,50.726797],[7.171164,50.726737],[7.170704,50.726555],[7.170396,50.726535],[7.169926,50.726372],[7.169671,50.726346],[7.169429,50.726362],[7.169063,50.726314],[7.168229,50.726955],[7.167938,50.727089],[7.165978,50.727769],[7.165418,50.72793],[7.165812,50.728344],[7.165892,50.728374],[7.165953,50.728304],[7.166355,50.728454],[7.166323,50.728506],[7.166407,50.728585],[7.166426,50.728654],[7.167027,50.728792],[7.167009,50.728836],[7.169366,50.729308],[7.169347,50.729329],[7.169614,50.729383],[7.169636,50.729358],[7.170234,50.729471],[7.170179,50.729497],[7.170325,50.729527],[7.170401,50.729502],[7.170696,50.729558],[7.170579,50.729578],[7.17155,50.729801],[7.17175,50.729902],[7.173193,50.730871],[7.173249,50.730856]]],[[[7.169036,50.726285],[7.169018,50.726282],[7.168941,50.726358],[7.169036,50.726285]]]]},"properties":{"landuse_id":2438,"landuse_code":2600,"landuse":"Wald","environment":"forest","area_m2":169138}},{"type":"Feature","geometry":{"type":"Polygon","coordinates":[[[7.091577,50.688516],[7.091128,50.688514],[7.090821,50.688539],[7.089945,50.688391],[7.088515,50.688428],[7.088127,50.688498],[7.087983,50.688503],[7.087713,50.688591],[7.087476,50.688575],[7.087364,50.688589],[7.087271,50.688622],[7.087082,50.68877],[7.08695,50.688831],[7.085992,50.688993],[7.086331,50.689227],[7.086606,50.689531],[7.087005,50.689782],[7.087308,50.690032],[7.087394,50.690061],[7.087681,50.690054],[7.087853,50.690072],[7.088364,50.690149],[7.088548,50.690199],[7.088973,50.690394],[7.089244,50.690812],[7.089462,50.691085],[7.089664,50.691253],[7.089814,50.691474],[7.089867,50.691667],[7.090021,50.691864],[7.090817,50.692737],[7.090926,50.692928],[7.090989,50.692964],[7.091067,50.692957],[7.091204,50.692877],[7.091392,50.69281],[7.092112,50.692795],[7.092381,50.692492],[7.09231,50.692462],[7.092409,50.692369],[7.092479,50.692399],[7.09251,50.692372],[7.092476,50.692356],[7.092595,50.692257],[7.092684,50.692185],[7.092717,50.692202],[7.092806,50.692132],[7.092774,50.692114],[7.093055,50.691911],[7.093086,50.691929],[7.093145,50.691889],[7.093059,50.69171],[7.092552,50.69125],[7.092205,50.690877],[7.091956,50.690731],[7.091829,50.690605],[7.091666,50.690348],[7.091703,50.689788],[7.091585,50.689262],[7.091572,50.689073],[7.091646,50.68855],[7.091577,50.688516]]]},"properties":{"landuse_id":4098,"landuse_code":2600,"landuse":"Wald","environment":"forest","area_m2":118565}},{"type":"Feature","geometry":{"type":"Polygon","coordinates":[[[7.062775,50.696811],[7.062382,50.696659],[7.062251,50.696632],[7.06196,50.69665],[7.061687,50.696719],[7.061528,50.696684],[7.061505,50.696721],[7.061506,50.696781],[7.061602,50.696865],[7.061652,50.697027],[7.062775,50.696811]]]},"properties":{"landuse_id":4448,"landuse_code":2680,"landuse":"sonstige (kl.) Gehölzfläche","environment":"urban_green","area_m2":2308}},{"type":"Feature","geometry":{"type":"Polygon","coordinates":[[[7.068397,50.634735],[7.068304,50.634744],[7.068036,50.635636],[7.067615,50.637355],[7.068918,50.637196],[7.068459,50.634817],[7.068397,50.634735]]]},"properties":{"landuse_id":4891,"landuse_code":2600,"landuse":"Wald","environment":"forest","area_m2":14708}},{"type":"Feature","geometry":{"type":"Polygon","coordinates":[[[7.143912,50.661974],[7.144162,50.662122],[7.144406,50.662203],[7.144906,50.662294],[7.145206,50.662432],[7.145171,50.662354],[7.144913,50.662054],[7.143961,50.661246],[7.143847,50.66184],[7.143912,50.661974]]]},"properties":{"landuse_id":6942,"landuse_code":2600,"landuse":"Wald","environment":"forest","area_m2":4622}},{"type":"Feature","geometry":{"type":"Polygon","coordinates":[[[7.12648,50.660578],[7.125872,50.660797],[7.126263,50.660841],[7.126696,50.660859],[7.126875,50.660904],[7.12648,50.660578]]]},"properties":{"landuse_id":6158,"landuse_code":2600,"landuse":"Wald","environment":"forest","area_m2":1043}},{"type":"Feature","geometry":{"type":"Polygon","coordinates":[[[7.145869,50.740208],[7.146353,50.739553],[7.145914,50.73938],[7.145814,50.739392],[7.145741,50.739438],[7.145347,50.740029],[7.145869,50.740208]]]},"properties":{"landuse_id":6204,"landuse_code":2680,"landuse":"sonstige (kl.) Gehölzfläche","environment":"urban_green","area_m2":3543}},{"type":"Feature","geometry":{"type":"Polygon","coordinates":[[[7.153456,50.737267],[7.152936,50.738147],[7.153551,50.738299],[7.153611,50.738269],[7.153989,50.737404],[7.153456,50.737267]]]},"properties":{"landuse_id":6473,"landuse_code":2600,"landuse":"Wald","environment":"forest","area_m2":4779}},{"type":"Feature","geometry":{"type":"MultiPolygon","coordinates":[[[[7.063611,50.69669],[7.064012,50.696772],[7.064381,50.69677],[7.064451,50.696741],[7.064461,50.696712],[7.06444,50.696683],[7.064393,50.696676],[7.063765,50.696634],[7.063564,50.696682],[7.063611,50.69669]]],[[[7.063839,50.696759],[7.06439,50.69716],[7.064436,50.696779],[7.064007,50.696792],[7.063839,50.696759]]]]},"properties":{"landuse_id":6470,"landuse_code":2600,"landuse":"Wald","environment":"forest","area_m2":1427}},{"type":"Feature","geometry":{"type":"Polygon","coordinates":[[[7.186026,50.717769],[7.189118,50.718111],[7.189742,50.71763],[7.188487,50.71719],[7.187571,50.717044],[7.186991,50.717209],[7.186538,50.717292],[7.186503,50.71733],[7.185932,50.717435],[7.185886,50.71749],[7.186026,50.717769]]]},"properties":{"landuse_id":6590,"landuse_code":2600,"landuse":"Wald","environment":"forest","area_m2":19475}},{"type":"Feature","geometry":{"type":"Polygon","coordinates":[[[7.130796,50.655615],[7.131277,50.65553],[7.131471,50.655393],[7.131292,50.655315],[7.131082,50.655172],[7.130574,50.655038],[7.130467,50.655196],[7.130527,50.655309],[7.130787,50.655565],[7.130796,50.655615]]]},"properties":{"landuse_id":9219,"landuse_code":2600,"landuse":"Wald","environment":"forest","area_m2":2508}},{"type":"Feature","geometry":{"type":"Polygon","coordinates":[[[7.167479,50.71608],[7.166939,50.715839],[7.166961,50.715852],[7.16682,50.71606],[7.167264,50.716269],[7.167292,50.716276],[7.167479,50.71608]]]},"properties":{"landuse_id":7906,"landuse_code":2680,"landuse":"sonstige (kl.) Gehölzfläche","environment":"urban_green","area_m2":1051}},{"type":"Feature","geometry":{"type":"Polygon","coordinates":[[[7.093063,50.713519],[7.092839,50.713542],[7.093173,50.714448],[7.093234,50.714468],[7.09329,50.71441],[7.09331,50.714183],[7.093063,50.713519]]]},"properties":{"landuse_id":8371,"landuse_code":2600,"landuse":"Wald","environment":"forest","area_m2":1566}},{"type":"Feature","geometry":{"type":"MultiPolygon","coordinates":[[[[7.157505,50.736757],[7.157691,50.736681],[7.158293,50.736165],[7.158498,50.735771],[7.158583,50.735485],[7.158608,50.735273],[7.158535,50.735199],[7.158413,50.735141],[7.157906,50.735013],[7.157778,50.734955],[7.156926,50.734359],[7.156752,50.734205],[7.156706,50.734104],[7.156857,50.73394],[7.157332,50.733605],[7.157873,50.733299],[7.15835,50.732848],[7.157071,50.732343],[7.156436,50.73218],[7.156151,50.732145],[7.155495,50.732015],[7.155362,50.731969],[7.15519,50.731859],[7.154875,50.731778],[7.154965,50.732475],[7.154801,50.732942],[7.154153,50.733742],[7.154099,50.734392],[7.153992,50.734959],[7.153931,50.735168],[7.153803,50.735347],[7.153801,50.735416],[7.153899,50.735601],[7.153916,50.735846],[7.154032,50.736091],[7.154066,50.736142],[7.155426,50.736398],[7.155782,50.736486],[7.156173,50.736522],[7.156497,50.736626],[7.156861,50.736874],[7.157505,50.736757]]],[[[7.158306,50.735075],[7.158035,50.735004],[7.158085,50.735019],[7.158264,50.735068],[7.158306,50.735075]]],[[[7.158377,50.732799],[7.157757,50.732573],[7.158327,50.7328],[7.158377,50.732799]]],[[[7.154859,50.732159],[7.154881,50.732425],[7.154884,50.732402],[7.154887,50.732358],[7.154887,50.73232],[7.154882,50.732273],[7.154863,50.732179],[7.154859,50.732159]]],[[[7.1539,50.735932],[7.153901,50.735935],[7.153903,50.735937],[7.1539,50.735932]]]]},"properties":{"landuse_id":8394,"landuse_code":2600,"landuse":"Wald","environment":"forest","area_m2":121161}},{"type":"Feature","geometry":{"type":"Polygon","coordinates":[[[7.059173,50.732831],[7.05885,50.732935],[7.058973,50.733102],[7.059546,50.733394],[7.059173,50.732831]]]},"properties":{"landuse_id":9416,"landuse_code":2680,"landuse":"sonstige (kl.) Gehölzfläche","environment":"urban_green","area_m2":1119}},{"type":"Feature","geometry":{"type":"Polygon","coordinates":[[[7.078946,50.690945],[7.078554,50.691387],[7.079003,50.691519],[7.078946,50.690945]]]},"properties":{"landuse_id":9250,"landuse_code":2600,"landuse":"Wald","environment":"forest","area_m2":986}},{"type":"Feature","geometry":{"type":"Polygon","coordinates":[[[7.173218,50.730907],[7.171911,50.73121],[7.170455,50.731347],[7.169497,50.731402],[7.168841,50.731502],[7.169385,50.732007],[7.170067,50.73238],[7.170153,50.73246],[7.170498,50.732412],[7.171108,50.732407],[7.173189,50.732469],[7.173722,50.731883],[7.173941,50.731488],[7.173924,50.731401],[7.173837,50.731302],[7.173218,50.730907]]]},"properties":{"landuse_id":9287,"landuse_code":2600,"landuse":"Wald","environment":"forest","area_m2":41199}},{"type":"Feature","geometry":{"type":"MultiPolygon","coordinates":[[[[7.091365,50.709763],[7.091373,50.710233],[7.091491,50.710673],[7.09211,50.711571],[7.09214,50.711804],[7.092359,50.711771],[7.09233,50.711529],[7.092022,50.710975],[7.091745,50.710683],[7.09153,50.70992],[7.091431,50.709756],[7.091365,50.709763]]],[[[7.092146,50.711849],[7.092171,50.712048],[7.092412,50.711999],[7.092364,50.711816],[7.092146,50.711849]]],[[[7.092177,50.712094],[7.092203,50.712298],[7.092432,50.712278],[7.092421,50.712042],[7.092177,50.712094]]],[[[7.092248,50.711312],[7.092236,50.711289],[7.092223,50.711267],[7.092242,50.711304],[7.092248,50.711312]]],[[[7.091854,50.710766],[7.091847,50.710757],[7.091853,50.710765],[7.091854,50.710766]]],[[[7.091819,50.71072],[7.091783,50.710668],[7.091786,50.710677],[7.091819,50.71072]]],[[[7.091544,50.709869],[7.091496,50.709693],[7.091491,50.709714],[7.091506,50.709805],[7.091544,50.709869]]]]},"properties":{"landuse_id":9321,"landuse_code":2600,"landuse":"Wald","environment":"forest","area_m2":4682}},{"type":"Feature","geometry":{"type":"Polygon","coordinates":[[[7.124966,50.659375],[7.125252,50.659636],[7.12568,50.659513],[7.125522,50.659223],[7.125481,50.659205],[7.124966,50.659375]]]},"properties":{"landuse_id":9439,"landuse_code":2680,"landuse":"sonstige (kl.) Gehölzfläche","environment":"urban_green","area_m2":1368}},{"type":"Feature","geometry":{"type":"MultiPolygon","coordinates":[[[[7.046029,50.694359],[7.046011,50.694393],[7.04601,50.694403],[7.046029,50.694359]]],[[[7.04593,50.693874],[7.045818,50.693442],[7.046017,50.693015],[7.046179,50.693131],[7.04618,50.692391],[7.046342,50.69205],[7.046424,50.691315],[7.04635,50.691043],[7.046368,50.690566],[7.046503,50.689538],[7.046444,50.689086],[7.046702,50.688568],[7.046742,50.688175],[7.043984,50.689293],[7.040763,50.690669],[7.039784,50.69114],[7.040916,50.690932],[7.041102,50.691211],[7.0411,50.691293],[7.041064,50.691349],[7.039351,50.69199],[7.03951,50.692309],[7.037903,50.692781],[7.037757,50.692548],[7.03768,50.692217],[7.037327,50.692327],[7.037366,50.692453],[7.036209,50.692752],[7.036022,50.693036],[7.035618,50.692998],[7.035363,50.692722],[7.034557,50.693057],[7.034444,50.693504],[7.034271,50.693566],[7.034318,50.69366],[7.034169,50.693681],[7.034664,50.695086],[7.034856,50.695462],[7.03523,50.695918],[7.035311,50.695979],[7.035903,50.695839],[7.040616,50.694867],[7.040655,50.693965],[7.040374,50.692339],[7.040441,50.692311],[7.040674,50.69366],[7.042006,50.693525],[7.042252,50.694592],[7.04124,50.694718],[7.040955,50.694123],[7.040733,50.694152],[7.040687,50.694852],[7.041224,50.694743],[7.043433,50.694526],[7.043438,50.694548],[7.04481,50.69442],[7.045955,50.694415],[7.046106,50.694124],[7.046152,50.69384],[7.04593,50.693874]],[[7.038798,50.692985],[7.039548,50.692707],[7.040084,50.693362],[7.037387,50.694208],[7.03719,50.693923],[7.036506,50.693981],[7.036566,50.694234],[7.035253,50.694231],[7.0354,50.693779],[7.035997,50.693828],[7.035965,50.693677],[7.037722,50.693286],[7.038798,50.692985]],[[7.045088,50.693475],[7.045126,50.693489],[7.045257,50.693466],[7.045377,50.693525],[7.045386,50.693591],[7.045307,50.693653],[7.045123,50.693656],[7.04508,50.693637],[7.045005,50.693476],[7.045044,50.693453],[7.045088,50.693475]],[[7.044867,50.694152],[7.045169,50.694149],[7.045172,50.694271],[7.044869,50.694274],[7.044867,50.694152]]],[[[7.046262,50.69319],[7.046249,50.692773],[7.046236,50.693172],[7.046262,50.69319]]],[[[7.046238,50.692367],[7.046328,50.69221],[7.046232,50.692376],[7.046246,50.692656],[7.046238,50.692367]]],[[[7.046427,50.691985],[7.046493,50.691664],[7.046476,50.691373],[7.046405,50.69204],[7.046427,50.691985]]],[[[7.046584,50.688902],[7.046498,50.689075],[7.046531,50.689343],[7.046584,50.688902]]],[[[7.033189,50.693806],[7.033282,50.694014],[7.034189,50.693875],[7.034097,50.693614],[7.033189,50.693806]]],[[[7.033664,50.694634],[7.033609,50.694462],[7.032923,50.694584],[7.03309,50.694967],[7.03322,50.694923],[7.033226,50.694971],[7.03345,50.69512],[7.033809,50.694899],[7.034191,50.695162],[7.033977,50.695312],[7.034043,50.695353],[7.034229,50.695329],[7.034415,50.695378],[7.034469,50.695427],[7.034439,50.695552],[7.03337,50.69598],[7.033475,50.696292],[7.033511,50.696321],[7.034359,50.696199],[7.035263,50.69599],[7.035185,50.695929],[7.034821,50.695473],[7.034618,50.695089],[7.034417,50.69452],[7.033664,50.694634]]]]},"properties":{"landuse_id":22407,"landuse_code":2600,"landuse":"Wald","environment":"forest","area_m2":346682}},{"type":"Feature","geometry":{"type":"MultiPolygon","coordinates":[[[[7.127149,50.72566],[7.126866,50.725237],[7.12673,50.725103],[7.126576,50.725012],[7.126265,50.724906],[7.126592,50.724854],[7.126957,50.724745],[7.126876,50.724688],[7.126557,50.724798],[7.125917,50.724958],[7.125535,50.725081],[7.124994,50.725312],[7.124567,50.725549],[7.124683,50.725534],[7.124907,50.72546],[7.126115,50.724909],[7.127367,50.726121],[7.128533,50.725627],[7.131755,50.72457],[7.130697,50.723451],[7.13062,50.723625],[7.130607,50.723778],[7.130723,50.724025],[7.130529,50.723975],[7.130309,50.723872],[7.130201,50.723899],[7.129929,50.723867],[7.129891,50.723925],[7.129991,50.724003],[7.130272,50.7241],[7.130969,50.724235],[7.13142,50.724378],[7.131496,50.724488],[7.131485,50.724615],[7.131234,50.724638],[7.130994,50.724632],[7.130562,50.724586],[7.130328,50.724799],[7.129911,50.724977],[7.129491,50.725068],[7.129166,50.725059],[7.129084,50.725228],[7.128993,50.725322],[7.128879,50.725408],[7.128436,50.725618],[7.128117,50.725617],[7.127852,50.725657],[7.127149,50.72566]]],[[[7.126846,50.724666],[7.126692,50.724558],[7.126473,50.724463],[7.126088,50.724621],[7.125296,50.724896],[7.124676,50.725149],[7.123623,50.725633],[7.123217,50.725873],[7.122056,50.726468],[7.121337,50.726946],[7.120526,50.727339],[7.120392,50.727426],[7.12023,50.727555],[7.120147,50.727695],[7.12007,50.727954],[7.121145,50.727289],[7.122781,50.72633],[7.122878,50.726245],[7.123617,50.726007],[7.124827,50.725346],[7.125304,50.725135],[7.125974,50.724899],[7.126519,50.724775],[7.126846,50.724666]]],[[[7.122941,50.726287],[7.123707,50.726104],[7.123976,50.725954],[7.124324,50.725666],[7.123706,50.726001],[7.123056,50.726226],[7.122941,50.726287]]]]},"properties":{"landuse_id":16856,"landuse_code":2645,"landuse":"Grün-/ Parkfläche mit Baumbestand","environment":"urban_green","area_m2":30433}},{"type":"Feature","geometry":{"type":"Polygon","coordinates":[[[7.141818,50.733024],[7.142323,50.732456],[7.142452,50.73208],[7.141415,50.731771],[7.141051,50.731713],[7.140805,50.732043],[7.140875,50.732181],[7.140856,50.732313],[7.140717,50.732312],[7.140659,50.732271],[7.140583,50.732278],[7.140523,50.732325],[7.140259,50.732343],[7.139902,50.732194],[7.139789,50.732189],[7.13972,50.732398],[7.139643,50.732463],[7.139568,50.732438],[7.139572,50.732337],[7.13962,50.732243],[7.139701,50.732178],[7.139625,50.732165],[7.139731,50.732033],[7.139776,50.731838],[7.139654,50.731853],[7.139277,50.73183],[7.139376,50.73203],[7.138085,50.732499],[7.137839,50.732283],[7.136284,50.7331],[7.13604,50.732947],[7.135566,50.73275],[7.135544,50.732714],[7.135354,50.732617],[7.135408,50.732428],[7.134627,50.732006],[7.134547,50.732011],[7.133601,50.732776],[7.134671,50.733195],[7.134778,50.733368],[7.134655,50.733592],[7.1339,50.733385],[7.13369,50.733695],[7.134707,50.73383],[7.135087,50.733928],[7.135153,50.733823],[7.135251,50.733848],[7.13482,50.734528],[7.135316,50.734632],[7.135451,50.734719],[7.135961,50.734871],[7.135915,50.734964],[7.13638,50.7351],[7.13616,50.735405],[7.135818,50.735156],[7.135759,50.735276],[7.135945,50.735495],[7.135957,50.735575],[7.136478,50.735678],[7.136597,50.735728],[7.136706,50.735522],[7.137367,50.735451],[7.137448,50.735747],[7.138081,50.735825],[7.138809,50.73632],[7.138378,50.736561],[7.13948,50.736766],[7.140018,50.736821],[7.140402,50.736546],[7.139868,50.736239],[7.140414,50.735828],[7.140082,50.735654],[7.140335,50.73551],[7.140827,50.735011],[7.1409,50.73501],[7.141491,50.734769],[7.141968,50.734472],[7.142311,50.734042],[7.142072,50.733962],[7.14256,50.733322],[7.141818,50.733024]],[[7.138951,50.7334],[7.138805,50.733723],[7.138507,50.733668],[7.138437,50.733813],[7.137902,50.733712],[7.13792,50.733675],[7.136953,50.73349],[7.137213,50.732936],[7.137374,50.732882],[7.138752,50.733144],[7.138657,50.733346],[7.138951,50.7334]],[[7.137546,50.733778],[7.137787,50.733916],[7.138215,50.734077],[7.138235,50.734046],[7.138403,50.73409],[7.138516,50.734049],[7.138748,50.734021],[7.138817,50.733865],[7.138854,50.73383],[7.138916,50.733821],[7.139195,50.733831],[7.139285,50.733816],[7.139395,50.733859],[7.139416,50.733926],[7.139279,50.73399],[7.139288,50.734025],[7.139199,50.734085],[7.139139,50.734348],[7.139005,50.734425],[7.13889,50.734411],[7.138655,50.734317],[7.138549,50.734326],[7.138508,50.734247],[7.138321,50.734201],[7.138226,50.734383],[7.138052,50.734342],[7.137846,50.734342],[7.137735,50.734364],[7.13758,50.734446],[7.137491,50.734448],[7.137233,50.734411],[7.137089,50.734346],[7.137041,50.734478],[7.13683,50.734448],[7.13691,50.734187],[7.136596,50.734167],[7.136621,50.733984],[7.136333,50.73397],[7.136352,50.733806],[7.136846,50.733828],[7.137017,50.733861],[7.137135,50.733724],[7.137227,50.733687],[7.137344,50.733676],[7.137546,50.733778]],[[7.135217,50.734094],[7.135289,50.73403],[7.135348,50.734016],[7.135409,50.73405],[7.135555,50.734057],[7.135617,50.734149],[7.135717,50.734169],[7.135956,50.734166],[7.136037,50.734229],[7.135731,50.734198],[7.135705,50.734224],[7.135806,50.734282],[7.136039,50.734317],[7.136059,50.734388],[7.136124,50.734429],[7.136109,50.734446],[7.13576,50.734502],[7.135704,50.73446],[7.135384,50.734404],[7.135079,50.734411],[7.135038,50.734382],[7.13505,50.734327],[7.135217,50.734094]],[[7.136709,50.734574],[7.137983,50.734673],[7.137932,50.73495],[7.13666,50.734848],[7.136709,50.734574]]]},"properties":{"landuse_id":22816,"landuse_code":2600,"landuse":"Wald","environment":"forest","area_m2":170185}},{"type":"Feature","geometry":{"type":"MultiPolygon","coordinates":[[[[7.134819,50.708026],[7.134835,50.708039],[7.134868,50.708047],[7.134876,50.70804],[7.134853,50.708021],[7.134819,50.708026]]],[[[7.136648,50.709913],[7.136243,50.710163],[7.137096,50.71068],[7.137201,50.710626],[7.13702,50.710444],[7.136648,50.709913]]],[[[7.134338,50.712575],[7.134525,50.712685],[7.134249,50.712882],[7.134069,50.712768],[7.133398,50.713235],[7.132292,50.713895],[7.132784,50.713987],[7.133153,50.713785],[7.135042,50.71263],[7.135031,50.712579],[7.1349,50.712471],[7.134869,50.712405],[7.134842,50.712406],[7.134851,50.712439],[7.134758,50.712417],[7.134864,50.712306],[7.136346,50.71142],[7.136664,50.711109],[7.136115,50.711396],[7.13562,50.711689],[7.134338,50.712575]]],[[[7.137068,50.711391],[7.13529,50.712413],[7.135149,50.71232],[7.135078,50.712335],[7.135004,50.712408],[7.135033,50.712456],[7.135142,50.712514],[7.135219,50.712523],[7.137142,50.711424],[7.137167,50.711442],[7.137424,50.711278],[7.1371,50.710923],[7.137035,50.710917],[7.136791,50.711041],[7.136403,50.711408],[7.136654,50.711264],[7.136753,50.711177],[7.13688,50.711141],[7.137025,50.711159],[7.137128,50.711239],[7.137132,50.711322],[7.137068,50.711391]]],[[[7.137277,50.710811],[7.137141,50.71088],[7.137135,50.71091],[7.13746,50.711259],[7.13767,50.711082],[7.137716,50.710985],[7.137699,50.71088],[7.137526,50.710685],[7.137277,50.710811]]]]},"properties":{"landuse_id":17015,"landuse_code":2680,"landuse":"sonstige (kl.) Gehölzfläche","environment":"urban_green","area_m2":15607}},{"type":"Feature","geometry":{"type":"MultiPolygon","coordinates":[[[[7.142346,50.673547],[7.141464,50.673996],[7.14088,50.67357],[7.140555,50.673409],[7.140232,50.673207],[7.140113,50.673029],[7.140074,50.672913],[7.139805,50.672813],[7.139655,50.672716],[7.139456,50.672631],[7.138546,50.672622],[7.138241,50.672684],[7.138356,50.672792],[7.139187,50.672876],[7.139394,50.672945],[7.13988,50.67333],[7.140053,50.673403],[7.140214,50.673543],[7.141442,50.674177],[7.142563,50.674629],[7.143133,50.674903],[7.143355,50.674958],[7.143505,50.675028],[7.143684,50.675145],[7.143804,50.67527],[7.143994,50.675322],[7.144118,50.675464],[7.144367,50.675607],[7.144262,50.675402],[7.144263,50.675349],[7.144323,50.675313],[7.144536,50.675308],[7.144607,50.675261],[7.144648,50.675132],[7.144339,50.674864],[7.144174,50.674649],[7.143704,50.67445],[7.142953,50.674203],[7.142802,50.674108],[7.142346,50.673547]]],[[[7.138806,50.673553],[7.139002,50.673298],[7.139099,50.673231],[7.139496,50.673211],[7.139615,50.67323],[7.139868,50.673362],[7.140227,50.673788],[7.140471,50.673887],[7.141601,50.674549],[7.142585,50.674945],[7.143242,50.675173],[7.143678,50.675424],[7.143909,50.675651],[7.14437,50.675887],[7.144479,50.675966],[7.144499,50.67605],[7.144716,50.676044],[7.144569,50.675836],[7.144401,50.675667],[7.144081,50.675481],[7.14397,50.675349],[7.143783,50.675298],[7.143577,50.675105],[7.143337,50.674983],[7.143098,50.67492],[7.142614,50.674679],[7.141262,50.67412],[7.140173,50.673552],[7.140035,50.673429],[7.139903,50.673373],[7.13933,50.672941],[7.139172,50.672899],[7.138312,50.672811],[7.137523,50.672025],[7.137382,50.672089],[7.13737,50.672119],[7.137441,50.672194],[7.137405,50.672206],[7.13821,50.673046],[7.138767,50.673565],[7.138806,50.673553]],[[7.138612,50.673068],[7.138579,50.672902],[7.13861,50.672888],[7.139251,50.672931],[7.139372,50.67301],[7.139394,50.673059],[7.139366,50.673172],[7.139314,50.673192],[7.138683,50.673118],[7.138612,50.673068]]],[[[7.144793,50.676131],[7.144839,50.676334],[7.144714,50.676944],[7.145239,50.67696],[7.145062,50.676499],[7.144981,50.676105],[7.145612,50.675991],[7.145353,50.675613],[7.144969,50.67519],[7.145233,50.675047],[7.145138,50.674933],[7.144924,50.67496],[7.14479,50.67502],[7.144698,50.67511],[7.144625,50.675294],[7.144574,50.67533],[7.1443,50.675358],[7.144294,50.675403],[7.144425,50.675646],[7.144607,50.675832],[7.144777,50.676062],[7.144793,50.676131]]],[[[7.145092,50.674878],[7.144969,50.674936],[7.145122,50.674914],[7.145092,50.674878]]]]},"properties":{"landuse_id":17532,"landuse_code":2600,"landuse":"Wald","environment":"forest","area_m2":45743}},{"type":"Feature","geometry":{"type":"MultiPolygon","coordinates":[[[[7.088084,50.661785],[7.082457,50.660242],[7.078778,50.659432],[7.075976,50.66622],[7.075978,50.666311],[7.080392,50.667781],[7.082565,50.668474],[7.082695,50.668181],[7.082828,50.667658],[7.08304,50.667195],[7.083024,50.666897],[7.083306,50.66662],[7.083272,50.666369],[7.083385,50.665949],[7.0834,50.665701],[7.083623,50.665592],[7.08367,50.665534],[7.083581,50.665167],[7.083628,50.665112],[7.083766,50.665036],[7.083854,50.664854],[7.086349,50.665684],[7.086503,50.665729],[7.086576,50.665722],[7.087582,50.66354],[7.088084,50.661785]],[[7.079327,50.664585],[7.079387,50.664375],[7.080063,50.664449],[7.079999,50.664681],[7.079327,50.664585]]],[[[7.086547,50.66578],[7.086468,50.665737],[7.083882,50.664899],[7.083807,50.665051],[7.083664,50.665131],[7.083623,50.665187],[7.083712,50.665551],[7.083653,50.665616],[7.083445,50.665715],[7.083431,50.665952],[7.083318,50.666371],[7.083352,50.666626],[7.083304,50.666699],[7.08307,50.666904],[7.083086,50.6672],[7.08285,50.66773],[7.082634,50.668505],[7.084066,50.668969],[7.084117,50.668962],[7.086142,50.666521],[7.08627,50.666332],[7.086547,50.66578]],[[7.082788,50.668442],[7.082933,50.668123],[7.082985,50.667848],[7.083104,50.667639],[7.083243,50.667559],[7.083444,50.667555],[7.083557,50.66763],[7.083617,50.667796],[7.08349,50.667988],[7.083321,50.66813],[7.083241,50.668422],[7.083201,50.668473],[7.083084,50.66854],[7.082788,50.668442]],[[7.08479,50.665527],[7.084771,50.665446],[7.084934,50.665484],[7.084994,50.66554],[7.084962,50.66558],[7.084894,50.665593],[7.084831,50.665583],[7.08479,50.665527]]]]},"properties":{"landuse_id":17541,"landuse_code":2600,"landuse":"Wald","environment":"forest","area_m2":573015}},{"type":"Feature","geometry":{"type":"MultiPolygon","coordinates":[[[[7.176999,50.655444],[7.177131,50.65537],[7.177468,50.655463],[7.177683,50.655707],[7.177802,50.655783],[7.178124,50.655911],[7.178451,50.656236],[7.17864,50.65632],[7.179182,50.656433],[7.179333,50.656497],[7.179941,50.656893],[7.179913,50.656871],[7.180314,50.65668],[7.180385,50.656666],[7.179983,50.656404],[7.179465,50.656211],[7.179286,50.656048],[7.179156,50.655848],[7.179174,50.656092],[7.179053,50.656139],[7.178906,50.65629],[7.178192,50.655827],[7.177891,50.655709],[7.17792,50.655687],[7.177751,50.65562],[7.177667,50.655514],[7.17751,50.655405],[7.177229,50.655318],[7.177406,50.655204],[7.177872,50.655537],[7.178212,50.65574],[7.178934,50.656044],[7.179074,50.656087],[7.179135,50.656067],[7.179109,50.655846],[7.179018,50.655687],[7.178905,50.65562],[7.178601,50.655537],[7.178461,50.655476],[7.178262,50.655338],[7.178057,50.655282],[7.177415,50.654724],[7.177116,50.655],[7.177002,50.654955],[7.176709,50.655186],[7.176999,50.655444]],[[7.178002,50.655543],[7.1779,50.655496],[7.177775,50.655354],[7.17748,50.655167],[7.177648,50.655046],[7.177709,50.655066],[7.177807,50.655232],[7.177941,50.655332],[7.178956,50.655785],[7.179067,50.655884],[7.179097,50.655945],[7.179076,50.655973],[7.178903,50.655956],[7.178657,50.655867],[7.178197,50.655663],[7.178002,50.655543]]],[[[7.180014,50.656863],[7.180309,50.656741],[7.180297,50.656728],[7.180014,50.656863]]],[[[7.178004,50.655205],[7.17796,50.655155],[7.177984,50.655185],[7.178004,50.655205]]],[[[7.177791,50.654986],[7.177786,50.654982],[7.17778,50.654976],[7.177791,50.654986]]],[[[7.177717,50.654929],[7.17765,50.654878],[7.177588,50.654822],[7.177608,50.654842],[7.177647,50.654879],[7.177701,50.654919],[7.177717,50.654929]]]]},"properties":{"landuse_id":17968,"landuse_code":2600,"landuse":"Wald","environment":"forest","area_m2":10878}},{"type":"Feature","geometry":{"type":"Polygon","coordinates":[[[7.177585,50.718951],[7.176937,50.71857],[7.176612,50.718483],[7.175864,50.718037],[7.176147,50.717798],[7.176352,50.717526],[7.176566,50.716975],[7.176744,50.716799],[7.17709,50.716566],[7.177508,50.71681],[7.178047,50.716434],[7.17855,50.71615],[7.179449,50.716695],[7.179501,50.716669],[7.180139,50.717189],[7.180446,50.717025],[7.180219,50.716602],[7.179651,50.716518],[7.179328,50.716441],[7.17866,50.716026],[7.178307,50.715726],[7.177892,50.715433],[7.177353,50.715449],[7.177147,50.715501],[7.177007,50.715569],[7.176673,50.715825],[7.175956,50.716557],[7.175827,50.71671],[7.175888,50.717246],[7.175847,50.717568],[7.175751,50.71779],[7.175589,50.717941],[7.175355,50.718042],[7.173885,50.718321],[7.173476,50.718503],[7.173196,50.718797],[7.173053,50.719152],[7.172975,50.719232],[7.172418,50.719467],[7.172198,50.719583],[7.171076,50.720347],[7.170946,50.720397],[7.170634,50.720466],[7.170421,50.72057],[7.170336,50.72065],[7.169825,50.721348],[7.169784,50.721475],[7.170505,50.721306],[7.171182,50.7211],[7.171366,50.721063],[7.171953,50.721006],[7.172669,50.720988],[7.173127,50.720857],[7.173828,50.720615],[7.1745,50.720349],[7.176146,50.71958],[7.177585,50.718951]],[[7.175647,50.719661],[7.175273,50.719337],[7.175411,50.719264],[7.175499,50.719181],[7.175396,50.719026],[7.17541,50.718982],[7.17553,50.718941],[7.175933,50.719164],[7.175767,50.719314],[7.175644,50.719375],[7.175605,50.719456],[7.175715,50.719637],[7.175647,50.719661]]]},"properties":{"landuse_id":18030,"landuse_code":2600,"landuse":"Wald","environment":"forest","area_m2":109406}},{"type":"Feature","geometry":{"type":"MultiPolygon","coordinates":[[[[7.186566,50.727259],[7.18706,50.726799],[7.187116,50.726675],[7.187644,50.726094],[7.187264,50.725905],[7.186445,50.726451],[7.185591,50.726787],[7.185405,50.726636],[7.185309,50.726517],[7.185613,50.726434],[7.185738,50.726363],[7.185829,50.726277],[7.185796,50.72626],[7.18581,50.726201],[7.185935,50.72615],[7.185698,50.726162],[7.185029,50.726289],[7.183275,50.726449],[7.183105,50.726485],[7.182761,50.726716],[7.182259,50.726909],[7.181782,50.727163],[7.181241,50.727367],[7.18113,50.727324],[7.18164,50.726458],[7.181505,50.726487],[7.180609,50.726995],[7.180137,50.727185],[7.179767,50.727281],[7.179309,50.727355],[7.178942,50.727363],[7.178633,50.727276],[7.178193,50.727081],[7.176807,50.726345],[7.176498,50.726079],[7.176313,50.725753],[7.176084,50.725674],[7.175618,50.725789],[7.175287,50.725987],[7.175034,50.726238],[7.174916,50.726313],[7.174407,50.726451],[7.175117,50.726928],[7.175759,50.727469],[7.175927,50.727727],[7.17637,50.728824],[7.17645,50.728889],[7.176563,50.728915],[7.176722,50.728905],[7.176996,50.72885],[7.178148,50.728485],[7.178839,50.728296],[7.179955,50.728115],[7.180858,50.727895],[7.181924,50.727676],[7.182038,50.727684],[7.182212,50.727758],[7.182442,50.727887],[7.182681,50.728062],[7.182819,50.728222],[7.183056,50.728812],[7.183149,50.728879],[7.18323,50.728903],[7.184677,50.728165],[7.185698,50.727709],[7.186566,50.727259]]],[[[7.175005,50.726189],[7.174821,50.7263],[7.174896,50.726282],[7.175005,50.726189]]],[[[7.176329,50.728924],[7.176331,50.728939],[7.176442,50.728942],[7.176329,50.728924]]],[[[7.178915,50.728319],[7.179063,50.728294],[7.179249,50.728259],[7.179106,50.728283],[7.178915,50.728319]]],[[[7.182555,50.728018],[7.182694,50.728139],[7.182677,50.728122],[7.182635,50.728083],[7.182591,50.728044],[7.182555,50.728018]]]]},"properties":{"landuse_id":18048,"landuse_code":2600,"landuse":"Wald","environment":"forest","area_m2":140279}},{"type":"Feature","geometry":{"type":"MultiPolygon","coordinates":[[[[7.193393,50.648998],[7.193767,50.648851],[7.193805,50.648762],[7.19402,50.648642],[7.194023,50.64859],[7.193916,50.648574],[7.193696,50.648607],[7.193156,50.648807],[7.193393,50.648998]]],[[[7.194068,50.648635],[7.194092,50.648577],[7.194,50.648558],[7.194069,50.648597],[7.194068,50.648635]]]]},"properties":{"landuse_id":18071,"landuse_code":2680,"landuse":"sonstige (kl.) Gehölzfläche","environment":"urban_green","area_m2":1343}},{"type":"Feature","geometry":{"type":"Polygon","coordinates":[[[7.193338,50.650098],[7.193386,50.650136],[7.193832,50.649485],[7.193764,50.649466],[7.193338,50.650098]]]},"properties":{"landuse_id":18065,"landuse_code":2680,"landuse":"sonstige (kl.) Gehölzfläche","environment":"urban_green","area_m2":391}},{"type":"Feature","geometry":{"type":"Polygon","coordinates":[[[7.179608,50.748233],[7.178955,50.748621],[7.178893,50.748576],[7.178013,50.749129],[7.178392,50.749357],[7.178394,50.749059],[7.178912,50.748758],[7.179887,50.749189],[7.180562,50.748552],[7.180272,50.748508],[7.180327,50.748374],[7.180099,50.748337],[7.179915,50.748196],[7.179972,50.748125],[7.179734,50.748086],[7.179608,50.748233]],[[7.179919,50.74856],[7.179841,50.748549],[7.179771,50.748498],[7.17977,50.748346],[7.179848,50.748282],[7.180116,50.748458],[7.180095,50.748521],[7.180032,50.748552],[7.179919,50.74856]]]},"properties":{"landuse_id":18987,"landuse_code":2680,"landuse":"sonstige (kl.) Gehölzfläche","environment":"urban_green","area_m2":8273}},{"type":"Feature","geometry":{"type":"Polygon","coordinates":[[[7.180689,50.751599],[7.182684,50.751753],[7.183929,50.74852],[7.182624,50.748554],[7.182527,50.748523],[7.181374,50.748346],[7.180504,50.749278],[7.180273,50.749184],[7.180022,50.74944],[7.18038,50.749562],[7.18019,50.749778],[7.180028,50.7498],[7.179916,50.749889],[7.17975,50.750085],[7.179799,50.750365],[7.180059,50.750434],[7.18014,50.750598],[7.180361,50.750696],[7.180147,50.750933],[7.179851,50.750819],[7.179713,50.750813],[7.179605,50.75082],[7.179332,50.750948],[7.179227,50.750963],[7.179049,50.750951],[7.178727,50.75085],[7.17845,50.750929],[7.179645,50.751482],[7.179735,50.751349],[7.180312,50.75131],[7.180738,50.751382],[7.180689,50.751599]],[[7.181853,50.751521],[7.181305,50.751535],[7.180488,50.75099],[7.180931,50.750782],[7.181747,50.750336],[7.182319,50.749966],[7.182473,50.750174],[7.181853,50.751521]]]},"properties":{"landuse_id":18989,"landuse_code":2600,"landuse":"Wald","environment":"forest","area_m2":68321}},{"type":"Feature","geometry":{"type":"MultiPolygon","coordinates":[[[[7.141105,50.745312],[7.140798,50.745615],[7.140922,50.745662],[7.140544,50.746016],[7.140904,50.746154],[7.141238,50.746403],[7.141599,50.746858],[7.141694,50.747065],[7.141703,50.747157],[7.141629,50.747296],[7.141209,50.747597],[7.141034,50.747813],[7.141045,50.747912],[7.141158,50.747989],[7.141288,50.74798],[7.141313,50.747935],[7.141235,50.747928],[7.141217,50.747879],[7.141258,50.747854],[7.141336,50.747867],[7.141317,50.747993],[7.141229,50.748018],[7.141118,50.748],[7.141037,50.747948],[7.140996,50.747885],[7.141028,50.747755],[7.141219,50.747545],[7.141044,50.747607],[7.140793,50.747741],[7.140752,50.747797],[7.140754,50.747875],[7.1408,50.747987],[7.141135,50.748196],[7.141334,50.748429],[7.14198,50.748624],[7.14213,50.747172],[7.141943,50.745732],[7.141882,50.745639],[7.14185,50.745652],[7.141342,50.745392],[7.141105,50.745312]]],[[[7.141478,50.746729],[7.141482,50.746734],[7.141482,50.746733],[7.141478,50.746729]]],[[[7.140893,50.74766],[7.140879,50.747666],[7.140816,50.747702],[7.140855,50.747682],[7.140877,50.74767],[7.140893,50.74766]]]]},"properties":{"landuse_id":19491,"landuse_code":2680,"landuse":"sonstige (kl.) Gehölzfläche","environment":"urban_green","area_m2":20904}},{"type":"Feature","geometry":{"type":"MultiPolygon","coordinates":[[[[7.190782,50.736591],[7.191045,50.736619],[7.191122,50.736425],[7.190324,50.735488],[7.190624,50.734972],[7.190797,50.734782],[7.191237,50.734558],[7.191374,50.734512],[7.191742,50.734444],[7.191793,50.734371],[7.191262,50.734324],[7.190973,50.734327],[7.190457,50.734416],[7.190228,50.734485],[7.189968,50.734471],[7.18976,50.734546],[7.189501,50.734563],[7.189375,50.734635],[7.189074,50.734695],[7.188934,50.734986],[7.188834,50.735004],[7.188645,50.735446],[7.188334,50.736369],[7.188204,50.736633],[7.188036,50.736706],[7.187941,50.736717],[7.187891,50.736661],[7.187772,50.736677],[7.187664,50.736731],[7.187596,50.736828],[7.187549,50.736825],[7.187462,50.736731],[7.187413,50.736724],[7.187252,50.736784],[7.186993,50.736809],[7.187005,50.736869],[7.186975,50.736902],[7.187522,50.73701],[7.187874,50.736994],[7.18796,50.737017],[7.188442,50.73687],[7.189374,50.736516],[7.189422,50.736519],[7.188541,50.736844],[7.188462,50.736892],[7.187994,50.737033],[7.188023,50.737046],[7.187655,50.737299],[7.187902,50.737531],[7.188082,50.737454],[7.188593,50.737319],[7.189561,50.736888],[7.190723,50.736936],[7.190782,50.736591]]],[[[7.18695,50.736932],[7.186882,50.736987],[7.186763,50.736983],[7.186515,50.737122],[7.186404,50.737155],[7.186287,50.737158],[7.186243,50.737195],[7.186021,50.737245],[7.186011,50.737341],[7.185717,50.737433],[7.185574,50.737443],[7.185511,50.737525],[7.185257,50.737625],[7.185169,50.737722],[7.184968,50.737808],[7.184929,50.737844],[7.184966,50.737941],[7.184805,50.737931],[7.184747,50.737953],[7.184649,50.737922],[7.184596,50.737945],[7.184359,50.738273],[7.18701,50.73946],[7.187012,50.739433],[7.187914,50.7393],[7.187547,50.739244],[7.1874,50.7392],[7.18732,50.739112],[7.187249,50.738567],[7.186893,50.738043],[7.186885,50.737952],[7.186927,50.737862],[7.187306,50.737569],[7.18753,50.737332],[7.18793,50.737059],[7.187859,50.737027],[7.187403,50.73702],[7.18695,50.736932]]],[[[7.187571,50.737358],[7.187582,50.737349],[7.187575,50.737354],[7.187571,50.737358]]]]},"properties":{"landuse_id":19588,"landuse_code":2600,"landuse":"Wald","environment":"forest","area_m2":82281}},{"type":"Feature","geometry":{"type":"Polygon","coordinates":[[[7.085719,50.708676],[7.085874,50.708915],[7.086028,50.709474],[7.086094,50.709464],[7.086168,50.710574],[7.086758,50.710458],[7.086868,50.710916],[7.087011,50.711201],[7.08799,50.711252],[7.088021,50.711445],[7.088694,50.711343],[7.088626,50.711132],[7.088668,50.711076],[7.088576,50.710978],[7.088587,50.71091],[7.088417,50.710842],[7.088403,50.710809],[7.088467,50.71076],[7.088458,50.710731],[7.088325,50.710694],[7.088315,50.710672],[7.08841,50.710629],[7.088417,50.710599],[7.088391,50.71058],[7.088106,50.710556],[7.087938,50.710368],[7.087859,50.710404],[7.087788,50.710362],[7.087796,50.710295],[7.087857,50.710285],[7.087865,50.71026],[7.087747,50.710124],[7.087847,50.710077],[7.08785,50.710051],[7.087772,50.709998],[7.08767,50.709862],[7.087624,50.709838],[7.087545,50.709837],[7.087464,50.709774],[7.087331,50.709405],[7.086857,50.709039],[7.086829,50.708967],[7.08677,50.708925],[7.086716,50.708696],[7.08675,50.708574],[7.086644,50.708541],[7.086588,50.708428],[7.086488,50.708366],[7.086474,50.708288],[7.086375,50.7082],[7.086335,50.708095],[7.08617,50.707903],[7.085989,50.707812],[7.085967,50.707688],[7.085881,50.707635],[7.085658,50.707586],[7.085569,50.70749],[7.085524,50.707367],[7.085548,50.707188],[7.085443,50.707092],[7.085395,50.707001],[7.085438,50.706869],[7.085317,50.706804],[7.085189,50.706675],[7.085088,50.706645],[7.085067,50.706571],[7.085007,50.706518],[7.084754,50.706458],[7.084764,50.706324],[7.084703,50.706295],[7.084701,50.706203],[7.084617,50.706158],[7.084696,50.706085],[7.084677,50.706052],[7.084575,50.706015],[7.084535,50.705882],[7.084323,50.705764],[7.08427,50.705694],[7.084278,50.705614],[7.084363,50.705552],[7.084361,50.705453],[7.084135,50.705324],[7.084132,50.705277],[7.084226,50.705107],[7.084209,50.705019],[7.084261,50.704935],[7.084101,50.70493],[7.084109,50.704957],[7.08405,50.705017],[7.084051,50.705137],[7.083354,50.705127],[7.083334,50.705282],[7.083596,50.705289],[7.083611,50.705524],[7.084047,50.70552],[7.084045,50.705728],[7.083644,50.705741],[7.083731,50.706029],[7.083967,50.706495],[7.083551,50.706573],[7.083566,50.70662],[7.083304,50.706653],[7.083518,50.707201],[7.084374,50.707074],[7.084798,50.707767],[7.084487,50.707898],[7.084652,50.708138],[7.085244,50.707985],[7.085719,50.708676]]]},"properties":{"landuse_id":20740,"landuse_code":2600,"landuse":"Wald","environment":"forest","area_m2":60283}}]}