{"type":"FeatureCollection","features":[{"type":"Feature","geometry":{"type":"MultiPolygon","coordinates":[[[[7.106259,50.741783],[7.10795,50.736266],[7.108211,50.735494],[7.108593,50.734653],[7.107879,50.73458],[7.107194,50.734587],[7.106703,50.734478],[7.106516,50.734894],[7.105574,50.734726],[7.105245,50.735361],[7.105016,50.735742],[7.10449,50.736509],[7.104165,50.736949],[7.103943,50.737194],[7.103736,50.737386],[7.098257,50.737433],[7.097844,50.737398],[7.097628,50.73736],[7.09728,50.737271],[7.096355,50.736979],[7.096529,50.737223],[7.096481,50.737447],[7.096239,50.737862],[7.096245,50.737913],[7.09681,50.73844],[7.097627,50.740108],[7.097747,50.740234],[7.097808,50.740273],[7.098347,50.74032],[7.098809,50.740111],[7.099153,50.740246],[7.101,50.741056],[7.101229,50.741174],[7.10147,50.741252],[7.101623,50.741273],[7.101782,50.74127],[7.10244,50.741207],[7.102769,50.741192],[7.103149,50.741195],[7.103367,50.741211],[7.10389,50.741298],[7.105505,50.741686],[7.105976,50.741776],[7.106259,50.741783]]]]},"properties":{"district_code":"110","district":"Zentrum-Rheinviertel","stadtbezirk":"Bonn"}},{"type":"Feature","geometry":{"type":"MultiPolygon","coordinates":[[[[7.09935,50.737428],[7.103736,50.737386],[7.103943,50.737194],[7.104165,50.736949],[7.10449,50.736509],[7.105016,50.735742],[7.105245,50.735361],[7.105574,50.734726],[7.106516,50.734894],[7.106641,50.734631],[7.105729,50.734443],[7.105426,50.734401],[7.104247,50.734176],[7.102059,50.732523],[7.10191,50.732469],[7.101401,50.732715],[7.100449,50.73195],[7.100546,50.731875],[7.100679,50.731829],[7.099342,50.730716],[7.098922,50.730785],[7.095194,50.731961],[7.095093,50.731984],[7.094876,50.731966],[7.094924,50.732126],[7.09493,50.732436],[7.094851,50.732722],[7.093118,50.733294],[7.088843,50.734636],[7.088947,50.73477],[7.089105,50.734725],[7.089265,50.734737],[7.089526,50.73469],[7.0898,50.734696],[7.089961,50.734721],[7.090836,50.734976],[7.092037,50.735346],[7.093374,50.735923],[7.094026,50.73616],[7.09532,50.736066],[7.09539,50.736155],[7.096108,50.736613],[7.096215,50.736697],[7.096308,50.736804],[7.096355,50.736979],[7.097406,50.737305],[7.097844,50.737398],[7.098257,50.737433],[7.09935,50.737428]]]]},"properties":{"district_code":"111","district":"Zentrum-Münsterviertel","stadtbezirk":"Bonn"}},{"type":"Feature","geometry":{"type":"MultiPolygon","coordinates":[[[[7.1057,50.742587],[7.10573,50.742528],[7.105993,50.742547],[7.106259,50.741783],[7.105976,50.741776],[7.105505,50.741686],[7.10389,50.741298],[7.103367,50.741211],[7.103149,50.741195],[7.102769,50.741192],[7.10244,50.741207],[7.101782,50.74127],[7.101623,50.741273],[7.10147,50.741252],[7.101229,50.741174],[7.101,50.741056],[7.099153,50.740246],[7.098218,50.74117],[7.098117,50.741246],[7.097785,50.7414],[7.096594,50.74175],[7.095328,50.742075],[7.093334,50.742623],[7.08994,50.743631],[7.090432,50.744095],[7.091039,50.744618],[7.091614,50.745037],[7.092199,50.745396],[7.092671,50.745651],[7.093605,50.746061],[7.094368,50.74633],[7.094852,50.746481],[7.095471,50.74663],[7.096076,50.746742],[7.099174,50.747191],[7.100641,50.747373],[7.101816,50.747545],[7.10265,50.747697],[7.103245,50.747831],[7.103687,50.747874],[7.103895,50.747308],[7.104211,50.746543],[7.104458,50.745845],[7.104979,50.744205],[7.105312,50.743267],[7.105584,50.742743],[7.1057,50.742587]]]]},"properties":{"district_code":"112","district":"Wichelshof","stadtbezirk":"Bonn"}},{"type":"Feature","geometry":{"type":"MultiPolygon","coordinates":[[[[7.09899,50.740407],[7.099153,50.740246],[7.098809,50.740111],[7.098347,50.74032],[7.097808,50.740273],[7.097747,50.740234],[7.097627,50.740108],[7.09681,50.73844],[7.096245,50.737913],[7.096239,50.737862],[7.096481,50.737447],[7.096529,50.737223],[7.096355,50.736979],[7.096308,50.736804],[7.096215,50.736697],[7.096108,50.736613],[7.095508,50.736237],[7.09539,50.736155],[7.09532,50.736066],[7.094026,50.73616],[7.093374,50.735923],[7.092037,50.735346],[7.089961,50.734721],[7.089728,50.73469],[7.089526,50.73469],[7.089265,50.734737],[7.089105,50.734725],[7.088947,50.73477],[7.088843,50.734636],[7.087684,50.734978],[7.087037,50.735149],[7.085992,50.735368],[7.086002,50.735743],[7.086046,50.735908],[7.086185,50.736348],[7.086545,50.737292],[7.088235,50.740956],[7.08857,50.74165],[7.088765,50.741976],[7.089474,50.743005],[7.08994,50.743631],[7.093334,50.742623],[7.095328,50.742075],[7.096594,50.74175],[7.097785,50.7414],[7.098117,50.741246],[7.098218,50.74117],[7.09899,50.740407]]]]},"properties":{"district_code":"113","district":"Vor dem Sterntor","stadtbezirk":"Bonn"}},{"type":"Feature","geometry":{"type":"MultiPolygon","coordinates":[[[[7.090186,50.743871],[7.08994,50.743631],[7.089138,50.743866],[7.088377,50.744114],[7.087461,50.744494],[7.086579,50.744969],[7.085819,50.74542],[7.084554,50.746184],[7.082269,50.747617],[7.079296,50.74939],[7.082795,50.75093],[7.084584,50.751633],[7.086145,50.752189],[7.087243,50.752547],[7.088911,50.753028],[7.089735,50.753242],[7.09227,50.753848],[7.094535,50.754321],[7.095215,50.754493],[7.096245,50.754833],[7.09682,50.755087],[7.09779,50.755586],[7.098916,50.754621],[7.100643,50.752932],[7.100865,50.752666],[7.101369,50.751992],[7.101906,50.751167],[7.102233,50.750625],[7.102769,50.749689],[7.103687,50.747874],[7.103245,50.747831],[7.10265,50.747697],[7.101816,50.747545],[7.100641,50.747373],[7.099174,50.747191],[7.096076,50.746742],[7.095471,50.74663],[7.094852,50.746481],[7.094368,50.74633],[7.093605,50.746061],[7.093074,50.745836],[7.092448,50.745538],[7.091614,50.745037],[7.091334,50.744842],[7.091039,50.744618],[7.090186,50.743871]]]]},"properties":{"district_code":"114","district":"Rheindorfer Vorstadt","stadtbezirk":"Bonn"}},{"type":"Feature","geometry":{"type":"MultiPolygon","coordinates":[[[[7.088765,50.741976],[7.08857,50.74165],[7.088235,50.740956],[7.086545,50.737292],[7.086185,50.736348],[7.086046,50.735908],[7.086002,50.735743],[7.085992,50.735368],[7.077942,50.737121],[7.073048,50.738217],[7.066546,50.739631],[7.06703,50.73997],[7.067477,50.74012],[7.068057,50.740233],[7.068147,50.74171],[7.068368,50.741722],[7.06833,50.741794],[7.068634,50.741864],[7.068693,50.74174],[7.071135,50.741877],[7.071583,50.741877],[7.0716,50.742503],[7.071639,50.742811],[7.071824,50.743477],[7.071975,50.743884],[7.072333,50.744546],[7.072704,50.745043],[7.073073,50.745471],[7.07355,50.745972],[7.073824,50.746233],[7.074138,50.746486],[7.074791,50.746952],[7.075696,50.747535],[7.076599,50.748044],[7.079296,50.74939],[7.082269,50.747617],[7.084554,50.746184],[7.086579,50.744969],[7.087461,50.744494],[7.08802,50.744255],[7.088377,50.744114],[7.089138,50.743866],[7.08994,50.743631],[7.089474,50.743005],[7.088765,50.741976]]]]},"properties":{"district_code":"115","district":"Ellerviertel","stadtbezirk":"Bonn"}},{"type":"Feature","geometry":{"type":"MultiPolygon","coordinates":[[[[7.087075,50.733825],[7.08694,50.733797],[7.086652,50.733818],[7.086232,50.7338],[7.085955,50.73375],[7.085797,50.733685],[7.084485,50.733023],[7.083734,50.732754],[7.08258,50.732399],[7.082293,50.732295],[7.082044,50.73217],[7.081698,50.731962],[7.080471,50.731112],[7.079588,50.730544],[7.079034,50.730232],[7.077713,50.729596],[7.077388,50.729404],[7.077095,50.729548],[7.076318,50.729996],[7.075808,50.730357],[7.075518,50.730602],[7.07523,50.730911],[7.074854,50.731388],[7.074682,50.731671],[7.074473,50.732176],[7.07433,50.732689],[7.074035,50.734295],[7.073859,50.734944],[7.072649,50.738302],[7.077942,50.737121],[7.085728,50.735419],[7.087037,50.735149],[7.087684,50.734978],[7.088843,50.734636],[7.088704,50.734473],[7.088869,50.734427],[7.088835,50.734358],[7.087075,50.733825]]]]},"properties":{"district_code":"116","district":"Bonn-Güterbahnhof","stadtbezirk":"Bonn"}},{"type":"Feature","geometry":{"type":"MultiPolygon","coordinates":[[[[7.090893,50.73399],[7.093118,50.733294],[7.094851,50.732722],[7.09493,50.732436],[7.094924,50.732126],[7.094876,50.731966],[7.095093,50.731984],[7.095194,50.731961],[7.098922,50.730785],[7.099342,50.730716],[7.0977,50.72943],[7.095936,50.728093],[7.093702,50.726341],[7.093638,50.726415],[7.092632,50.726538],[7.092356,50.726274],[7.090274,50.727342],[7.090888,50.727842],[7.090981,50.72787],[7.091328,50.728139],[7.090223,50.728752],[7.089351,50.728391],[7.089106,50.728552],[7.088823,50.728779],[7.087749,50.729717],[7.085263,50.728589],[7.085213,50.728615],[7.083306,50.727795],[7.083158,50.727743],[7.082006,50.727479],[7.081881,50.727433],[7.081602,50.727277],[7.081056,50.727693],[7.080823,50.727839],[7.080373,50.728076],[7.077651,50.729274],[7.077388,50.729404],[7.077713,50.729596],[7.079034,50.730232],[7.079588,50.730544],[7.080471,50.731112],[7.081698,50.731962],[7.082044,50.73217],[7.082293,50.732295],[7.08258,50.732399],[7.083734,50.732754],[7.084485,50.733023],[7.085797,50.733685],[7.085955,50.73375],[7.086232,50.7338],[7.086652,50.733818],[7.08694,50.733797],[7.087075,50.733825],[7.088835,50.734358],[7.088869,50.734427],[7.088704,50.734473],[7.088843,50.734636],[7.090893,50.73399]]]]},"properties":{"district_code":"117","district":"Baumschulviertel","stadtbezirk":"Bonn"}},{"type":"Feature","geometry":{"type":"MultiPolygon","coordinates":[[[[7.112496,50.720058],[7.112801,50.719742],[7.110828,50.720158],[7.106879,50.720858],[7.106513,50.720909],[7.104397,50.721119],[7.102705,50.721443],[7.100137,50.722014],[7.098629,50.722283],[7.094021,50.723044],[7.09519,50.724088],[7.095214,50.724149],[7.095214,50.724452],[7.095243,50.724523],[7.095366,50.724677],[7.095437,50.724869],[7.095505,50.72526],[7.093631,50.726274],[7.094042,50.726614],[7.095936,50.728093],[7.0977,50.72943],[7.09987,50.731143],[7.100179,50.73104],[7.100832,50.730787],[7.101554,50.730458],[7.102301,50.730013],[7.102932,50.729544],[7.103777,50.728772],[7.106359,50.726164],[7.108019,50.724532],[7.112496,50.720058]]]]},"properties":{"district_code":"118","district":"Bonner Talviertel","stadtbezirk":"Bonn"}},{"type":"Feature","geometry":{"type":"MultiPolygon","coordinates":[[[[7.108593,50.734653],[7.109585,50.732569],[7.109935,50.731884],[7.10969,50.731816],[7.110393,50.730664],[7.110487,50.730638],[7.110578,50.730532],[7.11073,50.730497],[7.110782,50.730438],[7.110781,50.730373],[7.110717,50.730313],[7.111618,50.728967],[7.111474,50.728912],[7.111216,50.728846],[7.111137,50.728791],[7.109708,50.728263],[7.110508,50.7271],[7.111561,50.725628],[7.113135,50.723485],[7.114349,50.722006],[7.114969,50.721313],[7.115481,50.720812],[7.115976,50.720358],[7.117688,50.718898],[7.11668,50.719113],[7.114796,50.719412],[7.114126,50.719505],[7.112801,50.719742],[7.108019,50.724532],[7.106359,50.726164],[7.103777,50.728772],[7.102932,50.729544],[7.102301,50.730013],[7.101554,50.730458],[7.100832,50.730787],[7.100179,50.73104],[7.09987,50.731143],[7.100679,50.731829],[7.100546,50.731875],[7.100449,50.73195],[7.101401,50.732715],[7.10191,50.732469],[7.102059,50.732523],[7.104247,50.734176],[7.105426,50.734401],[7.105729,50.734443],[7.106641,50.734631],[7.106703,50.734478],[7.107194,50.734587],[7.107879,50.73458],[7.108593,50.734653]]]]},"properties":{"district_code":"119","district":"Vor dem Koblenzer Tor","stadtbezirk":"Bonn"}},{"type":"Feature","geometry":{"type":"MultiPolygon","coordinates":[[[[7.073338,50.736409],[7.073859,50.734944],[7.074035,50.734295],[7.07433,50.732689],[7.074473,50.732176],[7.074682,50.731671],[7.074854,50.731388],[7.07523,50.730911],[7.075518,50.730602],[7.075808,50.730357],[7.076318,50.729996],[7.077095,50.729548],[7.077388,50.729404],[7.077087,50.729232],[7.076401,50.728881],[7.076214,50.728805],[7.074945,50.728541],[7.073536,50.728211],[7.072301,50.727801],[7.071449,50.727547],[7.068963,50.726943],[7.068123,50.726699],[7.06781,50.726592],[7.067201,50.726341],[7.066253,50.725891],[7.065446,50.725444],[7.064861,50.725064],[7.06389,50.724286],[7.063559,50.723982],[7.063282,50.723618],[7.063133,50.723323],[7.062683,50.72216],[7.062506,50.721778],[7.062271,50.72199],[7.061914,50.72222],[7.061518,50.722319],[7.060863,50.722807],[7.060301,50.723108],[7.060121,50.723249],[7.06047,50.723606],[7.058246,50.724528],[7.058725,50.724957],[7.057655,50.725418],[7.056747,50.725787],[7.056601,50.72586],[7.056838,50.726104],[7.057,50.726236],[7.05711,50.726435],[7.05587,50.726837],[7.055757,50.72693],[7.057028,50.729013],[7.059708,50.733322],[7.060485,50.734226],[7.061393,50.735072],[7.061611,50.735249],[7.06215,50.735625],[7.063279,50.736304],[7.063685,50.736519],[7.063888,50.736452],[7.064166,50.736435],[7.064349,50.736474],[7.065044,50.736758],[7.065591,50.736858],[7.065599,50.736933],[7.065542,50.737154],[7.065726,50.737335],[7.066066,50.737451],[7.066656,50.737619],[7.067805,50.737908],[7.069089,50.738164],[7.069558,50.738229],[7.070369,50.738296],[7.070874,50.7383],[7.071296,50.738285],[7.071576,50.73826],[7.072316,50.738157],[7.072734,50.73807],[7.073338,50.736409]]]]},"properties":{"district_code":"120","district":"Neu-Endenich","stadtbezirk":"Bonn"}},{"type":"Feature","geometry":{"type":"MultiPolygon","coordinates":[[[[7.07898,50.720712],[7.078203,50.720262],[7.077606,50.719948],[7.076427,50.719457],[7.07576,50.719227],[7.074891,50.718961],[7.071593,50.717979],[7.071172,50.718072],[7.071079,50.718225],[7.071024,50.718556],[7.070873,50.718941],[7.070819,50.719014],[7.070858,50.71906],[7.070849,50.71922],[7.070627,50.719464],[7.069902,50.719357],[7.069694,50.72043],[7.069189,50.720414],[7.069015,50.720433],[7.068785,50.720493],[7.068769,50.720381],[7.068477,50.720307],[7.066422,50.720006],[7.064846,50.719725],[7.065187,50.719319],[7.064208,50.719109],[7.063768,50.718767],[7.063182,50.718846],[7.061149,50.721112],[7.062217,50.721654],[7.062506,50.721778],[7.062683,50.72216],[7.063213,50.723488],[7.063465,50.723878],[7.063671,50.724091],[7.06389,50.724286],[7.064861,50.725064],[7.065446,50.725444],[7.066253,50.725891],[7.067201,50.726341],[7.06781,50.726592],[7.068123,50.726699],[7.068963,50.726943],[7.071449,50.727547],[7.072301,50.727801],[7.073536,50.728211],[7.074945,50.728541],[7.076214,50.728805],[7.076401,50.728881],[7.077087,50.729232],[7.077388,50.729404],[7.077651,50.729274],[7.080373,50.728076],[7.080823,50.727839],[7.081056,50.727693],[7.081602,50.727277],[7.081874,50.726984],[7.08205,50.726752],[7.082391,50.726182],[7.082522,50.725856],[7.0826,50.72555],[7.082625,50.725311],[7.082625,50.724989],[7.082545,50.724494],[7.082484,50.72429],[7.082365,50.724004],[7.082156,50.723627],[7.081726,50.723016],[7.08148,50.722742],[7.080997,50.722264],[7.080386,50.721723],[7.079669,50.721168],[7.07898,50.720712]]]]},"properties":{"district_code":"121","district":"Alt-Endenich","stadtbezirk":"Bonn"}},{"type":"Feature","geometry":{"type":"MultiPolygon","coordinates":[[[[7.088823,50.728779],[7.089106,50.728552],[7.089351,50.728391],[7.090223,50.728752],[7.091328,50.728139],[7.090981,50.72787],[7.090888,50.727842],[7.090274,50.727342],[7.092356,50.726274],[7.092632,50.726538],[7.093638,50.726415],[7.093702,50.726341],[7.093631,50.726274],[7.095505,50.72526],[7.095437,50.724869],[7.095366,50.724677],[7.095243,50.724523],[7.095214,50.724452],[7.095214,50.724149],[7.09519,50.724088],[7.094021,50.723044],[7.098629,50.722283],[7.097854,50.72123],[7.097299,50.720683],[7.096632,50.720107],[7.096051,50.719532],[7.0958,50.719268],[7.095691,50.719055],[7.095589,50.719],[7.095235,50.718994],[7.095085,50.718979],[7.094892,50.718931],[7.095293,50.718786],[7.095661,50.718623],[7.09593,50.718469],[7.096237,50.718243],[7.096354,50.718137],[7.09655,50.717911],[7.096627,50.717723],[7.096631,50.717599],[7.09655,50.717543],[7.096508,50.717323],[7.096724,50.717167],[7.097044,50.717019],[7.09739,50.71695],[7.097789,50.716765],[7.09791,50.7167],[7.098367,50.716353],[7.098778,50.716108],[7.098697,50.716038],[7.098677,50.71599],[7.098762,50.715733],[7.098791,50.715554],[7.098751,50.715463],[7.098616,50.715291],[7.09858,50.715122],[7.098491,50.714945],[7.098771,50.714698],[7.098983,50.714578],[7.099652,50.714302],[7.099704,50.714245],[7.099704,50.714209],[7.099669,50.714173],[7.099576,50.714172],[7.099313,50.714287],[7.099069,50.714366],[7.098863,50.714396],[7.09841,50.714431],[7.097879,50.714514],[7.097402,50.714614],[7.096618,50.714821],[7.096476,50.714841],[7.096337,50.714822],[7.09571,50.714493],[7.095605,50.714404],[7.095266,50.713953],[7.095066,50.713754],[7.09503,50.713677],[7.095037,50.713617],[7.09469,50.713432],[7.094304,50.712919],[7.094146,50.712807],[7.093966,50.71272],[7.093386,50.71249],[7.093247,50.712364],[7.093152,50.712192],[7.093083,50.712151],[7.09296,50.712143],[7.092783,50.71216],[7.092748,50.712431],[7.092805,50.712708],[7.093125,50.713538],[7.090392,50.71382],[7.090349,50.713754],[7.090086,50.713733],[7.089229,50.713624],[7.089177,50.713788],[7.089208,50.713905],[7.089049,50.714257],[7.088727,50.714214],[7.088546,50.714225],[7.088338,50.71448],[7.088191,50.714516],[7.088165,50.714616],[7.088138,50.714639],[7.08792,50.714747],[7.087527,50.714774],[7.087416,50.714804],[7.087281,50.714897],[7.086835,50.714871],[7.086865,50.714633],[7.083973,50.714499],[7.080855,50.714386],[7.080928,50.713577],[7.080997,50.713232],[7.081136,50.712731],[7.079553,50.712363],[7.079463,50.712363],[7.079375,50.712393],[7.079257,50.712486],[7.079152,50.712717],[7.079195,50.713018],[7.079204,50.713454],[7.079093,50.713663],[7.078508,50.714187],[7.078455,50.714253],[7.078441,50.714344],[7.078498,50.714452],[7.078398,50.714544],[7.078137,50.715135],[7.077977,50.715905],[7.078105,50.715921],[7.077927,50.716629],[7.077814,50.716968],[7.077665,50.717633],[7.077607,50.717695],[7.077462,50.717758],[7.077261,50.717551],[7.077106,50.717618],[7.076934,50.71763],[7.076836,50.717604],[7.076601,50.717489],[7.076506,50.71746],[7.075586,50.717365],[7.075468,50.717343],[7.075303,50.717277],[7.075222,50.717355],[7.075092,50.717686],[7.075048,50.718077],[7.075063,50.718256],[7.0724,50.717866],[7.071593,50.717979],[7.07576,50.719227],[7.076671,50.719552],[7.077606,50.719948],[7.078203,50.720262],[7.07898,50.720712],[7.079669,50.721168],[7.080386,50.721723],[7.080997,50.722264],[7.08148,50.722742],[7.081726,50.723016],[7.082156,50.723627],[7.082365,50.724004],[7.082484,50.72429],[7.082545,50.724494],[7.082625,50.724989],[7.082625,50.725311],[7.0826,50.72555],[7.082522,50.725856],[7.082391,50.726182],[7.08205,50.726752],[7.081874,50.726984],[7.081602,50.727277],[7.081881,50.727433],[7.082006,50.727479],[7.083158,50.727743],[7.083306,50.727795],[7.085213,50.728615],[7.085263,50.728589],[7.087749,50.729717],[7.088823,50.728779]]]]},"properties":{"district_code":"122","district":"Poppelsdorf","stadtbezirk":"Bonn"}},{"type":"Feature","geometry":{"type":"MultiPolygon","coordinates":[[[[7.113624,50.718915],[7.120172,50.712351],[7.120069,50.712295],[7.119796,50.712302],[7.119562,50.712246],[7.118393,50.71169],[7.118185,50.711546],[7.1177,50.711277],[7.117653,50.711222],[7.117995,50.710903],[7.11622,50.709948],[7.116196,50.709904],[7.11551,50.709533],[7.115355,50.709752],[7.115173,50.709903],[7.114124,50.709414],[7.113652,50.70923],[7.113251,50.70909],[7.112193,50.708793],[7.110646,50.708069],[7.109354,50.70742],[7.109245,50.707599],[7.108226,50.707116],[7.108076,50.707108],[7.107653,50.706992],[7.107546,50.706982],[7.10728,50.70689],[7.107286,50.706853],[7.106975,50.706749],[7.10665,50.706613],[7.106065,50.70634],[7.106129,50.70628],[7.105853,50.70611],[7.10527,50.705818],[7.104671,50.705621],[7.10371,50.705198],[7.103733,50.705174],[7.103379,50.705199],[7.103299,50.705331],[7.103191,50.705412],[7.103057,50.705482],[7.102814,50.705543],[7.102596,50.705551],[7.102516,50.70579],[7.103813,50.706388],[7.103664,50.706574],[7.103861,50.706707],[7.103788,50.706901],[7.10328,50.707533],[7.10325,50.707668],[7.103022,50.707963],[7.10313,50.708021],[7.103443,50.708131],[7.103915,50.708163],[7.103793,50.708394],[7.104076,50.70858],[7.103933,50.70859],[7.103721,50.708526],[7.103715,50.708579],[7.103775,50.708616],[7.103683,50.708657],[7.103607,50.708668],[7.102687,50.708595],[7.102578,50.709009],[7.102639,50.709167],[7.102648,50.709634],[7.102563,50.710056],[7.101465,50.709916],[7.100402,50.709692],[7.100316,50.709556],[7.097623,50.710941],[7.09754,50.711152],[7.097618,50.711304],[7.097722,50.711467],[7.097918,50.711661],[7.098067,50.711908],[7.098236,50.712086],[7.09827,50.712182],[7.0983,50.712299],[7.09832,50.713066],[7.09834,50.713098],[7.098557,50.713224],[7.09871,50.713398],[7.098993,50.713565],[7.099043,50.713626],[7.099109,50.713849],[7.099204,50.713939],[7.099362,50.714018],[7.099521,50.714044],[7.099637,50.714164],[7.09969,50.714185],[7.099704,50.714245],[7.099652,50.714302],[7.098914,50.714613],[7.098771,50.714698],[7.098491,50.714945],[7.09858,50.715122],[7.098616,50.715291],[7.098751,50.715463],[7.098791,50.715554],[7.098762,50.715733],[7.098677,50.71599],[7.098697,50.716038],[7.098778,50.716108],[7.098367,50.716353],[7.09791,50.7167],[7.097789,50.716765],[7.09739,50.71695],[7.097044,50.717019],[7.096724,50.717167],[7.096508,50.717323],[7.09655,50.717543],[7.096631,50.717599],[7.096627,50.717723],[7.09655,50.717911],[7.096354,50.718137],[7.096237,50.718243],[7.09593,50.718469],[7.095661,50.718623],[7.095293,50.718786],[7.094892,50.718931],[7.095085,50.718979],[7.095235,50.718994],[7.095589,50.719],[7.095691,50.719055],[7.0958,50.719268],[7.096051,50.719532],[7.096632,50.720107],[7.097299,50.720683],[7.097854,50.72123],[7.098629,50.722283],[7.100137,50.722014],[7.102705,50.721443],[7.104397,50.721119],[7.106513,50.720909],[7.106879,50.720858],[7.110828,50.720158],[7.112801,50.719742],[7.113624,50.718915]]]]},"properties":{"district_code":"123","district":"Kessenich","stadtbezirk":"Bonn"}},{"type":"Feature","geometry":{"type":"MultiPolygon","coordinates":[[[[7.120172,50.712351],[7.123927,50.708579],[7.127702,50.704823],[7.127576,50.70483],[7.127243,50.70465],[7.127245,50.704605],[7.127664,50.704405],[7.127323,50.704121],[7.127286,50.704047],[7.127069,50.703882],[7.126801,50.703635],[7.126057,50.70275],[7.125513,50.702352],[7.125132,50.702591],[7.124163,50.702019],[7.123688,50.701708],[7.12363,50.701732],[7.122694,50.701166],[7.122555,50.701126],[7.122482,50.701032],[7.122261,50.700903],[7.122177,50.70084],[7.122197,50.700824],[7.121965,50.700682],[7.121729,50.700806],[7.120734,50.700152],[7.120065,50.699798],[7.120255,50.699666],[7.119944,50.699486],[7.119826,50.699563],[7.119069,50.699171],[7.119201,50.699072],[7.118249,50.6988],[7.117324,50.698458],[7.117438,50.698368],[7.117725,50.698191],[7.118148,50.697845],[7.117911,50.69773],[7.117839,50.697671],[7.117754,50.697657],[7.117297,50.697449],[7.116638,50.697122],[7.116636,50.697086],[7.116771,50.696989],[7.116535,50.696907],[7.116297,50.696855],[7.116138,50.696883],[7.115943,50.696727],[7.115946,50.696668],[7.115692,50.696541],[7.115575,50.696517],[7.115335,50.696499],[7.115045,50.696284],[7.115054,50.696112],[7.115013,50.696014],[7.114927,50.695963],[7.114839,50.695953],[7.11475,50.695905],[7.114748,50.695848],[7.11467,50.695814],[7.114613,50.695751],[7.114501,50.695696],[7.114444,50.695616],[7.114762,50.695424],[7.114749,50.695381],[7.115359,50.694917],[7.114444,50.694612],[7.114007,50.694285],[7.113827,50.694294],[7.11377,50.694243],[7.113616,50.694214],[7.112567,50.69427],[7.111968,50.694404],[7.111238,50.694535],[7.111114,50.694573],[7.110889,50.69467],[7.110545,50.694897],[7.110083,50.695021],[7.109785,50.695154],[7.109495,50.695325],[7.109174,50.695478],[7.108975,50.695633],[7.10862,50.695827],[7.108604,50.696214],[7.10852,50.696633],[7.108713,50.696766],[7.108745,50.696844],[7.108711,50.696903],[7.108501,50.697045],[7.108479,50.697083],[7.108298,50.697645],[7.108103,50.698021],[7.107937,50.698476],[7.10771,50.69888],[7.107639,50.69896],[7.107623,50.699025],[7.107687,50.699392],[7.107691,50.699598],[7.1078,50.699758],[7.107824,50.700041],[7.107776,50.700168],[7.107551,50.700577],[7.107496,50.700853],[7.107374,50.701116],[7.107277,50.701211],[7.107058,50.701349],[7.106957,50.70139],[7.10668,50.701569],[7.106204,50.701729],[7.105879,50.701897],[7.105702,50.702041],[7.10525,50.702479],[7.105067,50.702514],[7.104697,50.702548],[7.104594,50.702575],[7.104378,50.702775],[7.104364,50.702816],[7.104469,50.703036],[7.104533,50.703295],[7.104441,50.703414],[7.10393,50.703785],[7.104632,50.704013],[7.104455,50.704685],[7.103757,50.704702],[7.103733,50.705174],[7.10371,50.705198],[7.104671,50.705621],[7.10527,50.705818],[7.105853,50.70611],[7.106129,50.70628],[7.106065,50.70634],[7.10665,50.706613],[7.106975,50.706749],[7.107286,50.706853],[7.10728,50.70689],[7.107546,50.706982],[7.107653,50.706992],[7.108076,50.707108],[7.108226,50.707116],[7.109245,50.707599],[7.109354,50.70742],[7.110646,50.708069],[7.112193,50.708793],[7.113251,50.70909],[7.113652,50.70923],[7.114124,50.709414],[7.115173,50.709903],[7.115355,50.709752],[7.11551,50.709533],[7.116196,50.709904],[7.11622,50.709948],[7.117995,50.710903],[7.117653,50.711222],[7.1177,50.711277],[7.118185,50.711546],[7.118393,50.71169],[7.119562,50.712246],[7.119796,50.712302],[7.120069,50.712295],[7.120172,50.712351]]]]},"properties":{"district_code":"124","district":"Dottendorf","stadtbezirk":"Bonn"}},{"type":"Feature","geometry":{"type":"MultiPolygon","coordinates":[[[[7.09827,50.712182],[7.098236,50.712086],[7.098067,50.711908],[7.097918,50.711661],[7.097722,50.711467],[7.097618,50.711304],[7.09754,50.711152],[7.097623,50.710941],[7.100316,50.709556],[7.100402,50.709692],[7.101465,50.709916],[7.102563,50.710056],[7.102648,50.709634],[7.102639,50.709167],[7.102578,50.709009],[7.102687,50.708595],[7.103607,50.708668],[7.103683,50.708657],[7.103775,50.708616],[7.103715,50.708579],[7.103721,50.708526],[7.103933,50.70859],[7.104076,50.70858],[7.103793,50.708394],[7.103915,50.708163],[7.103443,50.708131],[7.10313,50.708021],[7.103022,50.707963],[7.10325,50.707668],[7.10328,50.707533],[7.103788,50.706901],[7.103861,50.706707],[7.103664,50.706574],[7.103813,50.706388],[7.102516,50.70579],[7.102596,50.705551],[7.102814,50.705543],[7.103057,50.705482],[7.103191,50.705412],[7.103299,50.705331],[7.103379,50.705199],[7.103733,50.705174],[7.103757,50.704702],[7.104455,50.704685],[7.104632,50.704013],[7.10393,50.703785],[7.104441,50.703414],[7.104533,50.703295],[7.104469,50.703036],[7.104364,50.702816],[7.104378,50.702775],[7.104467,50.702692],[7.104594,50.702575],[7.104697,50.702548],[7.105067,50.702514],[7.10525,50.702479],[7.105702,50.702041],[7.105879,50.701897],[7.106204,50.701729],[7.10668,50.701569],[7.106957,50.70139],[7.107058,50.701349],[7.107277,50.701211],[7.107374,50.701116],[7.107496,50.700853],[7.107551,50.700577],[7.107776,50.700168],[7.107824,50.700041],[7.1078,50.699758],[7.107691,50.699598],[7.107687,50.699392],[7.107623,50.699025],[7.107639,50.69896],[7.10771,50.69888],[7.107937,50.698476],[7.108103,50.698021],[7.108298,50.697645],[7.108479,50.697083],[7.108501,50.697045],[7.108711,50.696903],[7.108745,50.696844],[7.108713,50.696766],[7.10852,50.696633],[7.108604,50.696214],[7.10862,50.695827],[7.108975,50.695633],[7.109174,50.695478],[7.109495,50.695325],[7.109785,50.695154],[7.110083,50.695021],[7.110545,50.694897],[7.110889,50.69467],[7.111238,50.694535],[7.111968,50.694404],[7.112567,50.69427],[7.113616,50.694214],[7.11377,50.694243],[7.113827,50.694294],[7.114007,50.694285],[7.1139,50.694243],[7.113822,50.694191],[7.113892,50.694124],[7.113736,50.693998],[7.113625,50.693569],[7.113096,50.693208],[7.112902,50.693165],[7.112331,50.693176],[7.111735,50.692959],[7.111335,50.692874],[7.111679,50.692523],[7.111914,50.691899],[7.111543,50.691789],[7.111304,50.691654],[7.111138,50.691644],[7.111004,50.691595],[7.110849,50.691588],[7.11066,50.691526],[7.110394,50.691501],[7.110245,50.691285],[7.110094,50.691225],[7.109905,50.691108],[7.109853,50.691007],[7.109727,50.690945],[7.109597,50.690702],[7.109598,50.690559],[7.109426,50.690478],[7.109343,50.690358],[7.109291,50.690212],[7.109363,50.689931],[7.109448,50.68989],[7.109414,50.689836],[7.109327,50.689853],[7.109185,50.689517],[7.108991,50.689286],[7.108988,50.68922],[7.108838,50.688919],[7.108602,50.688652],[7.108734,50.68839],[7.108649,50.688301],[7.108534,50.687931],[7.108155,50.687379],[7.107308,50.686441],[7.106522,50.686335],[7.105363,50.686116],[7.104118,50.686064],[7.101444,50.686136],[7.096217,50.686332],[7.096064,50.686297],[7.095373,50.686066],[7.094932,50.685992],[7.09415,50.685831],[7.092757,50.685514],[7.092429,50.68542],[7.092231,50.685355],[7.091223,50.684946],[7.090355,50.684678],[7.089752,50.684324],[7.089628,50.684353],[7.089439,50.684423],[7.086317,50.685851],[7.086241,50.68587],[7.085401,50.689337],[7.085622,50.689394],[7.0865,50.689831],[7.087228,50.690385],[7.087305,50.690238],[7.08845,50.690634],[7.088908,50.691055],[7.089557,50.691782],[7.089904,50.691764],[7.090246,50.692112],[7.090878,50.692904],[7.090116,50.693602],[7.089663,50.694303],[7.089527,50.694356],[7.090076,50.694681],[7.091093,50.695669],[7.091039,50.695847],[7.091054,50.69588],[7.090974,50.696227],[7.090922,50.696334],[7.090925,50.69639],[7.090845,50.696521],[7.090882,50.696542],[7.09077,50.696635],[7.09076,50.696666],[7.090749,50.696767],[7.090707,50.696852],[7.090703,50.697016],[7.090606,50.697056],[7.090567,50.697079],[7.090562,50.697109],[7.090484,50.697145],[7.09045,50.697234],[7.09053,50.697251],[7.09059,50.697388],[7.090653,50.697403],[7.090662,50.697418],[7.09062,50.697508],[7.090557,50.697551],[7.090591,50.697629],[7.090651,50.697682],[7.090637,50.6977],[7.090566,50.6977],[7.090493,50.697735],[7.090523,50.697806],[7.090401,50.697906],[7.09041,50.697932],[7.090474,50.697978],[7.090459,50.698015],[7.090537,50.698067],[7.090503,50.698111],[7.090534,50.698593],[7.090496,50.698632],[7.090494,50.698781],[7.090513,50.698952],[7.090566,50.699008],[7.090561,50.699123],[7.090549,50.699143],[7.090462,50.69918],[7.090432,50.699225],[7.090349,50.699259],[7.090358,50.69928],[7.090412,50.699297],[7.090405,50.699317],[7.090313,50.69933],[7.090185,50.699386],[7.090167,50.69942],[7.090183,50.699442],[7.090214,50.699444],[7.090206,50.699527],[7.090094,50.699547],[7.090003,50.699588],[7.089962,50.6997],[7.089981,50.699749],[7.090022,50.699784],[7.090002,50.699869],[7.089899,50.69992],[7.089873,50.699958],[7.089788,50.69999],[7.089797,50.700076],[7.089686,50.700179],[7.089695,50.700233],[7.089635,50.700268],[7.089613,50.700416],[7.089512,50.700449],[7.089499,50.700508],[7.089296,50.700554],[7.089304,50.700619],[7.089274,50.700633],[7.089192,50.700617],[7.089159,50.700629],[7.089142,50.700756],[7.08901,50.700815],[7.088998,50.700863],[7.088756,50.700958],[7.088617,50.701042],[7.088559,50.701097],[7.088554,50.701131],[7.088466,50.701165],[7.088446,50.701201],[7.088253,50.701211],[7.088146,50.701268],[7.088073,50.70127],[7.087878,50.701405],[7.087648,50.701453],[7.087561,50.701496],[7.087556,50.701524],[7.087479,50.701534],[7.087438,50.701584],[7.087385,50.701608],[7.087376,50.701671],[7.087237,50.701746],[7.087235,50.701775],[7.087205,50.701793],[7.087019,50.701872],[7.087,50.701886],[7.087006,50.70192],[7.086934,50.701969],[7.086712,50.702039],[7.086698,50.702073],[7.086511,50.702161],[7.086335,50.702181],[7.086276,50.702239],[7.086107,50.702294],[7.086051,50.702335],[7.086045,50.702381],[7.085998,50.702404],[7.0859,50.702403],[7.085754,50.702461],[7.085795,50.702525],[7.085678,50.702635],[7.085441,50.702646],[7.085367,50.702665],[7.085314,50.702701],[7.085269,50.702928],[7.085248,50.703112],[7.085261,50.70315],[7.085183,50.703282],[7.08499,50.703418],[7.084897,50.703553],[7.084919,50.703597],[7.084868,50.703803],[7.084785,50.703867],[7.084779,50.703934],[7.084689,50.70401],[7.084664,50.704113],[7.084539,50.704182],[7.084569,50.704262],[7.084548,50.704302],[7.084403,50.704397],[7.084284,50.704416],[7.084308,50.704537],[7.08428,50.704564],[7.084217,50.704578],[7.084191,50.704676],[7.084206,50.704721],[7.08432,50.704769],[7.08437,50.704808],[7.084351,50.704894],[7.084261,50.704935],[7.084224,50.704973],[7.084209,50.705019],[7.084226,50.705107],[7.084191,50.7052],[7.084132,50.705277],[7.084135,50.705324],[7.08418,50.70536],[7.084338,50.705431],[7.084374,50.705533],[7.08433,50.70559],[7.084281,50.705601],[7.084264,50.705629],[7.084281,50.705656],[7.084354,50.705681],[7.084436,50.705676],[7.084508,50.705709],[7.084546,50.705754],[7.084521,50.705834],[7.084553,50.706011],[7.084679,50.706057],[7.084688,50.706093],[7.084617,50.706158],[7.084701,50.706203],[7.084716,50.706236],[7.084703,50.706295],[7.084764,50.706324],[7.084754,50.706458],[7.084939,50.706489],[7.085007,50.706518],[7.085067,50.706571],[7.085088,50.706645],[7.085122,50.706666],[7.085189,50.706675],[7.085317,50.706804],[7.085438,50.706869],[7.085447,50.706896],[7.085395,50.707001],[7.085443,50.707092],[7.085548,50.707188],[7.085524,50.707367],[7.085569,50.70749],[7.085658,50.707586],[7.085881,50.707635],[7.085928,50.707659],[7.085967,50.707688],[7.085986,50.707734],[7.085989,50.707812],[7.08617,50.707903],[7.086215,50.707975],[7.086335,50.708095],[7.086375,50.7082],[7.086474,50.708288],[7.086488,50.708366],[7.086588,50.708428],[7.086644,50.708541],[7.08675,50.708574],[7.08672,50.708736],[7.08677,50.708925],[7.086829,50.708967],[7.086857,50.709039],[7.086973,50.709136],[7.087107,50.709214],[7.087191,50.709309],[7.087331,50.709405],[7.087379,50.709544],[7.087417,50.709583],[7.087437,50.709741],[7.087498,50.709809],[7.087545,50.709837],[7.087624,50.709838],[7.08767,50.709862],[7.087768,50.709999],[7.087842,50.710038],[7.087858,50.710063],[7.087838,50.710084],[7.087747,50.710124],[7.087829,50.710198],[7.087865,50.71026],[7.087857,50.710285],[7.087796,50.710295],[7.087788,50.710362],[7.087859,50.710404],[7.087938,50.710368],[7.087972,50.710423],[7.088042,50.710458],[7.088106,50.710556],[7.088391,50.71058],[7.088417,50.710599],[7.08841,50.710629],[7.088315,50.710672],[7.088325,50.710694],[7.088458,50.710731],[7.088467,50.71076],[7.088403,50.710809],[7.088417,50.710842],[7.088587,50.71091],[7.088576,50.710978],[7.088668,50.711076],[7.088626,50.711132],[7.088715,50.711383],[7.088736,50.711673],[7.088646,50.711746],[7.0887,50.71196],[7.088652,50.712005],[7.08881,50.712133],[7.088798,50.712254],[7.088815,50.712369],[7.088888,50.712489],[7.088959,50.712511],[7.089081,50.712599],[7.08911,50.712666],[7.089218,50.712736],[7.089202,50.712969],[7.089245,50.713031],[7.089257,50.713219],[7.089229,50.713624],[7.090086,50.713733],[7.090349,50.713754],[7.090392,50.71382],[7.093125,50.713538],[7.092805,50.712708],[7.092748,50.712431],[7.092783,50.71216],[7.09296,50.712143],[7.093083,50.712151],[7.093152,50.712192],[7.093247,50.712364],[7.093386,50.71249],[7.093966,50.71272],[7.094146,50.712807],[7.094304,50.712919],[7.09469,50.713432],[7.095037,50.713617],[7.09503,50.713677],[7.095066,50.713754],[7.095266,50.713953],[7.095605,50.714404],[7.09571,50.714493],[7.096271,50.714797],[7.096403,50.714836],[7.096545,50.714835],[7.097402,50.714614],[7.097879,50.714514],[7.09841,50.714431],[7.098863,50.714396],[7.099069,50.714366],[7.099313,50.714287],[7.099576,50.714172],[7.099637,50.714164],[7.099521,50.714044],[7.099362,50.714018],[7.099204,50.713939],[7.099109,50.713849],[7.099043,50.713626],[7.098993,50.713565],[7.09871,50.713398],[7.098557,50.713224],[7.09834,50.713098],[7.09832,50.713066],[7.0983,50.712299],[7.09827,50.712182]]]]},"properties":{"district_code":"125","district":"Venusberg","stadtbezirk":"Bonn"}},{"type":"Feature","geometry":{"type":"MultiPolygon","coordinates":[[[[7.088546,50.714225],[7.088727,50.714214],[7.089049,50.714257],[7.089208,50.713905],[7.089177,50.713788],[7.089229,50.713624],[7.089257,50.713219],[7.089245,50.713031],[7.089202,50.712969],[7.089218,50.712736],[7.08911,50.712666],[7.089081,50.712599],[7.088959,50.712511],[7.088888,50.712489],[7.088815,50.712369],[7.088798,50.712254],[7.08881,50.712133],[7.088652,50.712005],[7.0887,50.71196],[7.088646,50.711746],[7.088736,50.711673],[7.088715,50.711383],[7.088626,50.711132],[7.088668,50.711076],[7.088657,50.711051],[7.088597,50.711017],[7.088576,50.710978],[7.088587,50.71091],[7.088417,50.710842],[7.088403,50.710809],[7.088467,50.71076],[7.088458,50.710731],[7.088325,50.710694],[7.088315,50.710672],[7.08841,50.710629],[7.088417,50.710599],[7.088391,50.71058],[7.088106,50.710556],[7.088042,50.710458],[7.087972,50.710423],[7.087938,50.710368],[7.087859,50.710404],[7.087788,50.710362],[7.087796,50.710295],[7.087857,50.710285],[7.087865,50.71026],[7.087829,50.710198],[7.087747,50.710124],[7.087858,50.710063],[7.087811,50.710013],[7.087768,50.709999],[7.08767,50.709862],[7.087624,50.709838],[7.087545,50.709837],[7.087464,50.709774],[7.087437,50.709741],[7.087417,50.709583],[7.087379,50.709544],[7.087331,50.709405],[7.087191,50.709309],[7.087107,50.709214],[7.086973,50.709136],[7.086857,50.709039],[7.086829,50.708967],[7.08677,50.708925],[7.086716,50.708696],[7.08675,50.708574],[7.086644,50.708541],[7.086588,50.708428],[7.086488,50.708366],[7.086474,50.708288],[7.086375,50.7082],[7.086335,50.708095],[7.086215,50.707975],[7.08617,50.707903],[7.085989,50.707812],[7.085967,50.707688],[7.085881,50.707635],[7.085658,50.707586],[7.085569,50.70749],[7.085524,50.707367],[7.085548,50.707188],[7.085443,50.707092],[7.085395,50.707001],[7.085447,50.706896],[7.085438,50.706869],[7.085317,50.706804],[7.085189,50.706675],[7.085122,50.706666],[7.085088,50.706645],[7.085067,50.706571],[7.085007,50.706518],[7.084939,50.706489],[7.084754,50.706458],[7.084764,50.706324],[7.084703,50.706295],[7.084716,50.706236],[7.084701,50.706203],[7.084617,50.706158],[7.084688,50.706093],[7.084679,50.706057],[7.084553,50.706011],[7.084521,50.705834],[7.084546,50.705754],[7.084508,50.705709],[7.084436,50.705676],[7.084354,50.705681],[7.084281,50.705656],[7.084264,50.705629],[7.084281,50.705601],[7.08433,50.70559],[7.084374,50.705533],[7.084338,50.705431],[7.08418,50.70536],[7.084135,50.705324],[7.084132,50.705277],[7.084191,50.7052],[7.084226,50.705107],[7.084209,50.705019],[7.084224,50.704973],[7.084261,50.704935],[7.084351,50.704894],[7.08437,50.704808],[7.08432,50.704769],[7.084206,50.704721],[7.084191,50.704676],[7.084217,50.704578],[7.08428,50.704564],[7.084308,50.704537],[7.084284,50.704416],[7.084403,50.704397],[7.084548,50.704302],[7.084569,50.704262],[7.084539,50.704182],[7.084664,50.704113],[7.084689,50.70401],[7.084779,50.703934],[7.084785,50.703867],[7.084868,50.703803],[7.084919,50.703597],[7.084897,50.703553],[7.08499,50.703418],[7.085183,50.703282],[7.085261,50.70315],[7.085248,50.703112],[7.085269,50.702928],[7.085314,50.702701],[7.085367,50.702665],[7.085441,50.702646],[7.085678,50.702635],[7.085795,50.702525],[7.085754,50.702461],[7.0859,50.702403],[7.085998,50.702404],[7.086045,50.702381],[7.086051,50.702335],[7.086107,50.702294],[7.086276,50.702239],[7.086335,50.702181],[7.086511,50.702161],[7.086698,50.702073],[7.086712,50.702039],[7.086934,50.701969],[7.087006,50.70192],[7.087,50.701886],[7.087019,50.701872],[7.087205,50.701793],[7.087235,50.701775],[7.087237,50.701746],[7.087376,50.701671],[7.087385,50.701608],[7.087438,50.701584],[7.087479,50.701534],[7.087556,50.701524],[7.087561,50.701496],[7.087648,50.701453],[7.087878,50.701405],[7.088073,50.70127],[7.088146,50.701268],[7.088253,50.701211],[7.088446,50.701201],[7.088466,50.701165],[7.088554,50.701131],[7.088559,50.701097],[7.088617,50.701042],[7.088756,50.700958],[7.088998,50.700863],[7.08901,50.700815],[7.089142,50.700756],[7.089159,50.700629],[7.089192,50.700617],[7.089274,50.700633],[7.089304,50.700619],[7.089296,50.700554],[7.089499,50.700508],[7.089512,50.700449],[7.089613,50.700416],[7.089635,50.700268],[7.089695,50.700233],[7.089686,50.700179],[7.089797,50.700076],[7.089788,50.69999],[7.089873,50.699958],[7.089899,50.69992],[7.090002,50.699869],[7.090022,50.699784],[7.089981,50.699749],[7.089962,50.6997],[7.090003,50.699588],[7.090094,50.699547],[7.090206,50.699527],[7.090214,50.699444],[7.090183,50.699442],[7.090167,50.69942],[7.090185,50.699386],[7.090313,50.69933],[7.090405,50.699317],[7.090412,50.699297],[7.090358,50.69928],[7.090349,50.699259],[7.090432,50.699225],[7.090462,50.69918],[7.090549,50.699143],[7.090561,50.699123],[7.090566,50.699008],[7.090513,50.698952],[7.090494,50.698781],[7.090496,50.698632],[7.090534,50.698593],[7.090503,50.698111],[7.090537,50.698067],[7.090459,50.698015],[7.090474,50.697978],[7.09041,50.697932],[7.090401,50.697906],[7.090523,50.697806],[7.090493,50.697735],[7.090566,50.6977],[7.090637,50.6977],[7.090651,50.697682],[7.090591,50.697629],[7.090557,50.697551],[7.09062,50.697508],[7.090662,50.697418],[7.090653,50.697403],[7.09059,50.697388],[7.09053,50.697251],[7.09045,50.697234],[7.090484,50.697145],[7.090562,50.697109],[7.090567,50.697079],[7.090606,50.697056],[7.090703,50.697016],[7.090707,50.696852],[7.090749,50.696767],[7.09076,50.696666],[7.09077,50.696635],[7.090882,50.696542],[7.090845,50.696521],[7.090925,50.69639],[7.090922,50.696334],[7.090974,50.696227],[7.091054,50.69588],[7.091039,50.695847],[7.091093,50.695669],[7.090076,50.694681],[7.089527,50.694356],[7.089663,50.694303],[7.090116,50.693602],[7.090878,50.692904],[7.090246,50.692112],[7.089904,50.691764],[7.089557,50.691782],[7.088908,50.691055],[7.08845,50.690634],[7.087305,50.690238],[7.087228,50.690385],[7.0865,50.689831],[7.085622,50.689394],[7.085401,50.689337],[7.086241,50.68587],[7.084225,50.684844],[7.083607,50.684584],[7.082871,50.684219],[7.081648,50.68367],[7.081393,50.683482],[7.081331,50.683532],[7.081339,50.683564],[7.081316,50.683598],[7.081235,50.683662],[7.081191,50.683798],[7.081112,50.68385],[7.08087,50.683929],[7.080845,50.683951],[7.080816,50.684115],[7.080788,50.684143],[7.080645,50.6842],[7.080538,50.684491],[7.080494,50.684553],[7.080499,50.684585],[7.080563,50.684648],[7.080491,50.684808],[7.080521,50.685132],[7.080498,50.685178],[7.080532,50.685227],[7.080516,50.685331],[7.08047,50.685389],[7.080495,50.685601],[7.080477,50.685632],[7.080403,50.685667],[7.080375,50.6857],[7.080368,50.685779],[7.080195,50.685888],[7.080197,50.685917],[7.080223,50.685935],[7.080409,50.685969],[7.080458,50.68602],[7.080454,50.686057],[7.08036,50.68615],[7.080343,50.6862],[7.080341,50.686331],[7.080388,50.686429],[7.080346,50.686493],[7.080336,50.686553],[7.080316,50.686578],[7.080277,50.686584],[7.080192,50.686568],[7.080175,50.686587],[7.080279,50.686702],[7.080204,50.686778],[7.080206,50.686802],[7.080266,50.686841],[7.080211,50.686907],[7.08023,50.686959],[7.080213,50.686995],[7.080145,50.686997],[7.080104,50.687019],[7.080105,50.687119],[7.080086,50.687139],[7.079998,50.687158],[7.079914,50.687246],[7.079865,50.687273],[7.079815,50.687282],[7.079729,50.687273],[7.079671,50.68723],[7.079644,50.687154],[7.079572,50.687148],[7.079379,50.687296],[7.079145,50.687364],[7.07904,50.687493],[7.079198,50.687572],[7.079214,50.687594],[7.079186,50.687642],[7.079149,50.687652],[7.079069,50.68763],[7.078988,50.687566],[7.07897,50.687512],[7.078883,50.687519],[7.078823,50.687558],[7.078727,50.687564],[7.078703,50.68758],[7.078837,50.687791],[7.07883,50.687838],[7.078853,50.68788],[7.078923,50.687922],[7.07894,50.687955],[7.078898,50.687999],[7.078728,50.688007],[7.078623,50.68807],[7.078595,50.688114],[7.078648,50.688159],[7.078876,50.688184],[7.078857,50.688293],[7.07862,50.688296],[7.078499,50.688255],[7.078465,50.688264],[7.078453,50.688288],[7.078529,50.688373],[7.078577,50.688474],[7.078513,50.688558],[7.078518,50.688585],[7.078538,50.688608],[7.078667,50.688645],[7.078754,50.688705],[7.078753,50.688748],[7.078693,50.688783],[7.078643,50.68884],[7.078616,50.688849],[7.078521,50.688836],[7.078498,50.688887],[7.078518,50.688951],[7.078547,50.688967],[7.078764,50.688996],[7.078746,50.689071],[7.078681,50.689115],[7.078673,50.689145],[7.07875,50.689212],[7.07874,50.689242],[7.078674,50.689268],[7.07849,50.689235],[7.078402,50.689237],[7.078367,50.689262],[7.078329,50.689398],[7.07818,50.689464],[7.078131,50.68947],[7.078047,50.689423],[7.077946,50.689393],[7.077885,50.689446],[7.077794,50.689484],[7.077777,50.689513],[7.077783,50.689607],[7.077808,50.689644],[7.077788,50.689698],[7.078,50.689834],[7.078012,50.689864],[7.077938,50.689961],[7.077917,50.690207],[7.077729,50.690497],[7.07763,50.690598],[7.077414,50.69067],[7.077247,50.690861],[7.07716,50.690818],[7.077128,50.690813],[7.077092,50.690831],[7.077018,50.690951],[7.07706,50.691014],[7.077207,50.691109],[7.077223,50.69114],[7.077218,50.691167],[7.077091,50.69123],[7.077103,50.691393],[7.07708,50.691433],[7.07702,50.691464],[7.07702,50.691485],[7.077153,50.691648],[7.077201,50.691653],[7.077367,50.691615],[7.077422,50.691613],[7.077453,50.691636],[7.077346,50.691749],[7.077156,50.691894],[7.077122,50.691905],[7.076969,50.691872],[7.076912,50.691879],[7.076796,50.691957],[7.076803,50.691984],[7.076894,50.692034],[7.076914,50.692224],[7.076984,50.692244],[7.077079,50.692237],[7.077118,50.692251],[7.077137,50.69228],[7.077124,50.692306],[7.077013,50.69236],[7.07699,50.692393],[7.077008,50.692546],[7.076985,50.692566],[7.076831,50.692543],[7.076807,50.692559],[7.076785,50.692839],[7.076714,50.692835],[7.076654,50.692798],[7.076575,50.692823],[7.076496,50.69299],[7.076474,50.693109],[7.076492,50.693139],[7.076638,50.693243],[7.076819,50.693229],[7.076914,50.693255],[7.076791,50.693438],[7.076617,50.693444],[7.076469,50.693594],[7.076488,50.693613],[7.076595,50.693624],[7.076642,50.693679],[7.076666,50.693773],[7.076623,50.693803],[7.076449,50.693849],[7.076331,50.694194],[7.076345,50.694347],[7.076385,50.694374],[7.076502,50.694401],[7.076497,50.69443],[7.076373,50.694558],[7.076253,50.69463],[7.076012,50.694629],[7.076006,50.694701],[7.075707,50.694653],[7.075678,50.694664],[7.07565,50.694716],[7.075604,50.694749],[7.075451,50.694788],[7.075426,50.694823],[7.075394,50.695064],[7.075395,50.695256],[7.075354,50.695285],[7.07529,50.695295],[7.075093,50.695253],[7.075066,50.695258],[7.074971,50.695391],[7.074882,50.695384],[7.074771,50.695439],[7.074774,50.695558],[7.0747,50.69577],[7.074619,50.695809],[7.074523,50.695829],[7.074533,50.696182],[7.074589,50.696222],[7.074668,50.69623],[7.074797,50.696153],[7.074842,50.69616],[7.07486,50.696283],[7.074684,50.696327],[7.074634,50.696353],[7.074726,50.696414],[7.074598,50.696512],[7.074497,50.696543],[7.074381,50.696545],[7.074432,50.696617],[7.07433,50.696807],[7.074259,50.69683],[7.07421,50.696875],[7.074198,50.696924],[7.074272,50.69701],[7.074316,50.697035],[7.074381,50.697034],[7.074547,50.696998],[7.074585,50.697009],[7.074583,50.697034],[7.074505,50.697106],[7.074506,50.697226],[7.074445,50.69728],[7.07432,50.697317],[7.074284,50.697357],[7.074425,50.697495],[7.074341,50.697565],[7.074314,50.697687],[7.074341,50.697801],[7.074512,50.69797],[7.074494,50.69802],[7.074422,50.698079],[7.074311,50.698102],[7.074223,50.698097],[7.073936,50.698019],[7.073894,50.698029],[7.07387,50.698056],[7.07387,50.698153],[7.07367,50.698331],[7.0736,50.698458],[7.073498,50.698548],[7.073267,50.698572],[7.072979,50.698737],[7.072849,50.698937],[7.072875,50.699107],[7.07284,50.699316],[7.072731,50.699577],[7.072859,50.699616],[7.072943,50.699678],[7.073059,50.699834],[7.073104,50.699946],[7.073179,50.699922],[7.073271,50.699924],[7.07336,50.699938],[7.073452,50.699975],[7.073503,50.699865],[7.073962,50.699846],[7.074,50.699897],[7.074835,50.699836],[7.074891,50.700391],[7.074907,50.701029],[7.074948,50.701465],[7.075213,50.702092],[7.075288,50.702139],[7.075766,50.702573],[7.075599,50.702634],[7.07551,50.702715],[7.075474,50.702802],[7.0753,50.703401],[7.075392,50.703429],[7.075283,50.703894],[7.075966,50.703873],[7.076032,50.70498],[7.075942,50.705061],[7.075938,50.705141],[7.075967,50.705192],[7.075968,50.705489],[7.075938,50.706384],[7.076341,50.706392],[7.076297,50.706781],[7.077177,50.706776],[7.077124,50.707045],[7.076969,50.707573],[7.076798,50.708473],[7.076814,50.708631],[7.077956,50.708746],[7.077763,50.709284],[7.077594,50.709865],[7.077671,50.710048],[7.078297,50.710192],[7.078578,50.710289],[7.078672,50.710418],[7.078201,50.710661],[7.078749,50.71076],[7.078743,50.710958],[7.078619,50.711634],[7.079083,50.71172],[7.078929,50.712063],[7.078692,50.712021],[7.078582,50.712377],[7.079293,50.712451],[7.079419,50.712374],[7.079506,50.712357],[7.079553,50.712363],[7.081136,50.712731],[7.080997,50.713232],[7.080928,50.713577],[7.080855,50.714386],[7.083973,50.714499],[7.086865,50.714633],[7.086835,50.714871],[7.087281,50.714897],[7.087416,50.714804],[7.087527,50.714774],[7.08792,50.714747],[7.088138,50.714639],[7.088165,50.714616],[7.088191,50.714516],[7.088338,50.71448],[7.088546,50.714225]]]]},"properties":{"district_code":"126","district":"Ippendorf","stadtbezirk":"Bonn"}},{"type":"Feature","geometry":{"type":"MultiPolygon","coordinates":[[[[7.076584,50.686427],[7.076718,50.686128],[7.077167,50.686176],[7.07723,50.686227],[7.077261,50.686316],[7.078485,50.686431],[7.079109,50.68658],[7.079452,50.686723],[7.080104,50.687045],[7.080104,50.687019],[7.080145,50.686997],[7.080213,50.686995],[7.08023,50.686959],[7.080211,50.686907],[7.080266,50.686841],[7.080206,50.686802],[7.080204,50.686778],[7.080279,50.686702],[7.080175,50.686587],[7.080192,50.686568],[7.080277,50.686584],[7.080316,50.686578],[7.080336,50.686553],[7.080346,50.686493],[7.080388,50.686429],[7.080341,50.686331],[7.080343,50.6862],[7.08036,50.68615],[7.080454,50.686057],[7.080458,50.68602],[7.080409,50.685969],[7.080223,50.685935],[7.080197,50.685917],[7.080195,50.685888],[7.080368,50.685779],[7.080375,50.6857],[7.080403,50.685667],[7.080477,50.685632],[7.080495,50.685601],[7.08047,50.685389],[7.080516,50.685331],[7.080532,50.685227],[7.080498,50.685178],[7.080521,50.685132],[7.080491,50.684808],[7.080563,50.684648],[7.080499,50.684585],[7.080494,50.684553],[7.080538,50.684491],[7.080645,50.6842],[7.080788,50.684143],[7.080816,50.684115],[7.080845,50.683951],[7.08087,50.683929],[7.081112,50.68385],[7.081191,50.683798],[7.081235,50.683662],[7.081316,50.683598],[7.081339,50.683564],[7.081331,50.683532],[7.081393,50.683482],[7.081648,50.68367],[7.082871,50.684219],[7.083607,50.684584],[7.08361,50.684406],[7.083688,50.684203],[7.083714,50.683912],[7.083877,50.683747],[7.083886,50.683526],[7.08396,50.683275],[7.083973,50.683053],[7.084032,50.682943],[7.084261,50.682643],[7.084339,50.68249],[7.084336,50.682209],[7.084394,50.682113],[7.084672,50.681841],[7.085096,50.681639],[7.085347,50.681537],[7.085846,50.681221],[7.085899,50.68116],[7.085929,50.681063],[7.085878,50.680825],[7.085791,50.680617],[7.085779,50.680509],[7.085804,50.680434],[7.086083,50.679944],[7.086228,50.679243],[7.086126,50.678479],[7.085753,50.67796],[7.084582,50.676693],[7.084381,50.676398],[7.08434,50.676308],[7.084309,50.676047],[7.084161,50.675878],[7.084114,50.67579],[7.084101,50.675675],[7.084139,50.675569],[7.08415,50.675345],[7.083981,50.674969],[7.083981,50.674875],[7.083876,50.674511],[7.083907,50.674396],[7.08412,50.67411],[7.084183,50.673984],[7.084171,50.673891],[7.084065,50.673747],[7.084077,50.673449],[7.083589,50.673085],[7.083233,50.672789],[7.082898,50.672433],[7.082391,50.671972],[7.082035,50.671855],[7.081983,50.671775],[7.081978,50.671532],[7.082026,50.671465],[7.082234,50.671298],[7.084108,50.668993],[7.077486,50.666834],[7.075885,50.666333],[7.064001,50.670545],[7.062675,50.671119],[7.062225,50.671329],[7.062348,50.67193],[7.062412,50.672466],[7.062402,50.673316],[7.062339,50.673995],[7.062268,50.674343],[7.06219,50.674662],[7.061964,50.675324],[7.061839,50.675633],[7.061356,50.676524],[7.060223,50.678175],[7.05927,50.679509],[7.058626,50.68049],[7.059101,50.680218],[7.058879,50.680642],[7.058578,50.681079],[7.058327,50.681502],[7.057884,50.682345],[7.057773,50.682578],[7.057411,50.683497],[7.057316,50.683815],[7.05707,50.68474],[7.056934,50.685782],[7.056894,50.686208],[7.056887,50.686682],[7.056921,50.687242],[7.057014,50.687885],[7.057189,50.688691],[7.057311,50.689107],[7.061058,50.688514],[7.061954,50.688335],[7.064724,50.68793],[7.068214,50.687476],[7.069041,50.687401],[7.072069,50.687057],[7.076584,50.686427]]]]},"properties":{"district_code":"127","district":"Röttgen","stadtbezirk":"Bonn"}},{"type":"Feature","geometry":{"type":"MultiPolygon","coordinates":[[[[7.073173,50.700619],[7.073452,50.699975],[7.07336,50.699938],[7.073271,50.699924],[7.073179,50.699922],[7.073104,50.699946],[7.073059,50.699834],[7.072943,50.699678],[7.072859,50.699616],[7.072731,50.699577],[7.07284,50.699316],[7.072875,50.699107],[7.072849,50.698937],[7.072979,50.698737],[7.073267,50.698572],[7.073498,50.698548],[7.0736,50.698458],[7.07367,50.698331],[7.07387,50.698153],[7.07387,50.698056],[7.073894,50.698029],[7.073936,50.698019],[7.074223,50.698097],[7.074311,50.698102],[7.074422,50.698079],[7.074494,50.69802],[7.074512,50.69797],[7.074341,50.697801],[7.074314,50.697687],[7.074341,50.697565],[7.074425,50.697495],[7.074284,50.697357],[7.07432,50.697317],[7.074445,50.69728],[7.074506,50.697226],[7.074505,50.697106],[7.074583,50.697034],[7.074585,50.697009],[7.074547,50.696998],[7.074381,50.697034],[7.074316,50.697035],[7.074272,50.69701],[7.074198,50.696924],[7.07421,50.696875],[7.074259,50.69683],[7.07433,50.696807],[7.074432,50.696617],[7.074381,50.696545],[7.074497,50.696543],[7.074598,50.696512],[7.074726,50.696414],[7.074634,50.696353],[7.074684,50.696327],[7.07486,50.696283],[7.074842,50.69616],[7.074797,50.696153],[7.074668,50.69623],[7.074589,50.696222],[7.074533,50.696182],[7.074523,50.695829],[7.074619,50.695809],[7.0747,50.69577],[7.074774,50.695558],[7.074771,50.695439],[7.074882,50.695384],[7.074971,50.695391],[7.075066,50.695258],[7.075093,50.695253],[7.07529,50.695295],[7.075354,50.695285],[7.075395,50.695256],[7.075394,50.695064],[7.075426,50.694823],[7.075451,50.694788],[7.075604,50.694749],[7.07565,50.694716],[7.075678,50.694664],[7.075707,50.694653],[7.076006,50.694701],[7.076012,50.694629],[7.076253,50.69463],[7.076373,50.694558],[7.076497,50.69443],[7.076502,50.694401],[7.076385,50.694374],[7.076345,50.694347],[7.076331,50.694194],[7.076449,50.693849],[7.076623,50.693803],[7.076666,50.693773],[7.076642,50.693679],[7.076595,50.693624],[7.076488,50.693613],[7.076469,50.693594],[7.076617,50.693444],[7.076791,50.693438],[7.076914,50.693255],[7.076819,50.693229],[7.076638,50.693243],[7.076492,50.693139],[7.076474,50.693109],[7.076496,50.69299],[7.076575,50.692823],[7.076654,50.692798],[7.076714,50.692835],[7.076785,50.692839],[7.076807,50.692559],[7.076831,50.692543],[7.076985,50.692566],[7.077008,50.692546],[7.07699,50.692393],[7.077013,50.69236],[7.077124,50.692306],[7.077137,50.69228],[7.077118,50.692251],[7.077079,50.692237],[7.076984,50.692244],[7.076914,50.692224],[7.076894,50.692034],[7.076803,50.691984],[7.076796,50.691957],[7.076912,50.691879],[7.076969,50.691872],[7.077122,50.691905],[7.077156,50.691894],[7.077346,50.691749],[7.077453,50.691636],[7.077422,50.691613],[7.077367,50.691615],[7.077201,50.691653],[7.077153,50.691648],[7.07702,50.691485],[7.07702,50.691464],[7.07708,50.691433],[7.077103,50.691393],[7.077091,50.69123],[7.077218,50.691167],[7.077223,50.69114],[7.077207,50.691109],[7.07706,50.691014],[7.077018,50.690951],[7.077092,50.690831],[7.077128,50.690813],[7.07716,50.690818],[7.077247,50.690861],[7.077414,50.69067],[7.07763,50.690598],[7.077729,50.690497],[7.077917,50.690207],[7.077938,50.689961],[7.078012,50.689864],[7.078,50.689834],[7.077788,50.689698],[7.077808,50.689644],[7.077783,50.689607],[7.077777,50.689513],[7.077794,50.689484],[7.077885,50.689446],[7.077946,50.689393],[7.078047,50.689423],[7.078131,50.68947],[7.07818,50.689464],[7.078329,50.689398],[7.078367,50.689262],[7.078402,50.689237],[7.07849,50.689235],[7.078674,50.689268],[7.07874,50.689242],[7.07875,50.689212],[7.078673,50.689145],[7.078681,50.689115],[7.078746,50.689071],[7.078764,50.688996],[7.078547,50.688967],[7.078518,50.688951],[7.078498,50.688887],[7.078521,50.688836],[7.078616,50.688849],[7.078643,50.68884],[7.078693,50.688783],[7.078753,50.688748],[7.078754,50.688705],[7.078667,50.688645],[7.078538,50.688608],[7.078518,50.688585],[7.078513,50.688558],[7.078577,50.688474],[7.078529,50.688373],[7.078453,50.688288],[7.078465,50.688264],[7.078499,50.688255],[7.07862,50.688296],[7.078857,50.688293],[7.078876,50.688184],[7.078648,50.688159],[7.078595,50.688114],[7.078623,50.68807],[7.078728,50.688007],[7.078898,50.687999],[7.07894,50.687955],[7.078923,50.687922],[7.078853,50.68788],[7.07883,50.687838],[7.078837,50.687791],[7.078703,50.68758],[7.078727,50.687564],[7.078823,50.687558],[7.078883,50.687519],[7.07897,50.687512],[7.078988,50.687566],[7.079069,50.68763],[7.079149,50.687652],[7.079186,50.687642],[7.079214,50.687594],[7.079198,50.687572],[7.07904,50.687493],[7.079145,50.687364],[7.079379,50.687296],[7.079572,50.687148],[7.079644,50.687154],[7.079671,50.68723],[7.079729,50.687273],[7.079815,50.687282],[7.079865,50.687273],[7.079914,50.687246],[7.079998,50.687158],[7.080086,50.687139],[7.080105,50.687119],[7.080104,50.687045],[7.079452,50.686723],[7.079109,50.68658],[7.078485,50.686431],[7.077261,50.686316],[7.07723,50.686227],[7.077167,50.686176],[7.076718,50.686128],[7.076584,50.686427],[7.072069,50.687057],[7.069041,50.687401],[7.068214,50.687476],[7.064724,50.68793],[7.061954,50.688335],[7.061058,50.688514],[7.057311,50.689107],[7.057521,50.68971],[7.057697,50.690132],[7.058215,50.691121],[7.058514,50.691597],[7.058841,50.692039],[7.05942,50.692754],[7.060349,50.693753],[7.061414,50.694758],[7.062981,50.696038],[7.063429,50.696504],[7.06352,50.696561],[7.0635,50.696672],[7.063848,50.696766],[7.06433,50.697081],[7.064365,50.697388],[7.064538,50.697692],[7.064622,50.697984],[7.065115,50.698838],[7.06536,50.699374],[7.065429,50.699404],[7.065604,50.699573],[7.065698,50.699831],[7.065877,50.69983],[7.066717,50.699915],[7.067764,50.699952],[7.069251,50.700155],[7.069765,50.700268],[7.070276,50.700323],[7.070687,50.700399],[7.070671,50.700536],[7.070604,50.700729],[7.07115,50.700685],[7.071177,50.700593],[7.071566,50.700559],[7.071947,50.700598],[7.072263,50.700657],[7.073037,50.700838],[7.073173,50.700619]]]]},"properties":{"district_code":"128","district":"Ückesdorf","stadtbezirk":"Bonn"}},{"type":"Feature","geometry":{"type":"MultiPolygon","coordinates":[[[[7.110259,50.686096],[7.114387,50.68355],[7.116502,50.682656],[7.117698,50.682083],[7.117963,50.682001],[7.118682,50.68196],[7.118271,50.681464],[7.118537,50.681203],[7.118562,50.681098],[7.118719,50.680894],[7.118864,50.680781],[7.118925,50.680406],[7.119144,50.679872],[7.119428,50.67968],[7.11967,50.679408],[7.120246,50.678338],[7.120344,50.678057],[7.12033,50.677838],[7.120272,50.677736],[7.120265,50.677451],[7.120349,50.677292],[7.120354,50.677129],[7.1204,50.677063],[7.120519,50.677011],[7.120666,50.6768],[7.120663,50.67671],[7.120809,50.676649],[7.120891,50.67649],[7.120956,50.6763],[7.120977,50.676066],[7.121059,50.675819],[7.121233,50.675762],[7.121532,50.675787],[7.12188,50.675658],[7.121849,50.675497],[7.121475,50.675129],[7.121326,50.674435],[7.120982,50.673742],[7.120734,50.673522],[7.118854,50.671703],[7.118748,50.671579],[7.117998,50.671308],[7.117675,50.671206],[7.118257,50.671008],[7.117619,50.670903],[7.117093,50.670934],[7.116438,50.670775],[7.116147,50.670484],[7.115818,50.668546],[7.115433,50.668115],[7.114824,50.668138],[7.114516,50.667772],[7.114369,50.667511],[7.114168,50.666837],[7.114167,50.66614],[7.113082,50.665574],[7.112891,50.665451],[7.111985,50.664544],[7.111804,50.664178],[7.111715,50.663726],[7.111866,50.663471],[7.111662,50.663284],[7.111544,50.663131],[7.111124,50.662876],[7.109777,50.662541],[7.109675,50.662512],[7.109556,50.662443],[7.108888,50.662007],[7.108382,50.661459],[7.108042,50.660995],[7.106942,50.660149],[7.10533,50.659718],[7.105323,50.659608],[7.105242,50.659552],[7.104196,50.658109],[7.104071,50.657967],[7.103727,50.65769],[7.103597,50.657628],[7.10131,50.656777],[7.09991,50.656051],[7.098679,50.65522],[7.097518,50.653745],[7.0965,50.652943],[7.09587,50.652415],[7.094435,50.651535],[7.093464,50.65134],[7.093371,50.65138],[7.093255,50.651259],[7.091315,50.650537],[7.091126,50.650437],[7.089216,50.649286],[7.088384,50.648706],[7.08736,50.648827],[7.087118,50.648222],[7.084377,50.646974],[7.082448,50.64615],[7.082242,50.646236],[7.08215,50.646132],[7.081696,50.644962],[7.081799,50.644904],[7.081826,50.644296],[7.080558,50.644277],[7.079165,50.643746],[7.076926,50.642845],[7.076235,50.642353],[7.076101,50.642324],[7.076035,50.64222],[7.07597,50.642167],[7.075571,50.641682],[7.075487,50.641665],[7.075423,50.64153],[7.075336,50.641409],[7.075349,50.641373],[7.075207,50.641198],[7.074998,50.640778],[7.074889,50.640266],[7.074794,50.639661],[7.074816,50.63951],[7.075353,50.638234],[7.075202,50.637201],[7.073739,50.636553],[7.071409,50.63569],[7.06845,50.634639],[7.068494,50.634596],[7.067271,50.634236],[7.063749,50.632932],[7.061898,50.632948],[7.061902,50.633058],[7.06169,50.63306],[7.059587,50.632728],[7.057531,50.632975],[7.056997,50.632999],[7.057843,50.635012],[7.058273,50.635948],[7.05839,50.636102],[7.058646,50.63666],[7.059349,50.638345],[7.056893,50.638767],[7.053995,50.639215],[7.053381,50.639297],[7.051696,50.639585],[7.050682,50.640788],[7.050058,50.641248],[7.049677,50.64111],[7.049133,50.641526],[7.04827,50.641803],[7.047608,50.642265],[7.046951,50.643],[7.045834,50.64406],[7.044869,50.644646],[7.044147,50.645015],[7.043401,50.645606],[7.043118,50.645936],[7.042943,50.646068],[7.042079,50.646553],[7.040086,50.647575],[7.039145,50.648351],[7.038212,50.649008],[7.037395,50.649331],[7.036861,50.649734],[7.036286,50.649977],[7.035503,50.650878],[7.034251,50.652503],[7.033126,50.654041],[7.032536,50.654603],[7.029214,50.654699],[7.027074,50.655032],[7.026763,50.655066],[7.026697,50.655056],[7.025912,50.654331],[7.025098,50.656753],[7.02451,50.658176],[7.024202,50.659078],[7.024077,50.659782],[7.023692,50.661057],[7.02353,50.661465],[7.023711,50.661507],[7.023517,50.662467],[7.024106,50.663718],[7.024872,50.664015],[7.024838,50.664473],[7.023997,50.664193],[7.023931,50.664305],[7.024422,50.664871],[7.024827,50.665415],[7.025681,50.665354],[7.026325,50.665158],[7.026504,50.664978],[7.026611,50.665005],[7.027767,50.664449],[7.028713,50.663791],[7.028969,50.663631],[7.032228,50.662114],[7.033982,50.661451],[7.036509,50.661407],[7.037513,50.661685],[7.040663,50.66381],[7.040921,50.663908],[7.040951,50.664611],[7.040189,50.665428],[7.039824,50.666049],[7.039908,50.666596],[7.040193,50.667447],[7.041072,50.668178],[7.04235,50.670447],[7.042861,50.671098],[7.0437,50.672585],[7.044282,50.674337],[7.043773,50.674468],[7.043185,50.674583],[7.042846,50.674796],[7.042045,50.675385],[7.041131,50.676008],[7.0404,50.676533],[7.040237,50.676743],[7.039295,50.677264],[7.039016,50.677319],[7.038638,50.677436],[7.03847,50.677463],[7.03387,50.677848],[7.032922,50.678161],[7.03176,50.678576],[7.031554,50.678595],[7.031387,50.67868],[7.03128,50.679348],[7.0313,50.67986],[7.031249,50.680069],[7.032338,50.68059],[7.032558,50.68072],[7.03294,50.681114],[7.033314,50.681891],[7.033526,50.682739],[7.03376,50.683068],[7.034587,50.684681],[7.034831,50.685012],[7.035355,50.686067],[7.03565,50.686363],[7.035403,50.686563],[7.0359,50.686732],[7.036698,50.686787],[7.036976,50.686839],[7.037355,50.686934],[7.03741,50.687055],[7.03786,50.687135],[7.039728,50.687411],[7.042025,50.686778],[7.042249,50.686705],[7.043148,50.68668],[7.044273,50.686602],[7.044716,50.686589],[7.045466,50.686497],[7.045987,50.686373],[7.046267,50.686243],[7.046306,50.686394],[7.046401,50.686576],[7.046659,50.686924],[7.046757,50.687098],[7.046927,50.687241],[7.050827,50.685811],[7.051206,50.685174],[7.051403,50.684988],[7.051544,50.684794],[7.051701,50.684511],[7.051786,50.68429],[7.051915,50.684072],[7.052352,50.683548],[7.053043,50.683094],[7.053409,50.682907],[7.056377,50.68156],[7.058136,50.68074],[7.058626,50.68049],[7.05927,50.679509],[7.060223,50.678175],[7.061356,50.676524],[7.061839,50.675633],[7.061964,50.675324],[7.06219,50.674662],[7.062268,50.674343],[7.062339,50.673995],[7.062402,50.673316],[7.062412,50.672466],[7.062348,50.67193],[7.062225,50.671329],[7.062675,50.671119],[7.064001,50.670545],[7.075885,50.666333],[7.077486,50.666834],[7.084108,50.668993],[7.082234,50.671298],[7.082026,50.671465],[7.081978,50.671532],[7.081983,50.671775],[7.082035,50.671855],[7.082391,50.671972],[7.082898,50.672433],[7.083233,50.672789],[7.083589,50.673085],[7.084077,50.673449],[7.084065,50.673747],[7.084171,50.673891],[7.084183,50.673984],[7.08412,50.67411],[7.083907,50.674396],[7.083876,50.674511],[7.083981,50.674875],[7.083981,50.674969],[7.08415,50.675345],[7.084139,50.675569],[7.084101,50.675675],[7.084114,50.67579],[7.084161,50.675878],[7.084309,50.676047],[7.08434,50.676308],[7.084381,50.676398],[7.084582,50.676693],[7.085753,50.67796],[7.086126,50.678479],[7.086228,50.679243],[7.086083,50.679944],[7.085804,50.680434],[7.085779,50.680509],[7.085791,50.680617],[7.085878,50.680825],[7.085929,50.681063],[7.085899,50.68116],[7.085846,50.681221],[7.085347,50.681537],[7.085096,50.681639],[7.084672,50.681841],[7.084394,50.682113],[7.084336,50.682209],[7.084339,50.68249],[7.084261,50.682643],[7.084032,50.682943],[7.083973,50.683053],[7.08396,50.683275],[7.083886,50.683526],[7.083877,50.683747],[7.083714,50.683912],[7.083688,50.684203],[7.08361,50.684406],[7.083607,50.684584],[7.084225,50.684844],[7.086241,50.68587],[7.086317,50.685851],[7.089439,50.684423],[7.089628,50.684353],[7.089752,50.684324],[7.090355,50.684678],[7.091223,50.684946],[7.092231,50.685355],[7.092429,50.68542],[7.092757,50.685514],[7.09415,50.685831],[7.094932,50.685992],[7.095373,50.686066],[7.096064,50.686297],[7.096217,50.686332],[7.101444,50.686136],[7.10398,50.686067],[7.105363,50.686116],[7.106522,50.686335],[7.107308,50.686441],[7.108155,50.687379],[7.110259,50.686096]]]]},"properties":{"district_code":"129","district":"Kottenforst","stadtbezirk":"Bonn"}},{"type":"Feature","geometry":{"type":"MultiPolygon","coordinates":[[[[7.064691,50.748889],[7.06946,50.747818],[7.070862,50.747462],[7.071393,50.747292],[7.072517,50.746855],[7.073274,50.746515],[7.073824,50.746233],[7.07355,50.745972],[7.073073,50.745471],[7.072704,50.745043],[7.072333,50.744546],[7.071975,50.743884],[7.071824,50.743477],[7.071639,50.742811],[7.0716,50.742503],[7.071583,50.741877],[7.071135,50.741877],[7.068693,50.74174],[7.068634,50.741864],[7.06833,50.741794],[7.068368,50.741722],[7.068147,50.74171],[7.068057,50.740233],[7.067477,50.74012],[7.06703,50.73997],[7.063909,50.740669],[7.063742,50.740674],[7.058553,50.741852],[7.058469,50.741847],[7.057543,50.742076],[7.057071,50.742209],[7.05678,50.742245],[7.055867,50.742438],[7.055636,50.742537],[7.055444,50.742172],[7.052195,50.742922],[7.050148,50.743377],[7.050418,50.743926],[7.050599,50.744464],[7.050898,50.746136],[7.051093,50.746634],[7.051613,50.747748],[7.051896,50.748223],[7.05225,50.748755],[7.05281,50.748603],[7.05336,50.74851],[7.053725,50.748472],[7.055,50.748399],[7.05546,50.748353],[7.055945,50.748295],[7.057801,50.748019],[7.0581,50.748605],[7.058192,50.748707],[7.058408,50.748857],[7.059272,50.749376],[7.060101,50.749917],[7.064691,50.748889]]]]},"properties":{"district_code":"131","district":"Alt-Tannenbusch","stadtbezirk":"Bonn"}},{"type":"Feature","geometry":{"type":"MultiPolygon","coordinates":[[[[7.058192,50.748707],[7.0581,50.748605],[7.057801,50.748019],[7.055945,50.748295],[7.05546,50.748353],[7.055,50.748399],[7.053725,50.748472],[7.05336,50.74851],[7.05281,50.748603],[7.05225,50.748755],[7.051896,50.748223],[7.051613,50.747748],[7.051093,50.746634],[7.050898,50.746136],[7.050599,50.744464],[7.050418,50.743926],[7.050148,50.743377],[7.049975,50.743404],[7.045201,50.744473],[7.036252,50.746497],[7.036267,50.746576],[7.036595,50.747203],[7.036887,50.747641],[7.0375,50.74884],[7.037715,50.749209],[7.038003,50.749514],[7.038019,50.749606],[7.038385,50.750101],[7.037254,50.750468],[7.03664,50.750706],[7.037933,50.751867],[7.038642,50.752407],[7.038735,50.752456],[7.039461,50.753147],[7.039609,50.75331],[7.03952,50.753399],[7.036764,50.755229],[7.039424,50.756659],[7.037101,50.757955],[7.038374,50.759134],[7.03994,50.758193],[7.041889,50.757095],[7.043928,50.756031],[7.048216,50.75404],[7.051064,50.75279],[7.051956,50.752383],[7.05314,50.751873],[7.054427,50.751404],[7.05614,50.750866],[7.057069,50.750618],[7.060101,50.749917],[7.059272,50.749376],[7.058408,50.748857],[7.058192,50.748707]]]]},"properties":{"district_code":"132","district":"Neu-Tannenbusch","stadtbezirk":"Bonn"}},{"type":"Feature","geometry":{"type":"MultiPolygon","coordinates":[[[[7.05262,50.764165],[7.0528,50.764035],[7.054001,50.764635],[7.054404,50.764283],[7.055302,50.763575],[7.062803,50.759056],[7.066878,50.756696],[7.063579,50.754228],[7.06509,50.753401],[7.063952,50.752541],[7.062315,50.751375],[7.060101,50.749917],[7.057069,50.750618],[7.05614,50.750866],[7.054427,50.751404],[7.05314,50.751873],[7.051956,50.752383],[7.051064,50.75279],[7.048216,50.75404],[7.043928,50.756031],[7.041889,50.757095],[7.03994,50.758193],[7.041698,50.759493],[7.044697,50.761753],[7.04624,50.762633],[7.046457,50.762791],[7.048425,50.763887],[7.048576,50.763871],[7.048844,50.76369],[7.051361,50.765157],[7.052591,50.764235],[7.05262,50.764165]]]]},"properties":{"district_code":"133","district":"Buschdorf","stadtbezirk":"Bonn"}},{"type":"Feature","geometry":{"type":"MultiPolygon","coordinates":[[[[7.069058,50.762586],[7.069392,50.762521],[7.069748,50.762529],[7.070102,50.762504],[7.070437,50.762461],[7.070869,50.762362],[7.071265,50.76224],[7.07333,50.76151],[7.073763,50.761409],[7.074023,50.761429],[7.073262,50.76078],[7.073412,50.7607],[7.073309,50.760606],[7.074264,50.760192],[7.075197,50.761157],[7.076209,50.760685],[7.076388,50.760472],[7.076746,50.760174],[7.077234,50.759846],[7.07843,50.759094],[7.079116,50.758489],[7.079507,50.7582],[7.080148,50.757625],[7.080414,50.75727],[7.081835,50.756102],[7.082066,50.75605],[7.082468,50.755888],[7.082841,50.755678],[7.083096,50.755563],[7.083692,50.755381],[7.08397,50.75535],[7.085034,50.754086],[7.085097,50.754087],[7.085284,50.754049],[7.085373,50.754051],[7.085576,50.753604],[7.085569,50.753566],[7.085489,50.753459],[7.085514,50.753362],[7.085759,50.753006],[7.085822,50.752973],[7.085863,50.752845],[7.086052,50.752156],[7.084584,50.751633],[7.082795,50.75093],[7.079296,50.74939],[7.076599,50.748044],[7.075696,50.747535],[7.074791,50.746952],[7.074138,50.746486],[7.073824,50.746233],[7.073274,50.746515],[7.072517,50.746855],[7.071393,50.747292],[7.070862,50.747462],[7.06946,50.747818],[7.060101,50.749917],[7.062315,50.751375],[7.063952,50.752541],[7.06509,50.753401],[7.063579,50.754228],[7.066878,50.756696],[7.062803,50.759056],[7.056321,50.762964],[7.06002,50.765404],[7.061439,50.766461],[7.061796,50.766695],[7.06227,50.76704],[7.065548,50.765466],[7.066637,50.764887],[7.067626,50.764406],[7.068603,50.763809],[7.070024,50.762845],[7.070263,50.762736],[7.070009,50.762734],[7.069675,50.7627],[7.069058,50.762586]]]]},"properties":{"district_code":"134","district":"Auerberg","stadtbezirk":"Bonn"}},{"type":"Feature","geometry":{"type":"MultiPolygon","coordinates":[[[[7.082019,50.762469],[7.082177,50.762343],[7.082324,50.76236],[7.082427,50.762353],[7.082557,50.762313],[7.083056,50.762083],[7.08679,50.760113],[7.086912,50.760072],[7.086993,50.760021],[7.086993,50.759962],[7.087098,50.759913],[7.08836,50.759393],[7.090007,50.758766],[7.091363,50.758299],[7.092378,50.757998],[7.092774,50.75785],[7.093743,50.757545],[7.094212,50.75737],[7.094372,50.757284],[7.0951,50.757032],[7.09517,50.756991],[7.095772,50.756794],[7.096162,50.756623],[7.09683,50.75625],[7.09779,50.755586],[7.09682,50.755087],[7.096245,50.754833],[7.095215,50.754493],[7.094535,50.754321],[7.09227,50.753848],[7.089735,50.753242],[7.088911,50.753028],[7.087243,50.752547],[7.086052,50.752156],[7.085822,50.752973],[7.085759,50.753006],[7.085514,50.753362],[7.085489,50.753459],[7.085569,50.753566],[7.085576,50.753604],[7.085373,50.754051],[7.085284,50.754049],[7.085097,50.754087],[7.085034,50.754086],[7.08397,50.75535],[7.083692,50.755381],[7.083096,50.755563],[7.082841,50.755678],[7.082468,50.755888],[7.082066,50.75605],[7.081835,50.756102],[7.080414,50.75727],[7.080148,50.757625],[7.079507,50.7582],[7.079116,50.758489],[7.07843,50.759094],[7.077234,50.759846],[7.076746,50.760174],[7.076388,50.760472],[7.076209,50.760685],[7.075197,50.761157],[7.074264,50.760192],[7.073309,50.760606],[7.073412,50.7607],[7.073262,50.76078],[7.074023,50.761429],[7.073763,50.761409],[7.07333,50.76151],[7.071265,50.76224],[7.070869,50.762362],[7.070437,50.762461],[7.070102,50.762504],[7.069748,50.762529],[7.069392,50.762521],[7.069058,50.762586],[7.069675,50.7627],[7.070009,50.762734],[7.070263,50.762736],[7.070024,50.762845],[7.068603,50.763809],[7.067626,50.764406],[7.066637,50.764887],[7.065548,50.765466],[7.06227,50.76704],[7.064543,50.768643],[7.064707,50.76873],[7.064896,50.768785],[7.064805,50.768932],[7.064823,50.76898],[7.06538,50.769618],[7.065575,50.769529],[7.065751,50.769409],[7.066933,50.769003],[7.067217,50.768803],[7.0678,50.768624],[7.068223,50.768416],[7.06839,50.768393],[7.07016,50.767788],[7.071123,50.767396],[7.071822,50.767081],[7.074326,50.766136],[7.07664,50.765218],[7.078343,50.764448],[7.079208,50.764086],[7.079963,50.763732],[7.080899,50.763185],[7.081936,50.762539],[7.082019,50.762469]]]]},"properties":{"district_code":"135","district":"Grau-Rheindorf","stadtbezirk":"Bonn"}},{"type":"Feature","geometry":{"type":"MultiPolygon","coordinates":[[[[7.052195,50.742922],[7.055444,50.742172],[7.055636,50.742537],[7.055867,50.742438],[7.05678,50.742245],[7.057071,50.742209],[7.057543,50.742076],[7.058469,50.741847],[7.058553,50.741852],[7.063742,50.740674],[7.063909,50.740669],[7.06703,50.73997],[7.066546,50.739631],[7.072649,50.738302],[7.072734,50.73807],[7.072316,50.738157],[7.071747,50.73824],[7.071296,50.738285],[7.070874,50.7383],[7.070369,50.738296],[7.06995,50.738268],[7.069089,50.738164],[7.067805,50.737908],[7.066656,50.737619],[7.066066,50.737451],[7.065726,50.737335],[7.065542,50.737154],[7.065599,50.736933],[7.065591,50.736858],[7.065044,50.736758],[7.064349,50.736474],[7.064265,50.736453],[7.064166,50.736435],[7.063954,50.736443],[7.063834,50.736466],[7.063685,50.736519],[7.063527,50.736438],[7.062423,50.735799],[7.061611,50.735249],[7.061209,50.734912],[7.060485,50.734226],[7.059708,50.733322],[7.057581,50.729905],[7.055408,50.730485],[7.055309,50.730496],[7.055222,50.730524],[7.054873,50.730007],[7.051305,50.730451],[7.04965,50.730643],[7.049152,50.730832],[7.049065,50.730832],[7.048703,50.730883],[7.048435,50.730866],[7.048455,50.730743],[7.048428,50.730737],[7.04843,50.730664],[7.048317,50.730651],[7.046373,50.731593],[7.044567,50.732044],[7.044386,50.731715],[7.043558,50.731889],[7.042768,50.730064],[7.040564,50.730582],[7.039023,50.730915],[7.035822,50.731511],[7.033555,50.731863],[7.033408,50.731896],[7.033436,50.732185],[7.033368,50.732679],[7.033312,50.732886],[7.032923,50.733764],[7.033223,50.7338],[7.033057,50.734089],[7.032998,50.734273],[7.032888,50.734952],[7.033118,50.735226],[7.033242,50.735442],[7.033512,50.736249],[7.033579,50.736536],[7.033317,50.73661],[7.034023,50.738323],[7.034833,50.74039],[7.034967,50.740998],[7.034969,50.741328],[7.034904,50.74246],[7.035244,50.742388],[7.035435,50.743521],[7.035566,50.744147],[7.035758,50.744824],[7.036185,50.746091],[7.036252,50.746497],[7.045201,50.744473],[7.052195,50.742922]]]]},"properties":{"district_code":"136","district":"Dransdorf","stadtbezirk":"Bonn"}},{"type":"Feature","geometry":{"type":"MultiPolygon","coordinates":[[[[7.044567,50.732044],[7.046373,50.731593],[7.048317,50.730651],[7.04843,50.730664],[7.048428,50.730737],[7.048455,50.730743],[7.048435,50.730866],[7.048703,50.730883],[7.049065,50.730832],[7.049152,50.730832],[7.04965,50.730643],[7.051305,50.730451],[7.054873,50.730007],[7.055222,50.730524],[7.055309,50.730496],[7.055408,50.730485],[7.057581,50.729905],[7.055757,50.72693],[7.05559,50.726917],[7.055269,50.727029],[7.054528,50.726007],[7.053879,50.726203],[7.053275,50.725484],[7.05249,50.724611],[7.051428,50.724183],[7.051391,50.724203],[7.050679,50.723841],[7.050192,50.723875],[7.050091,50.723785],[7.050096,50.723723],[7.049013,50.723041],[7.047264,50.721982],[7.047194,50.722008],[7.047083,50.721939],[7.046465,50.722301],[7.046354,50.722324],[7.045905,50.722625],[7.044598,50.721898],[7.045155,50.721574],[7.045736,50.721203],[7.045064,50.720965],[7.044574,50.720815],[7.044252,50.720675],[7.043656,50.721119],[7.043439,50.721254],[7.043177,50.720981],[7.043077,50.72091],[7.042887,50.720826],[7.042632,50.720776],[7.042316,50.720775],[7.042075,50.720732],[7.041532,50.720466],[7.041643,50.72031],[7.042159,50.719728],[7.042227,50.719617],[7.041961,50.719493],[7.041507,50.719312],[7.041376,50.71924],[7.040795,50.71904],[7.040403,50.718855],[7.039312,50.719831],[7.038931,50.719658],[7.038897,50.719674],[7.038449,50.720039],[7.038514,50.720279],[7.03805,50.720647],[7.037808,50.720806],[7.037197,50.721302],[7.037031,50.721228],[7.03671,50.721514],[7.03524,50.722535],[7.03294,50.723997],[7.033218,50.724336],[7.033634,50.724964],[7.033839,50.725454],[7.031485,50.725835],[7.03039,50.725999],[7.02961,50.72609],[7.030098,50.72696],[7.031415,50.728701],[7.031465,50.728814],[7.031607,50.729199],[7.031663,50.729405],[7.031673,50.729564],[7.031658,50.729892],[7.031507,50.730717],[7.031586,50.730999],[7.032051,50.732135],[7.033555,50.731863],[7.035822,50.731511],[7.039023,50.730915],[7.040564,50.730582],[7.042768,50.730064],[7.043558,50.731889],[7.044386,50.731715],[7.044567,50.732044]]]]},"properties":{"district_code":"137","district":"Lessenich/Meßdorf","stadtbezirk":"Bonn"}},{"type":"Feature","geometry":{"type":"MultiPolygon","coordinates":[[[[7.130277,50.718855],[7.13265,50.718445],[7.133794,50.71821],[7.134089,50.718181],[7.134368,50.718086],[7.135815,50.717786],[7.136608,50.717563],[7.137224,50.717517],[7.137291,50.717493],[7.137296,50.717403],[7.137637,50.717315],[7.140324,50.716788],[7.142499,50.716313],[7.140187,50.713045],[7.139184,50.711757],[7.138888,50.711402],[7.137991,50.710423],[7.136186,50.708707],[7.132316,50.705712],[7.132036,50.705538],[7.131612,50.705886],[7.13069,50.705376],[7.130814,50.705275],[7.130404,50.705019],[7.128631,50.703992],[7.127702,50.704823],[7.126454,50.706053],[7.112801,50.719742],[7.114126,50.719505],[7.114796,50.719412],[7.11668,50.719113],[7.117688,50.718898],[7.115976,50.720358],[7.115481,50.720812],[7.114969,50.721313],[7.114349,50.722006],[7.113135,50.723485],[7.111561,50.725628],[7.110508,50.7271],[7.109708,50.728263],[7.111137,50.728791],[7.111216,50.728846],[7.111474,50.728912],[7.111618,50.728967],[7.111957,50.728479],[7.112216,50.728201],[7.112203,50.72819],[7.113252,50.727129],[7.114033,50.72643],[7.115204,50.725513],[7.11581,50.725075],[7.117377,50.724028],[7.119174,50.722905],[7.120995,50.72187],[7.121885,50.721434],[7.122311,50.72125],[7.123696,50.720692],[7.124413,50.720425],[7.125272,50.720131],[7.126779,50.719681],[7.127352,50.719529],[7.128626,50.719234],[7.130283,50.718905],[7.130277,50.718855]]]]},"properties":{"district_code":"141","district":"Gronau-Bundesviertel","stadtbezirk":"Bonn"}},{"type":"Feature","geometry":{"type":"MultiPolygon","coordinates":[[[[7.159872,50.708325],[7.160986,50.707415],[7.161696,50.70678],[7.160661,50.706267],[7.159455,50.705601],[7.159275,50.705728],[7.15922,50.705695],[7.158594,50.706139],[7.157863,50.706606],[7.155751,50.707896],[7.154763,50.707379],[7.154609,50.707393],[7.154432,50.707504],[7.152373,50.706343],[7.152523,50.706231],[7.152184,50.705876],[7.151842,50.705419],[7.152365,50.705049],[7.15338,50.703991],[7.153494,50.7038],[7.152478,50.703161],[7.152936,50.702873],[7.153167,50.702802],[7.152884,50.702712],[7.152521,50.702558],[7.149438,50.700947],[7.148975,50.700657],[7.14749,50.699643],[7.146447,50.699081],[7.144911,50.698314],[7.142765,50.69733],[7.142509,50.697252],[7.14224,50.697213],[7.142013,50.6972],[7.141497,50.697206],[7.141076,50.697174],[7.139738,50.696591],[7.129961,50.702896],[7.129478,50.703253],[7.128631,50.703992],[7.130404,50.705019],[7.130814,50.705275],[7.13069,50.705376],[7.131612,50.705886],[7.132036,50.705538],[7.132316,50.705712],[7.136186,50.708707],[7.137991,50.710423],[7.138888,50.711402],[7.139184,50.711757],[7.140187,50.713045],[7.142499,50.716313],[7.145116,50.715637],[7.145719,50.715436],[7.147552,50.714783],[7.148949,50.714224],[7.149637,50.713984],[7.149828,50.713883],[7.151395,50.71319],[7.153004,50.712431],[7.153921,50.711964],[7.155528,50.711093],[7.157428,50.709985],[7.158553,50.709266],[7.159091,50.708902],[7.159872,50.708325]]]]},"properties":{"district_code":"242","district":"Hochkreuz-Bundesviertel","stadtbezirk":"Bad Godesberg"}},{"type":"Feature","geometry":{"type":"MultiPolygon","coordinates":[[[[7.15204,50.688719],[7.158079,50.684852],[7.157883,50.684732],[7.157152,50.685022],[7.157038,50.684962],[7.158669,50.683893],[7.15742,50.683243],[7.156821,50.682964],[7.15623,50.683267],[7.1559,50.683497],[7.15346,50.682133],[7.15313,50.681966],[7.153039,50.681947],[7.152939,50.681946],[7.152302,50.68199],[7.151982,50.681454],[7.151377,50.681325],[7.151322,50.681258],[7.15074,50.680752],[7.150269,50.680944],[7.15016,50.680953],[7.149504,50.68034],[7.149378,50.680244],[7.149246,50.68016],[7.149067,50.680076],[7.148725,50.679968],[7.14811,50.67952],[7.147411,50.679432],[7.146968,50.679663],[7.146869,50.679659],[7.14699,50.679853],[7.146334,50.680099],[7.145252,50.680308],[7.148126,50.683309],[7.148889,50.684167],[7.149317,50.684415],[7.149337,50.684494],[7.149048,50.68466],[7.148527,50.684753],[7.148515,50.684808],[7.148372,50.684854],[7.145638,50.685448],[7.145624,50.685564],[7.145504,50.685554],[7.144239,50.685827],[7.14364,50.685987],[7.14355,50.685878],[7.143255,50.68591],[7.142864,50.68589],[7.143233,50.686447],[7.143276,50.686627],[7.1436,50.687009],[7.143816,50.686938],[7.144115,50.68728],[7.144233,50.687335],[7.14507,50.688242],[7.145144,50.688221],[7.145952,50.689056],[7.149234,50.690546],[7.15204,50.688719]]]]},"properties":{"district_code":"251","district":"Godesberg-Zentrum","stadtbezirk":"Bad Godesberg"}},{"type":"Feature","geometry":{"type":"MultiPolygon","coordinates":[[[[7.157152,50.685022],[7.157883,50.684732],[7.158079,50.684852],[7.162292,50.682118],[7.162033,50.681653],[7.161846,50.681057],[7.160069,50.679302],[7.159776,50.678989],[7.158758,50.677609],[7.158616,50.677355],[7.158442,50.676906],[7.157738,50.676137],[7.157337,50.675366],[7.157097,50.675159],[7.156823,50.675015],[7.156602,50.674941],[7.156333,50.67489],[7.155987,50.674859],[7.15574,50.674883],[7.154587,50.675103],[7.154252,50.67515],[7.153775,50.675158],[7.153412,50.675081],[7.153205,50.675002],[7.152855,50.674785],[7.152618,50.674529],[7.152283,50.674091],[7.152144,50.673871],[7.152107,50.673725],[7.152105,50.673614],[7.152124,50.673516],[7.152222,50.673327],[7.152926,50.672456],[7.153077,50.672226],[7.153127,50.672093],[7.153138,50.671924],[7.15312,50.67183],[7.153044,50.671692],[7.152748,50.671484],[7.152593,50.671408],[7.152207,50.671348],[7.151954,50.67133],[7.150648,50.671343],[7.150489,50.671332],[7.150166,50.67126],[7.149894,50.671148],[7.149779,50.671061],[7.149725,50.670989],[7.149701,50.670818],[7.149731,50.67069],[7.149411,50.670582],[7.14922,50.670434],[7.148878,50.67003],[7.148159,50.669604],[7.146983,50.66868],[7.145472,50.667641],[7.144812,50.666948],[7.144718,50.666873],[7.144367,50.667028],[7.143593,50.667572],[7.143248,50.667965],[7.143092,50.668449],[7.142918,50.668481],[7.142391,50.668924],[7.141873,50.669566],[7.141736,50.669668],[7.141591,50.669937],[7.141438,50.67008],[7.141482,50.670237],[7.141116,50.670477],[7.140203,50.670878],[7.139817,50.671096],[7.139453,50.671255],[7.1395,50.67183],[7.139907,50.671858],[7.140027,50.672777],[7.140074,50.672913],[7.139939,50.673381],[7.139626,50.673177],[7.139377,50.672936],[7.138001,50.672598],[7.137165,50.672092],[7.137212,50.672172],[7.139149,50.674041],[7.139358,50.674208],[7.139668,50.674403],[7.141082,50.675107],[7.142553,50.675672],[7.142877,50.675827],[7.143186,50.676032],[7.143376,50.676211],[7.143469,50.676361],[7.143527,50.676998],[7.143582,50.677206],[7.144071,50.677839],[7.144163,50.677924],[7.144886,50.678433],[7.146692,50.679514],[7.146869,50.679659],[7.146968,50.679663],[7.147411,50.679432],[7.14811,50.67952],[7.148725,50.679968],[7.149067,50.680076],[7.149246,50.68016],[7.149378,50.680244],[7.149504,50.68034],[7.15016,50.680953],[7.150269,50.680944],[7.15074,50.680752],[7.151322,50.681258],[7.151377,50.681325],[7.151982,50.681454],[7.152302,50.68199],[7.152939,50.681946],[7.153039,50.681947],[7.15313,50.681966],[7.15346,50.682133],[7.1559,50.683497],[7.15623,50.683267],[7.156821,50.682964],[7.15742,50.683243],[7.158669,50.683893],[7.157038,50.684962],[7.157152,50.685022]]]]},"properties":{"district_code":"252","district":"Godesberg-Kurviertel","stadtbezirk":"Bad Godesberg"}},{"type":"Feature","geometry":{"type":"MultiPolygon","coordinates":[[[[7.138304,50.687928],[7.138469,50.687893],[7.13889,50.687927],[7.138623,50.687479],[7.139113,50.68742],[7.139631,50.687331],[7.139879,50.6878],[7.139941,50.6878],[7.139642,50.68675],[7.140218,50.686575],[7.141066,50.687074],[7.142531,50.686631],[7.143056,50.686684],[7.143013,50.686638],[7.143243,50.686647],[7.143276,50.686627],[7.143233,50.686447],[7.142864,50.68589],[7.143255,50.68591],[7.14355,50.685878],[7.14364,50.685987],[7.144239,50.685827],[7.145504,50.685554],[7.145624,50.685564],[7.145638,50.685448],[7.148372,50.684854],[7.148515,50.684808],[7.148527,50.684753],[7.149048,50.68466],[7.149337,50.684494],[7.149317,50.684415],[7.148889,50.684167],[7.148126,50.683309],[7.145252,50.680308],[7.146334,50.680099],[7.14699,50.679853],[7.146869,50.679659],[7.146692,50.679514],[7.144886,50.678433],[7.144163,50.677924],[7.144071,50.677839],[7.143582,50.677206],[7.143527,50.676998],[7.143469,50.676361],[7.143376,50.676211],[7.143186,50.676032],[7.142877,50.675827],[7.142553,50.675672],[7.141082,50.675107],[7.139668,50.674403],[7.139358,50.674208],[7.139149,50.674041],[7.137687,50.672631],[7.137212,50.672172],[7.137165,50.672092],[7.138001,50.672598],[7.139377,50.672936],[7.139626,50.673177],[7.139939,50.673381],[7.140074,50.672913],[7.140027,50.672777],[7.139907,50.671858],[7.1395,50.67183],[7.139453,50.671255],[7.139817,50.671096],[7.140203,50.670878],[7.141116,50.670477],[7.141482,50.670237],[7.141438,50.67008],[7.141591,50.669937],[7.141736,50.669668],[7.141873,50.669566],[7.142391,50.668924],[7.142918,50.668481],[7.143092,50.668449],[7.143248,50.667965],[7.143593,50.667572],[7.144367,50.667028],[7.144718,50.666873],[7.14455,50.666758],[7.144275,50.66665],[7.14374,50.666483],[7.143501,50.66646],[7.142036,50.666482],[7.141097,50.666294],[7.13861,50.665739],[7.137731,50.665027],[7.137031,50.664591],[7.136437,50.66427],[7.135165,50.663707],[7.134468,50.663364],[7.134342,50.66334],[7.133946,50.663373],[7.133753,50.663416],[7.132114,50.663884],[7.131901,50.66302],[7.131851,50.662855],[7.131721,50.662563],[7.131483,50.662173],[7.131253,50.661914],[7.130913,50.661614],[7.130595,50.661377],[7.130304,50.661196],[7.129665,50.660852],[7.127995,50.66003],[7.126029,50.659312],[7.12572,50.659168],[7.125415,50.658988],[7.125219,50.658867],[7.124746,50.658516],[7.124387,50.65818],[7.123989,50.657728],[7.123771,50.657443],[7.123368,50.65704],[7.122958,50.656729],[7.122713,50.65657],[7.12203,50.656203],[7.120914,50.656558],[7.120806,50.656578],[7.120721,50.656512],[7.120226,50.656512],[7.119673,50.656593],[7.119327,50.656605],[7.119148,50.656659],[7.118987,50.656666],[7.118802,50.656805],[7.118486,50.656755],[7.118312,50.656766],[7.118076,50.65679],[7.117819,50.656846],[7.117463,50.656845],[7.117011,50.656951],[7.116587,50.657017],[7.1158,50.657083],[7.115703,50.657101],[7.115585,50.657147],[7.115272,50.657194],[7.115058,50.657267],[7.114904,50.657269],[7.11455,50.657365],[7.113995,50.657479],[7.113855,50.657467],[7.11371,50.657526],[7.113135,50.657633],[7.111721,50.657847],[7.11109,50.657972],[7.110785,50.657989],[7.110588,50.658051],[7.110428,50.658064],[7.109582,50.658194],[7.109141,50.658207],[7.109068,50.658237],[7.108858,50.658263],[7.108768,50.658412],[7.108536,50.658421],[7.108491,50.658393],[7.108381,50.658405],[7.108292,50.658371],[7.108253,50.658442],[7.108016,50.658499],[7.107833,50.658443],[7.106583,50.658623],[7.106398,50.658755],[7.105941,50.659177],[7.105471,50.659447],[7.105323,50.659608],[7.10533,50.659718],[7.106942,50.660149],[7.108042,50.660995],[7.108382,50.661459],[7.108888,50.662007],[7.109556,50.662443],[7.109675,50.662512],[7.109777,50.662541],[7.111124,50.662876],[7.111544,50.663131],[7.111662,50.663284],[7.111866,50.663471],[7.111715,50.663726],[7.111804,50.664178],[7.111985,50.664544],[7.112891,50.665451],[7.113082,50.665574],[7.114167,50.66614],[7.114168,50.666837],[7.114369,50.667511],[7.114516,50.667772],[7.114824,50.668138],[7.115433,50.668115],[7.115818,50.668546],[7.116147,50.670484],[7.116438,50.670775],[7.117093,50.670934],[7.117619,50.670903],[7.118257,50.671008],[7.117675,50.671206],[7.117998,50.671308],[7.118748,50.671579],[7.118854,50.671703],[7.120734,50.673522],[7.120982,50.673742],[7.121326,50.674435],[7.121475,50.675129],[7.121849,50.675497],[7.12188,50.675658],[7.121532,50.675787],[7.121233,50.675762],[7.121059,50.675819],[7.120977,50.676066],[7.120956,50.6763],[7.120891,50.67649],[7.120809,50.676649],[7.120663,50.67671],[7.120666,50.6768],[7.120519,50.677011],[7.1204,50.677063],[7.120354,50.677129],[7.120349,50.677292],[7.120265,50.677451],[7.120272,50.677736],[7.12033,50.677838],[7.120344,50.678057],[7.120246,50.678338],[7.11967,50.679408],[7.119428,50.67968],[7.119144,50.679872],[7.118925,50.680406],[7.118864,50.680781],[7.118719,50.680894],[7.118562,50.681098],[7.118537,50.681203],[7.118271,50.681464],[7.118618,50.681872],[7.119202,50.682707],[7.11966,50.68292],[7.119771,50.682954],[7.12045,50.683067],[7.120633,50.683145],[7.12073,50.683217],[7.12128,50.683774],[7.121434,50.684036],[7.121545,50.684118],[7.12162,50.684243],[7.121692,50.684278],[7.121778,50.684372],[7.12185,50.684406],[7.121903,50.684535],[7.122021,50.684615],[7.122151,50.684744],[7.122229,50.684768],[7.122512,50.684807],[7.122641,50.68488],[7.123249,50.685344],[7.123389,50.685431],[7.123813,50.685571],[7.124003,50.685653],[7.12416,50.685778],[7.124294,50.685812],[7.124502,50.68595],[7.124742,50.686046],[7.124955,50.686174],[7.12515,50.686256],[7.125524,50.686368],[7.125805,50.686401],[7.12605,50.686398],[7.126266,50.686508],[7.126385,50.686548],[7.126734,50.686589],[7.127035,50.686698],[7.127173,50.686718],[7.127311,50.686706],[7.127411,50.68673],[7.127573,50.686791],[7.12772,50.686906],[7.128005,50.687037],[7.128067,50.687117],[7.128135,50.687162],[7.128204,50.68727],[7.128328,50.68736],[7.128357,50.687416],[7.128364,50.687507],[7.128607,50.687723],[7.12866,50.687859],[7.128634,50.68794],[7.128724,50.687992],[7.128719,50.68802],[7.12867,50.688027],[7.128777,50.688139],[7.128833,50.688152],[7.128856,50.688302],[7.128983,50.688462],[7.12905,50.688507],[7.129057,50.688536],[7.129208,50.688593],[7.12931,50.688673],[7.129506,50.688969],[7.129547,50.689102],[7.129541,50.689259],[7.129584,50.689331],[7.130562,50.689636],[7.130717,50.689778],[7.130835,50.689846],[7.131,50.689869],[7.131259,50.689821],[7.131547,50.68972],[7.132013,50.689509],[7.132803,50.689244],[7.134115,50.688923],[7.135356,50.688712],[7.135531,50.688669],[7.135858,50.688569],[7.136358,50.688385],[7.136666,50.68821],[7.137102,50.688167],[7.138304,50.687928]]]]},"properties":{"district_code":"253","district":"Schweinheim","stadtbezirk":"Bad Godesberg"}},{"type":"Feature","geometry":{"type":"MultiPolygon","coordinates":[[[[7.145952,50.689056],[7.145144,50.688221],[7.14507,50.688242],[7.144233,50.687335],[7.144115,50.68728],[7.143816,50.686938],[7.1436,50.687009],[7.143276,50.686627],[7.143243,50.686647],[7.143013,50.686638],[7.143056,50.686684],[7.142531,50.686631],[7.141066,50.687074],[7.140218,50.686575],[7.139642,50.68675],[7.139941,50.6878],[7.139879,50.6878],[7.139631,50.687331],[7.139113,50.68742],[7.138623,50.687479],[7.13889,50.687927],[7.138976,50.687924],[7.139434,50.687839],[7.139486,50.688003],[7.139172,50.688047],[7.137192,50.688575],[7.136645,50.688746],[7.136205,50.688918],[7.135963,50.689055],[7.135744,50.689229],[7.135341,50.689657],[7.135216,50.689893],[7.135132,50.690252],[7.13514,50.690483],[7.135229,50.690788],[7.135377,50.691084],[7.135507,50.691274],[7.136422,50.692282],[7.135912,50.69245],[7.135872,50.692618],[7.135775,50.692872],[7.135651,50.693066],[7.135513,50.693221],[7.134985,50.693729],[7.134704,50.693959],[7.134237,50.694249],[7.139738,50.696591],[7.14545,50.692924],[7.149234,50.690546],[7.145952,50.689056]]]]},"properties":{"district_code":"254","district":"Godesberg-Nord","stadtbezirk":"Bad Godesberg"}},{"type":"Feature","geometry":{"type":"MultiPolygon","coordinates":[[[[7.160652,50.692836],[7.161791,50.692667],[7.163108,50.693313],[7.164756,50.691847],[7.1673,50.689644],[7.167474,50.689444],[7.167958,50.688793],[7.168247,50.688296],[7.168353,50.688067],[7.165011,50.686704],[7.163993,50.684964],[7.163158,50.683798],[7.162452,50.682535],[7.162466,50.68248],[7.162292,50.682118],[7.158079,50.684852],[7.151591,50.689001],[7.149234,50.690546],[7.148092,50.691266],[7.149871,50.692197],[7.151939,50.692925],[7.153905,50.693703],[7.155309,50.694379],[7.157134,50.695211],[7.158649,50.694066],[7.160323,50.692881],[7.160652,50.692836]]]]},"properties":{"district_code":"255","district":"Godesberg-Villenviertel","stadtbezirk":"Bad Godesberg"}},{"type":"Feature","geometry":{"type":"MultiPolygon","coordinates":[[[[7.129961,50.702896],[7.139738,50.696591],[7.134237,50.694249],[7.134704,50.693959],[7.134985,50.693729],[7.135513,50.693221],[7.135651,50.693066],[7.135775,50.692872],[7.135872,50.692618],[7.135912,50.69245],[7.136422,50.692282],[7.135507,50.691274],[7.135377,50.691084],[7.135229,50.690788],[7.13514,50.690483],[7.135132,50.690252],[7.135216,50.689893],[7.135341,50.689657],[7.135744,50.689229],[7.135963,50.689055],[7.136205,50.688918],[7.136645,50.688746],[7.137192,50.688575],[7.139172,50.688047],[7.139486,50.688003],[7.139434,50.687839],[7.138976,50.687924],[7.138808,50.687929],[7.138469,50.687893],[7.137102,50.688167],[7.136666,50.68821],[7.136358,50.688385],[7.135858,50.688569],[7.135531,50.688669],[7.135356,50.688712],[7.134115,50.688923],[7.132803,50.689244],[7.132013,50.689509],[7.131547,50.68972],[7.131259,50.689821],[7.131051,50.689865],[7.130948,50.68987],[7.130868,50.689855],[7.130717,50.689778],[7.130562,50.689636],[7.129584,50.689331],[7.129541,50.689259],[7.129547,50.689102],[7.129506,50.688969],[7.12931,50.688673],[7.129208,50.688593],[7.129057,50.688536],[7.12905,50.688507],[7.128983,50.688462],[7.128856,50.688302],[7.128833,50.688152],[7.128777,50.688139],[7.12867,50.688027],[7.128719,50.68802],[7.128724,50.687992],[7.128634,50.68794],[7.12866,50.687859],[7.128607,50.687723],[7.128364,50.687507],[7.128357,50.687416],[7.128328,50.68736],[7.128204,50.68727],[7.128135,50.687162],[7.128067,50.687117],[7.128005,50.687037],[7.12772,50.686906],[7.127573,50.686791],[7.127411,50.68673],[7.127311,50.686706],[7.127173,50.686718],[7.127035,50.686698],[7.126734,50.686589],[7.126385,50.686548],[7.126266,50.686508],[7.12605,50.686398],[7.125805,50.686401],[7.125524,50.686368],[7.12515,50.686256],[7.124955,50.686174],[7.124742,50.686046],[7.124502,50.68595],[7.124294,50.685812],[7.12416,50.685778],[7.124003,50.685653],[7.123813,50.685571],[7.123389,50.685431],[7.123249,50.685344],[7.122641,50.68488],[7.122512,50.684807],[7.122229,50.684768],[7.122151,50.684744],[7.122021,50.684615],[7.121903,50.684535],[7.12185,50.684406],[7.121778,50.684372],[7.121692,50.684278],[7.12162,50.684243],[7.121545,50.684118],[7.121434,50.684036],[7.12128,50.683774],[7.12073,50.683217],[7.120633,50.683145],[7.12045,50.683067],[7.119771,50.682954],[7.11966,50.68292],[7.119202,50.682707],[7.118682,50.68196],[7.117963,50.682001],[7.117698,50.682083],[7.116502,50.682656],[7.114387,50.68355],[7.108155,50.687379],[7.108534,50.687931],[7.108649,50.688301],[7.108734,50.68839],[7.108602,50.688652],[7.108838,50.688919],[7.108988,50.68922],[7.108991,50.689286],[7.109185,50.689517],[7.109327,50.689853],[7.109414,50.689836],[7.109448,50.68989],[7.109363,50.689931],[7.109291,50.690212],[7.109343,50.690358],[7.109426,50.690478],[7.109598,50.690559],[7.109597,50.690702],[7.109727,50.690945],[7.109853,50.691007],[7.109905,50.691108],[7.110094,50.691225],[7.110245,50.691285],[7.110394,50.691501],[7.11066,50.691526],[7.110849,50.691588],[7.111004,50.691595],[7.111138,50.691644],[7.111304,50.691654],[7.111543,50.691789],[7.111914,50.691899],[7.111679,50.692523],[7.111335,50.692874],[7.111735,50.692959],[7.112331,50.693176],[7.112902,50.693165],[7.113096,50.693208],[7.113625,50.693569],[7.113736,50.693998],[7.113892,50.694124],[7.113822,50.694191],[7.1139,50.694243],[7.114007,50.694285],[7.114444,50.694612],[7.115359,50.694917],[7.114749,50.695381],[7.114762,50.695424],[7.114444,50.695616],[7.114501,50.695696],[7.114613,50.695751],[7.11467,50.695814],[7.114748,50.695848],[7.11475,50.695905],[7.114839,50.695953],[7.114927,50.695963],[7.115013,50.696014],[7.115054,50.696112],[7.115045,50.696284],[7.115335,50.696499],[7.115575,50.696517],[7.115692,50.696541],[7.115946,50.696668],[7.115943,50.696727],[7.116138,50.696883],[7.116297,50.696855],[7.116535,50.696907],[7.116771,50.696989],[7.116636,50.697086],[7.116638,50.697122],[7.117297,50.697449],[7.117754,50.697657],[7.117839,50.697671],[7.117911,50.69773],[7.118148,50.697845],[7.117725,50.698191],[7.117438,50.698368],[7.117324,50.698458],[7.118249,50.6988],[7.119201,50.699072],[7.119069,50.699171],[7.119826,50.699563],[7.119944,50.699486],[7.120255,50.699666],[7.120065,50.699798],[7.120734,50.700152],[7.121729,50.700806],[7.121965,50.700682],[7.122197,50.700824],[7.122177,50.70084],[7.122261,50.700903],[7.122482,50.701032],[7.122555,50.701126],[7.122694,50.701166],[7.12363,50.701732],[7.123688,50.701708],[7.124163,50.702019],[7.125132,50.702591],[7.125513,50.702352],[7.126057,50.70275],[7.126801,50.703635],[7.127069,50.703882],[7.127286,50.704047],[7.127323,50.704121],[7.127664,50.704405],[7.127245,50.704605],[7.127243,50.70465],[7.127576,50.70483],[7.127702,50.704823],[7.129214,50.703472],[7.129478,50.703253],[7.129961,50.702896]]]]},"properties":{"district_code":"260","district":"Friesdorf","stadtbezirk":"Bad Godesberg"}},{"type":"Feature","geometry":{"type":"MultiPolygon","coordinates":[[[[7.156522,50.707422],[7.157863,50.706606],[7.158594,50.706139],[7.15922,50.705695],[7.159275,50.705728],[7.159455,50.705601],[7.160661,50.706267],[7.161696,50.70678],[7.162967,50.705556],[7.16315,50.705415],[7.164639,50.703749],[7.16599,50.702195],[7.166104,50.702158],[7.166159,50.702103],[7.166594,50.701476],[7.16691,50.700942],[7.164811,50.700336],[7.16413,50.700827],[7.163458,50.700567],[7.16116,50.699815],[7.159261,50.699153],[7.159951,50.698418],[7.159993,50.698323],[7.160004,50.698186],[7.15988,50.697741],[7.159793,50.697532],[7.159638,50.697392],[7.159289,50.69718],[7.160124,50.696585],[7.157883,50.69551],[7.157803,50.69551],[7.157134,50.695211],[7.155309,50.694379],[7.153905,50.693703],[7.151939,50.692925],[7.149871,50.692197],[7.148092,50.691266],[7.14545,50.692924],[7.139738,50.696591],[7.141076,50.697174],[7.141497,50.697206],[7.142013,50.6972],[7.14224,50.697213],[7.142509,50.697252],[7.142765,50.69733],[7.144911,50.698314],[7.146447,50.699081],[7.14749,50.699643],[7.148975,50.700657],[7.149438,50.700947],[7.152521,50.702558],[7.152884,50.702712],[7.153167,50.702802],[7.152936,50.702873],[7.152478,50.703161],[7.153494,50.7038],[7.15338,50.703991],[7.152365,50.705049],[7.151842,50.705419],[7.152184,50.705876],[7.152523,50.706231],[7.152373,50.706343],[7.154432,50.707504],[7.154609,50.707393],[7.154763,50.707379],[7.155751,50.707896],[7.156522,50.707422]]]]},"properties":{"district_code":"261","district":"Neu-Plittersdorf","stadtbezirk":"Bad Godesberg"}},{"type":"Feature","geometry":{"type":"MultiPolygon","coordinates":[[[[7.16691,50.700942],[7.16732,50.700254],[7.167546,50.699983],[7.168545,50.697682],[7.169348,50.695759],[7.17001,50.694082],[7.169989,50.69392],[7.169903,50.69382],[7.169793,50.693743],[7.169816,50.693718],[7.169884,50.693733],[7.170091,50.693854],[7.170626,50.692786],[7.171095,50.691786],[7.17118,50.691803],[7.171558,50.690903],[7.170441,50.690595],[7.170334,50.690545],[7.170273,50.690495],[7.170116,50.690245],[7.169946,50.690153],[7.167474,50.689444],[7.1673,50.689644],[7.164756,50.691847],[7.163108,50.693313],[7.161791,50.692667],[7.160323,50.692881],[7.158649,50.694066],[7.157134,50.695211],[7.157803,50.69551],[7.157883,50.69551],[7.160124,50.696585],[7.159289,50.69718],[7.159638,50.697392],[7.159793,50.697532],[7.15988,50.697741],[7.160004,50.698186],[7.159993,50.698323],[7.159951,50.698418],[7.159261,50.699153],[7.16116,50.699815],[7.163458,50.700567],[7.16413,50.700827],[7.164811,50.700336],[7.16691,50.700942]]]]},"properties":{"district_code":"262","district":"Alt-Plittersdorf","stadtbezirk":"Bad Godesberg"}},{"type":"Feature","geometry":{"type":"MultiPolygon","coordinates":[[[[7.186014,50.673488],[7.18787,50.671126],[7.188044,50.671168],[7.18833,50.670881],[7.188387,50.670853],[7.188473,50.670866],[7.188513,50.670825],[7.186732,50.670282],[7.186325,50.670131],[7.186078,50.670082],[7.183653,50.669095],[7.183402,50.668965],[7.183006,50.668799],[7.182455,50.66861],[7.182141,50.668471],[7.177078,50.67252],[7.175577,50.673604],[7.172464,50.675575],[7.162292,50.682118],[7.162466,50.68248],[7.162452,50.682535],[7.163158,50.683798],[7.163993,50.684964],[7.165011,50.686704],[7.168353,50.688067],[7.168247,50.688296],[7.167958,50.688793],[7.167474,50.689444],[7.169946,50.690153],[7.170116,50.690245],[7.170273,50.690495],[7.170334,50.690545],[7.170441,50.690595],[7.171558,50.690903],[7.172579,50.688748],[7.173202,50.687539],[7.174094,50.685882],[7.174686,50.685053],[7.174924,50.684803],[7.17529,50.684466],[7.176077,50.683826],[7.176199,50.683761],[7.176802,50.683271],[7.177735,50.682432],[7.178691,50.681542],[7.180672,50.679584],[7.181899,50.67833],[7.182998,50.677118],[7.185168,50.674633],[7.185169,50.674494],[7.186014,50.673488]]]]},"properties":{"district_code":"263","district":"Rüngsdorf","stadtbezirk":"Bad Godesberg"}},{"type":"Feature","geometry":{"type":"MultiPolygon","coordinates":[[[[7.159537,50.675891],[7.160755,50.674595],[7.161279,50.674209],[7.161781,50.673971],[7.162121,50.67377],[7.16304,50.672886],[7.163702,50.672113],[7.163954,50.671756],[7.164638,50.670652],[7.165615,50.669489],[7.165666,50.669398],[7.166432,50.668735],[7.167197,50.668131],[7.167626,50.66784],[7.16788,50.667689],[7.168173,50.667551],[7.166858,50.666932],[7.166446,50.666728],[7.166361,50.666671],[7.166305,50.666525],[7.166285,50.666354],[7.166328,50.666215],[7.166464,50.665926],[7.166486,50.665803],[7.166473,50.665705],[7.166449,50.665652],[7.166369,50.665567],[7.166194,50.665474],[7.165994,50.665426],[7.165992,50.665331],[7.166018,50.665259],[7.165884,50.665239],[7.165737,50.665159],[7.1657,50.665194],[7.165675,50.665154],[7.165075,50.664748],[7.164845,50.664654],[7.164546,50.664561],[7.164466,50.664511],[7.164421,50.664509],[7.164307,50.664448],[7.163569,50.664282],[7.163658,50.664098],[7.163378,50.664005],[7.16322,50.664433],[7.163074,50.664582],[7.16296,50.664853],[7.162831,50.665056],[7.162067,50.665078],[7.161669,50.665186],[7.161552,50.665247],[7.161404,50.66538],[7.160881,50.66553],[7.160686,50.665536],[7.160426,50.665519],[7.160198,50.665474],[7.159853,50.665451],[7.159702,50.665423],[7.159201,50.665198],[7.158851,50.664982],[7.157742,50.664591],[7.156607,50.664252],[7.156506,50.664607],[7.156247,50.664942],[7.15663,50.665116],[7.155441,50.66612],[7.155301,50.666352],[7.155442,50.666376],[7.15522,50.666643],[7.154874,50.666839],[7.15441,50.666689],[7.154227,50.66665],[7.153157,50.666534],[7.152569,50.666623],[7.152333,50.666465],[7.152044,50.666316],[7.152108,50.666928],[7.152657,50.668403],[7.152715,50.668638],[7.152717,50.668882],[7.152616,50.669249],[7.152509,50.669419],[7.152336,50.669598],[7.152138,50.669766],[7.151872,50.66992],[7.151519,50.67006],[7.150221,50.670367],[7.150051,50.670431],[7.149914,50.670507],[7.149819,50.670579],[7.149731,50.67069],[7.149705,50.670884],[7.149725,50.670989],[7.149779,50.671061],[7.149894,50.671148],[7.150166,50.67126],[7.150489,50.671332],[7.150648,50.671343],[7.151954,50.67133],[7.152207,50.671348],[7.152593,50.671408],[7.152748,50.671484],[7.153044,50.671692],[7.15312,50.67183],[7.153138,50.671924],[7.153127,50.672093],[7.153077,50.672226],[7.152926,50.672456],[7.152222,50.673327],[7.152124,50.673516],[7.152107,50.673725],[7.152144,50.673871],[7.152283,50.674091],[7.152618,50.674529],[7.152855,50.674785],[7.153205,50.675002],[7.153412,50.675081],[7.153593,50.675127],[7.153775,50.675158],[7.153938,50.67516],[7.154252,50.67515],[7.154587,50.675103],[7.155526,50.67492],[7.155987,50.674859],[7.156333,50.67489],[7.156602,50.674941],[7.156729,50.67498],[7.156995,50.675097],[7.15729,50.675313],[7.157373,50.675421],[7.157738,50.676137],[7.158442,50.676906],[7.159097,50.676315],[7.159537,50.675891]]]]},"properties":{"district_code":"264","district":"Muffendorf","stadtbezirk":"Bad Godesberg"}},{"type":"Feature","geometry":{"type":"MultiPolygon","coordinates":[[[[7.173878,50.674675],[7.175236,50.673819],[7.174861,50.673552],[7.173877,50.67409],[7.173714,50.674146],[7.173325,50.674335],[7.171219,50.673414],[7.171127,50.673425],[7.171296,50.673332],[7.17155,50.673106],[7.170944,50.672853],[7.171678,50.672185],[7.171866,50.672258],[7.172587,50.671629],[7.172659,50.671619],[7.172731,50.67153],[7.170327,50.670726],[7.170351,50.670471],[7.170324,50.670337],[7.170078,50.670314],[7.169744,50.670247],[7.168592,50.669818],[7.16842,50.669877],[7.167989,50.669706],[7.167977,50.669545],[7.167464,50.66953],[7.167119,50.669475],[7.165944,50.669145],[7.165666,50.669398],[7.165615,50.669489],[7.164638,50.670652],[7.163954,50.671756],[7.163702,50.672113],[7.16304,50.672886],[7.162121,50.67377],[7.161781,50.673971],[7.161279,50.674209],[7.160755,50.674595],[7.159469,50.675963],[7.158442,50.676906],[7.158616,50.677355],[7.158758,50.677609],[7.159776,50.678989],[7.160069,50.679302],[7.161816,50.681014],[7.161884,50.681144],[7.162033,50.681653],[7.162292,50.682118],[7.173878,50.674675]]]]},"properties":{"district_code":"265","district":"Pennenfeld","stadtbezirk":"Bad Godesberg"}},{"type":"Feature","geometry":{"type":"MultiPolygon","coordinates":[[[[7.173877,50.67409],[7.174861,50.673552],[7.175236,50.673819],[7.175577,50.673604],[7.177078,50.67252],[7.182141,50.668471],[7.182689,50.668009],[7.183164,50.667556],[7.186571,50.663766],[7.186258,50.663452],[7.185983,50.66323],[7.185737,50.662958],[7.18559,50.662641],[7.185415,50.662571],[7.185323,50.662606],[7.185071,50.662654],[7.183934,50.662709],[7.182502,50.662752],[7.179759,50.662978],[7.179656,50.662967],[7.17958,50.662927],[7.179509,50.662863],[7.179908,50.662665],[7.18016,50.662513],[7.180394,50.662345],[7.180644,50.662142],[7.181043,50.661746],[7.179756,50.66093],[7.178112,50.661901],[7.176979,50.66111],[7.177088,50.660971],[7.177124,50.660893],[7.177102,50.660756],[7.177043,50.660661],[7.176566,50.66015],[7.176421,50.659961],[7.176341,50.659837],[7.176224,50.659583],[7.176186,50.659452],[7.176196,50.659253],[7.176396,50.65856],[7.176716,50.657496],[7.176895,50.657084],[7.176898,50.65682],[7.176857,50.656693],[7.176762,50.656558],[7.176607,50.656353],[7.176274,50.656027],[7.174777,50.654891],[7.174656,50.654826],[7.173938,50.654286],[7.173705,50.654057],[7.173664,50.654003],[7.173402,50.652914],[7.17334,50.652739],[7.173156,50.652516],[7.172804,50.652193],[7.172066,50.651618],[7.172052,50.651809],[7.170154,50.651621],[7.17011,50.652437],[7.168276,50.652248],[7.167978,50.652206],[7.16792,50.652343],[7.165631,50.65224],[7.165321,50.652906],[7.163579,50.652494],[7.163001,50.653291],[7.16234,50.653425],[7.162504,50.653741],[7.162665,50.653959],[7.16244,50.654101],[7.161543,50.654576],[7.161601,50.654651],[7.161723,50.654738],[7.161641,50.654845],[7.161385,50.65487],[7.161323,50.654847],[7.161098,50.654864],[7.16078,50.654866],[7.160595,50.654838],[7.160462,50.654875],[7.160288,50.65483],[7.160192,50.654861],[7.16002,50.654959],[7.159935,50.654943],[7.159876,50.654952],[7.15983,50.655035],[7.159656,50.655119],[7.159701,50.655193],[7.159555,50.655442],[7.159398,50.655661],[7.159356,50.655655],[7.159256,50.655812],[7.159208,50.655835],[7.158434,50.65689],[7.15781,50.657482],[7.157486,50.657764],[7.157339,50.65786],[7.156932,50.658021],[7.159095,50.65859],[7.15981,50.65891],[7.160526,50.659263],[7.160754,50.659145],[7.161361,50.65953],[7.161974,50.660005],[7.163004,50.660488],[7.163463,50.660813],[7.163221,50.660768],[7.163479,50.660946],[7.163397,50.660946],[7.163702,50.661279],[7.163388,50.661206],[7.163616,50.661367],[7.163022,50.662433],[7.162995,50.662607],[7.162808,50.663029],[7.162735,50.663009],[7.162363,50.663418],[7.1632,50.663604],[7.163174,50.663767],[7.163265,50.663837],[7.163304,50.663899],[7.163277,50.663985],[7.163378,50.664005],[7.163658,50.664098],[7.163569,50.664282],[7.164307,50.664448],[7.164421,50.664509],[7.164466,50.664511],[7.164546,50.664561],[7.164845,50.664654],[7.165075,50.664748],[7.165675,50.665154],[7.1657,50.665194],[7.165737,50.665159],[7.165884,50.665239],[7.166018,50.665259],[7.165992,50.665331],[7.165994,50.665426],[7.166194,50.665474],[7.166369,50.665567],[7.166449,50.665652],[7.166473,50.665705],[7.166486,50.665803],[7.166464,50.665926],[7.166328,50.666215],[7.166285,50.666354],[7.166305,50.666525],[7.166361,50.666671],[7.166446,50.666728],[7.166858,50.666932],[7.168173,50.667551],[7.16788,50.667689],[7.167626,50.66784],[7.167197,50.668131],[7.166432,50.668735],[7.165944,50.669145],[7.167119,50.669475],[7.167464,50.66953],[7.167977,50.669545],[7.167989,50.669706],[7.16842,50.669877],[7.168592,50.669818],[7.169744,50.670247],[7.170078,50.670314],[7.170324,50.670337],[7.170351,50.670471],[7.170327,50.670726],[7.172731,50.67153],[7.172659,50.671619],[7.172587,50.671629],[7.171866,50.672258],[7.171678,50.672185],[7.170944,50.672853],[7.17155,50.673106],[7.171296,50.673332],[7.171127,50.673425],[7.171219,50.673414],[7.173325,50.674335],[7.173714,50.674146],[7.173877,50.67409]]]]},"properties":{"district_code":"266","district":"Lannesdorf","stadtbezirk":"Bad Godesberg"}},{"type":"Feature","geometry":{"type":"MultiPolygon","coordinates":[[[[7.195028,50.663264],[7.19507,50.663224],[7.1952,50.663271],[7.195247,50.663214],[7.195501,50.663252],[7.196995,50.661759],[7.196774,50.661724],[7.198136,50.660202],[7.19859,50.659722],[7.199184,50.659153],[7.19971,50.658694],[7.200039,50.658756],[7.200798,50.658007],[7.200558,50.657961],[7.201362,50.657252],[7.202145,50.656488],[7.202647,50.655704],[7.202799,50.655731],[7.202913,50.655475],[7.20308,50.655229],[7.203213,50.6551],[7.203323,50.655024],[7.203496,50.654986],[7.203702,50.654696],[7.204071,50.654321],[7.204175,50.654253],[7.204343,50.654236],[7.204527,50.653928],[7.204869,50.653576],[7.205073,50.653494],[7.205515,50.652893],[7.205719,50.652733],[7.205827,50.652753],[7.205825,50.652676],[7.205896,50.65252],[7.206032,50.65234],[7.206115,50.652116],[7.206207,50.65202],[7.206312,50.651757],[7.206419,50.651702],[7.206538,50.651611],[7.207081,50.649682],[7.207121,50.649303],[7.206404,50.64921],[7.205366,50.649098],[7.205156,50.649536],[7.204724,50.649438],[7.203261,50.649183],[7.202934,50.649931],[7.202327,50.649738],[7.200721,50.649299],[7.200982,50.64891],[7.200561,50.648822],[7.191321,50.6585],[7.189991,50.659948],[7.183164,50.667556],[7.182689,50.668009],[7.182141,50.668471],[7.182455,50.66861],[7.183006,50.668799],[7.183402,50.668965],[7.183653,50.669095],[7.186078,50.670082],[7.186325,50.670131],[7.186732,50.670282],[7.188513,50.670825],[7.188573,50.670765],[7.188552,50.670661],[7.189606,50.669589],[7.190379,50.66867],[7.192514,50.666436],[7.192502,50.666251],[7.193285,50.665405],[7.193083,50.665323],[7.193682,50.664682],[7.194517,50.663953],[7.195192,50.663331],[7.195028,50.663264]]]]},"properties":{"district_code":"267","district":"Mehlem-Rheinaue","stadtbezirk":"Bad Godesberg"}},{"type":"Feature","geometry":{"type":"MultiPolygon","coordinates":[[[[7.186928,50.663367],[7.189991,50.659948],[7.191321,50.6585],[7.200561,50.648822],[7.199171,50.648433],[7.19895,50.648304],[7.199842,50.647606],[7.198898,50.647083],[7.198278,50.646676],[7.197355,50.646034],[7.197152,50.645636],[7.196598,50.644871],[7.195112,50.642925],[7.194306,50.642483],[7.192508,50.644493],[7.192561,50.644873],[7.191229,50.645261],[7.188671,50.647754],[7.188698,50.648249],[7.188743,50.64853],[7.187043,50.648812],[7.187279,50.649357],[7.186943,50.649425],[7.185722,50.649736],[7.186074,50.650567],[7.18544,50.650691],[7.185254,50.650702],[7.183886,50.651125],[7.183929,50.651185],[7.182565,50.651654],[7.181322,50.652133],[7.180926,50.65223],[7.180814,50.652272],[7.179988,50.652311],[7.179749,50.652299],[7.179402,50.652209],[7.179239,50.652059],[7.17866,50.652217],[7.178416,50.652026],[7.177872,50.652252],[7.177606,50.652474],[7.177283,50.652688],[7.176251,50.652057],[7.175692,50.651459],[7.175336,50.651157],[7.174966,50.651023],[7.174439,50.650995],[7.173376,50.651003],[7.17275,50.65193],[7.17222,50.651577],[7.172066,50.651618],[7.172804,50.652193],[7.173156,50.652516],[7.17334,50.652739],[7.173402,50.652914],[7.173664,50.654003],[7.173705,50.654057],[7.173938,50.654286],[7.174656,50.654826],[7.174777,50.654891],[7.176274,50.656027],[7.176607,50.656353],[7.176857,50.656693],[7.176898,50.65682],[7.176895,50.657084],[7.176716,50.657496],[7.176396,50.65856],[7.176196,50.659253],[7.176186,50.659452],[7.176224,50.659583],[7.176341,50.659837],[7.176421,50.659961],[7.176566,50.66015],[7.177043,50.660661],[7.177102,50.660756],[7.177124,50.660893],[7.177088,50.660971],[7.176979,50.66111],[7.178112,50.661901],[7.179756,50.66093],[7.181043,50.661746],[7.180644,50.662142],[7.180394,50.662345],[7.18016,50.662513],[7.179908,50.662665],[7.179509,50.662863],[7.17958,50.662927],[7.179656,50.662967],[7.179759,50.662978],[7.182502,50.662752],[7.183934,50.662709],[7.185071,50.662654],[7.185323,50.662606],[7.185415,50.662571],[7.18559,50.662641],[7.185737,50.662958],[7.185983,50.66323],[7.186258,50.663452],[7.186571,50.663766],[7.186928,50.663367]]]]},"properties":{"district_code":"268","district":"Obermehlem","stadtbezirk":"Bad Godesberg"}},{"type":"Feature","geometry":{"type":"MultiPolygon","coordinates":[[[[7.152071,50.666692],[7.152044,50.666316],[7.152333,50.666465],[7.152569,50.666623],[7.153157,50.666534],[7.154227,50.66665],[7.15441,50.666689],[7.154874,50.666839],[7.15522,50.666643],[7.155442,50.666376],[7.155301,50.666352],[7.155441,50.66612],[7.15663,50.665116],[7.156247,50.664942],[7.156506,50.664607],[7.156607,50.664252],[7.157742,50.664591],[7.158851,50.664982],[7.159201,50.665198],[7.159702,50.665423],[7.159853,50.665451],[7.160198,50.665474],[7.160426,50.665519],[7.160686,50.665536],[7.160881,50.66553],[7.161404,50.66538],[7.161552,50.665247],[7.161669,50.665186],[7.162067,50.665078],[7.162831,50.665056],[7.16296,50.664853],[7.163074,50.664582],[7.16322,50.664433],[7.163378,50.664005],[7.163277,50.663985],[7.163304,50.663899],[7.163265,50.663837],[7.163174,50.663767],[7.1632,50.663604],[7.162363,50.663418],[7.162735,50.663009],[7.162808,50.663029],[7.162995,50.662607],[7.163022,50.662433],[7.163616,50.661367],[7.163388,50.661206],[7.163702,50.661279],[7.163397,50.660946],[7.163479,50.660946],[7.163221,50.660768],[7.163463,50.660813],[7.163004,50.660488],[7.161974,50.660005],[7.161361,50.65953],[7.160754,50.659145],[7.160526,50.659263],[7.15981,50.65891],[7.159095,50.65859],[7.156932,50.658021],[7.157339,50.65786],[7.157486,50.657764],[7.15781,50.657482],[7.158434,50.65689],[7.159208,50.655835],[7.159256,50.655812],[7.159356,50.655655],[7.159398,50.655661],[7.159555,50.655442],[7.159701,50.655193],[7.159656,50.655119],[7.15983,50.655035],[7.159876,50.654952],[7.159702,50.654968],[7.159639,50.654914],[7.159532,50.654901],[7.159354,50.654831],[7.15928,50.65483],[7.159211,50.654771],[7.159018,50.65477],[7.15888,50.654723],[7.158796,50.654712],[7.158688,50.654731],[7.158613,50.654766],[7.158452,50.654945],[7.158279,50.655064],[7.15807,50.655103],[7.157876,50.65506],[7.157746,50.655057],[7.157569,50.654949],[7.157432,50.654946],[7.157205,50.654973],[7.156977,50.654976],[7.156679,50.654914],[7.1566,50.654868],[7.156589,50.654832],[7.156518,50.654808],[7.156403,50.654791],[7.155957,50.654789],[7.15589,50.654778],[7.155794,50.654639],[7.155739,50.654593],[7.15523,50.654574],[7.155214,50.654546],[7.155146,50.654525],[7.155017,50.654512],[7.154836,50.654533],[7.15477,50.654497],[7.154476,50.654533],[7.154328,50.654495],[7.154208,50.654441],[7.154097,50.65444],[7.154005,50.654459],[7.153912,50.654449],[7.153524,50.654253],[7.153461,50.654196],[7.153372,50.654161],[7.153296,50.654103],[7.15306,50.653991],[7.152874,50.653834],[7.152631,50.653718],[7.152592,50.653647],[7.152537,50.653639],[7.152254,50.65368],[7.151467,50.653624],[7.151269,50.653578],[7.151173,50.653573],[7.150984,50.653508],[7.150779,50.653485],[7.150714,50.653437],[7.150648,50.653413],[7.150236,50.653429],[7.150132,50.653467],[7.149985,50.653471],[7.149879,50.653458],[7.149661,50.65338],[7.149591,50.653319],[7.149514,50.653305],[7.149451,50.653272],[7.149408,50.653292],[7.149379,50.65328],[7.149344,50.653228],[7.149077,50.653104],[7.14899,50.653087],[7.148846,50.653032],[7.148591,50.652988],[7.147955,50.652697],[7.147649,50.652648],[7.147541,50.652579],[7.146907,50.652449],[7.146725,50.652306],[7.146635,50.652192],[7.146461,50.652134],[7.146328,50.651928],[7.146034,50.651803],[7.145822,50.651781],[7.145634,50.651788],[7.145442,50.651871],[7.145314,50.651843],[7.145009,50.651726],[7.144251,50.651124],[7.142732,50.650999],[7.142672,50.651078],[7.14261,50.651079],[7.142116,50.650869],[7.140903,50.650435],[7.140331,50.650302],[7.139468,50.650218],[7.139135,50.65016],[7.139402,50.649505],[7.138407,50.649316],[7.138412,50.649141],[7.138353,50.648884],[7.137815,50.648837],[7.133086,50.648317],[7.131576,50.648174],[7.127693,50.647141],[7.125053,50.651716],[7.124736,50.651915],[7.121907,50.653854],[7.121461,50.654187],[7.121946,50.654328],[7.12236,50.654422],[7.123151,50.654512],[7.123676,50.654551],[7.123494,50.654728],[7.123295,50.654979],[7.123837,50.655208],[7.122664,50.65595],[7.12203,50.656203],[7.122713,50.65657],[7.122958,50.656729],[7.123368,50.65704],[7.123771,50.657443],[7.123989,50.657728],[7.124387,50.65818],[7.124746,50.658516],[7.125219,50.658867],[7.12572,50.659168],[7.126029,50.659312],[7.12631,50.65942],[7.127995,50.66003],[7.129665,50.660852],[7.130304,50.661196],[7.130595,50.661377],[7.130913,50.661614],[7.131253,50.661914],[7.131483,50.662173],[7.131636,50.662415],[7.131851,50.662855],[7.132114,50.663884],[7.133753,50.663416],[7.133946,50.663373],[7.134342,50.66334],[7.134468,50.663364],[7.135165,50.663707],[7.136437,50.66427],[7.137031,50.664591],[7.137731,50.665027],[7.13861,50.665739],[7.14187,50.666457],[7.142036,50.666482],[7.143634,50.666467],[7.14374,50.666483],[7.144275,50.66665],[7.14455,50.666758],[7.144812,50.666948],[7.145472,50.667641],[7.146983,50.66868],[7.148159,50.669604],[7.148878,50.67003],[7.14922,50.670434],[7.149411,50.670582],[7.149731,50.67069],[7.149819,50.670579],[7.149914,50.670507],[7.150051,50.670431],[7.150221,50.670367],[7.151519,50.67006],[7.151872,50.66992],[7.152138,50.669766],[7.152336,50.669598],[7.152509,50.669419],[7.152616,50.669249],[7.152717,50.668882],[7.152715,50.668638],[7.152657,50.668403],[7.152184,50.667164],[7.152108,50.666928],[7.152071,50.666692]]]]},"properties":{"district_code":"269","district":"Heiderhof","stadtbezirk":"Bad Godesberg"}},{"type":"Feature","geometry":{"type":"MultiPolygon","coordinates":[[[[7.124166,50.743391],[7.12423,50.743347],[7.125182,50.74343],[7.125754,50.743448],[7.1261,50.743417],[7.126172,50.743373],[7.126022,50.742918],[7.125948,50.742518],[7.125929,50.74166],[7.125983,50.741339],[7.126036,50.741183],[7.12619,50.740809],[7.126599,50.740083],[7.12838,50.73742],[7.128083,50.737347],[7.127892,50.737254],[7.127637,50.737178],[7.126814,50.736972],[7.126768,50.73704],[7.126554,50.736985],[7.12643,50.737007],[7.127468,50.735632],[7.122994,50.732717],[7.1201,50.731674],[7.118511,50.731081],[7.117437,50.730704],[7.117501,50.730633],[7.116651,50.730331],[7.116204,50.730835],[7.115866,50.731273],[7.115559,50.731743],[7.115368,50.732087],[7.114139,50.734666],[7.113823,50.735372],[7.113334,50.736782],[7.113335,50.736821],[7.113375,50.736848],[7.112866,50.738481],[7.112868,50.738598],[7.112778,50.738888],[7.112485,50.740181],[7.112491,50.740217],[7.112522,50.740242],[7.112689,50.740254],[7.112732,50.740729],[7.112415,50.741337],[7.112591,50.741364],[7.112088,50.741964],[7.112027,50.74212],[7.112121,50.742131],[7.112623,50.742337],[7.112668,50.742265],[7.113208,50.742305],[7.113249,50.742382],[7.113324,50.742433],[7.113591,50.742521],[7.113879,50.742607],[7.114385,50.742687],[7.116103,50.742819],[7.116667,50.742847],[7.118065,50.742974],[7.118116,50.743003],[7.119311,50.743109],[7.120716,50.743295],[7.121109,50.743335],[7.121672,50.743358],[7.122221,50.743357],[7.1227,50.7439],[7.123607,50.743633],[7.124003,50.743481],[7.124166,50.743391]]]]},"properties":{"district_code":"371","district":"Beuel-Zentrum","stadtbezirk":"Beuel"}},{"type":"Feature","geometry":{"type":"MultiPolygon","coordinates":[[[[7.132422,50.75456],[7.13295,50.754551],[7.133118,50.754592],[7.134974,50.755484],[7.133242,50.752587],[7.132555,50.751603],[7.126876,50.744522],[7.126413,50.743823],[7.126172,50.743373],[7.1261,50.743417],[7.125754,50.743448],[7.125574,50.743447],[7.124703,50.743397],[7.12423,50.743347],[7.124003,50.743481],[7.123607,50.743633],[7.1227,50.7439],[7.122221,50.743357],[7.121672,50.743358],[7.121109,50.743335],[7.120716,50.743295],[7.119311,50.743109],[7.118116,50.743003],[7.118065,50.742974],[7.116667,50.742847],[7.116103,50.742819],[7.114385,50.742687],[7.113879,50.742607],[7.113591,50.742521],[7.113324,50.742433],[7.113249,50.742382],[7.113208,50.742305],[7.112668,50.742265],[7.112623,50.742337],[7.112121,50.742131],[7.112027,50.74212],[7.11152,50.74341],[7.111173,50.743973],[7.111,50.744222],[7.109731,50.745753],[7.109235,50.746574],[7.10773,50.750154],[7.107745,50.750239],[7.107966,50.750459],[7.107955,50.750558],[7.10742,50.751319],[7.107264,50.751584],[7.107146,50.751703],[7.107025,50.751766],[7.10691,50.751793],[7.10688,50.751817],[7.106883,50.751845],[7.10697,50.751923],[7.107103,50.751991],[7.107145,50.752129],[7.107113,50.752221],[7.107036,50.752329],[7.106823,50.752465],[7.106526,50.752913],[7.106549,50.752974],[7.106891,50.75289],[7.106906,50.752961],[7.106963,50.753007],[7.108198,50.753374],[7.108769,50.753504],[7.108944,50.753563],[7.109617,50.753648],[7.109974,50.753743],[7.110266,50.753749],[7.110322,50.753761],[7.110502,50.753861],[7.110208,50.753986],[7.110251,50.754093],[7.111253,50.75395],[7.11168,50.753839],[7.112572,50.753797],[7.113326,50.75382],[7.113445,50.753811],[7.114378,50.753642],[7.115247,50.753525],[7.115479,50.753508],[7.11563,50.753512],[7.116549,50.753745],[7.118358,50.754173],[7.118396,50.754117],[7.118613,50.754239],[7.118781,50.754531],[7.11899,50.754785],[7.119919,50.755229],[7.121961,50.755735],[7.122724,50.75585],[7.123819,50.755976],[7.124614,50.755965],[7.125015,50.755929],[7.126028,50.755816],[7.126844,50.755679],[7.129203,50.755474],[7.131529,50.754854],[7.132422,50.75456]]]]},"properties":{"district_code":"372","district":"Vilich/Rheindorf","stadtbezirk":"Beuel"}},{"type":"Feature","geometry":{"type":"MultiPolygon","coordinates":[[[[7.14589,50.73831],[7.147534,50.73641],[7.147015,50.736139],[7.146936,50.736016],[7.14694,50.735914],[7.146597,50.73541],[7.14603,50.734643],[7.145145,50.733591],[7.143842,50.732674],[7.143413,50.733572],[7.142997,50.734043],[7.142841,50.734292],[7.142588,50.734799],[7.142369,50.735132],[7.141492,50.735839],[7.140026,50.736916],[7.139549,50.737315],[7.139367,50.73727],[7.139191,50.737246],[7.13867,50.737227],[7.138647,50.737007],[7.138596,50.736897],[7.138394,50.736677],[7.137719,50.736251],[7.137215,50.736008],[7.136748,50.735813],[7.136338,50.735674],[7.135961,50.735601],[7.134336,50.735156],[7.135093,50.733967],[7.135247,50.733766],[7.133106,50.733168],[7.132953,50.733158],[7.131642,50.732619],[7.12838,50.73742],[7.126599,50.740083],[7.12619,50.740809],[7.126036,50.741183],[7.125947,50.741522],[7.12592,50.74188],[7.125948,50.742518],[7.126022,50.742918],[7.126172,50.743373],[7.126413,50.743823],[7.126876,50.744522],[7.132248,50.751207],[7.139802,50.751997],[7.141558,50.752109],[7.141814,50.751011],[7.142092,50.749512],[7.142311,50.74761],[7.142477,50.746492],[7.142936,50.744569],[7.143347,50.743073],[7.143529,50.742516],[7.144231,50.740808],[7.144741,50.739893],[7.14589,50.73831]]]]},"properties":{"district_code":"373","district":"Beuel-Ost","stadtbezirk":"Beuel"}},{"type":"Feature","geometry":{"type":"MultiPolygon","coordinates":[[[[7.12838,50.73742],[7.131642,50.732619],[7.132581,50.731274],[7.133098,50.73057],[7.134037,50.729414],[7.134175,50.729279],[7.134709,50.728812],[7.135482,50.728268],[7.135979,50.727973],[7.136408,50.727749],[7.136976,50.727476],[7.137416,50.727294],[7.13825,50.726991],[7.140933,50.726066],[7.148288,50.72344],[7.150595,50.722507],[7.150197,50.72246],[7.14952,50.722348],[7.148368,50.722072],[7.147629,50.721842],[7.147216,50.721665],[7.146724,50.721413],[7.14608,50.721012],[7.145602,50.720607],[7.1452,50.720161],[7.144566,50.719276],[7.1432,50.719592],[7.142986,50.719582],[7.142451,50.719657],[7.142179,50.719745],[7.142016,50.719828],[7.141877,50.71986],[7.141201,50.719921],[7.14091,50.719994],[7.140425,50.72008],[7.140285,50.720089],[7.140103,50.720145],[7.13991,50.720244],[7.139703,50.720253],[7.139533,50.720305],[7.139357,50.720334],[7.138799,50.720487],[7.138544,50.720532],[7.13806,50.7207],[7.137902,50.72074],[7.137689,50.720773],[7.136675,50.721007],[7.136301,50.721158],[7.135543,50.721406],[7.134936,50.721543],[7.134681,50.721573],[7.134476,50.72164],[7.134172,50.721703],[7.133764,50.721848],[7.13308,50.722026],[7.132789,50.722077],[7.132507,50.722209],[7.130857,50.722758],[7.129983,50.722992],[7.12883,50.723412],[7.126388,50.724395],[7.122748,50.725915],[7.119751,50.727728],[7.118845,50.728363],[7.118325,50.728703],[7.118093,50.729024],[7.118117,50.729042],[7.117458,50.729551],[7.117027,50.729949],[7.116651,50.730331],[7.117501,50.730633],[7.117437,50.730704],[7.118511,50.731081],[7.1201,50.731674],[7.122994,50.732717],[7.127468,50.735632],[7.12643,50.737007],[7.126554,50.736985],[7.126768,50.73704],[7.126814,50.736972],[7.127637,50.737178],[7.127892,50.737254],[7.128083,50.737347],[7.12838,50.73742]]]]},"properties":{"district_code":"374","district":"Beuel-Süd","stadtbezirk":"Beuel"}},{"type":"Feature","geometry":{"type":"MultiPolygon","coordinates":[[[[7.128234,50.773128],[7.128977,50.772905],[7.128973,50.773003],[7.129918,50.772678],[7.129681,50.772617],[7.129885,50.772516],[7.13019,50.772492],[7.13086,50.772405],[7.131258,50.772337],[7.131747,50.772217],[7.132556,50.771955],[7.132596,50.772014],[7.132893,50.771837],[7.13346,50.771575],[7.134285,50.771138],[7.134814,50.770744],[7.135379,50.771043],[7.136014,50.770776],[7.136044,50.770728],[7.139633,50.769208],[7.139884,50.769155],[7.141313,50.768098],[7.14021,50.766911],[7.139194,50.766219],[7.138742,50.765926],[7.138302,50.765686],[7.137742,50.765451],[7.136854,50.765169],[7.136553,50.7651],[7.136112,50.765026],[7.13535,50.764961],[7.134872,50.764945],[7.13349,50.764948],[7.133586,50.764893],[7.131582,50.764906],[7.131022,50.764894],[7.130248,50.764862],[7.12944,50.764807],[7.127715,50.764639],[7.127065,50.764552],[7.125771,50.764337],[7.12418,50.764017],[7.122849,50.763699],[7.122295,50.763549],[7.118243,50.762278],[7.117026,50.761921],[7.114749,50.76135],[7.113883,50.761166],[7.114642,50.760414],[7.115718,50.759149],[7.11608,50.758678],[7.116423,50.758095],[7.116732,50.757436],[7.11745,50.755588],[7.117864,50.754865],[7.118358,50.754173],[7.116549,50.753745],[7.11563,50.753512],[7.115479,50.753508],[7.115247,50.753525],[7.114378,50.753642],[7.113445,50.753811],[7.113326,50.75382],[7.112572,50.753797],[7.11168,50.753839],[7.111253,50.75395],[7.110251,50.754093],[7.110208,50.753986],[7.110502,50.753861],[7.110322,50.753761],[7.110266,50.753749],[7.109974,50.753743],[7.109617,50.753648],[7.108944,50.753563],[7.108769,50.753504],[7.108198,50.753374],[7.106963,50.753007],[7.106906,50.752961],[7.106891,50.75289],[7.106472,50.752993],[7.106393,50.753041],[7.105967,50.753446],[7.10618,50.753455],[7.106126,50.753512],[7.105914,50.753516],[7.105807,50.753539],[7.10468,50.75474],[7.104323,50.755079],[7.103163,50.75606],[7.10243,50.756625],[7.101904,50.756999],[7.101492,50.757268],[7.101244,50.757428],[7.099554,50.758405],[7.099078,50.758644],[7.098932,50.758668],[7.098851,50.758739],[7.098294,50.758986],[7.096964,50.759512],[7.095211,50.760145],[7.091889,50.761238],[7.091054,50.761553],[7.089408,50.762226],[7.087001,50.763379],[7.086775,50.763501],[7.086453,50.763709],[7.0862,50.763842],[7.085928,50.763907],[7.085353,50.764223],[7.085116,50.764396],[7.084229,50.764847],[7.083933,50.764936],[7.083695,50.765099],[7.083085,50.765399],[7.082665,50.765561],[7.082202,50.765817],[7.080355,50.766557],[7.076619,50.76809],[7.077225,50.76868],[7.07871,50.76848],[7.080155,50.768203],[7.081649,50.767868],[7.083358,50.767356],[7.084624,50.766791],[7.087242,50.765356],[7.08857,50.764661],[7.090102,50.763885],[7.092008,50.763078],[7.093828,50.76246],[7.094985,50.762087],[7.096079,50.76179],[7.096882,50.761645],[7.09786,50.761572],[7.099096,50.761544],[7.100024,50.761543],[7.101248,50.761602],[7.102634,50.761803],[7.103834,50.762082],[7.104893,50.762347],[7.105567,50.762614],[7.10604,50.76287],[7.10651,50.763214],[7.106777,50.763534],[7.107003,50.763923],[7.107244,50.764467],[7.107386,50.765023],[7.107487,50.765699],[7.107546,50.765806],[7.107616,50.766165],[7.108014,50.767133],[7.108412,50.76787],[7.108646,50.768199],[7.1091,50.768737],[7.109856,50.769497],[7.110791,50.770227],[7.111811,50.770702],[7.112647,50.771027],[7.113453,50.771241],[7.11447,50.771441],[7.117111,50.771692],[7.118328,50.771705],[7.119313,50.771775],[7.12016,50.771916],[7.12161,50.772259],[7.122726,50.772742],[7.123506,50.773139],[7.124115,50.77349],[7.125433,50.77437],[7.12587,50.774142],[7.127111,50.773407],[7.127813,50.77335],[7.127806,50.773139],[7.128234,50.773128]]]]},"properties":{"district_code":"380","district":"Siegaue","stadtbezirk":"Beuel"}},{"type":"Feature","geometry":{"type":"MultiPolygon","coordinates":[[[[7.142104,50.767588],[7.138395,50.76114],[7.137832,50.760267],[7.134974,50.755484],[7.133118,50.754592],[7.13295,50.754551],[7.132684,50.754547],[7.132422,50.75456],[7.131529,50.754854],[7.129203,50.755474],[7.126844,50.755679],[7.126028,50.755816],[7.125015,50.755929],[7.124614,50.755965],[7.123819,50.755976],[7.122724,50.75585],[7.121961,50.755735],[7.119919,50.755229],[7.11899,50.754785],[7.118781,50.754531],[7.118613,50.754239],[7.118396,50.754117],[7.117864,50.754865],[7.11745,50.755588],[7.116732,50.757436],[7.116423,50.758095],[7.11608,50.758678],[7.115718,50.759149],[7.114642,50.760414],[7.113883,50.761166],[7.114749,50.76135],[7.117026,50.761921],[7.118243,50.762278],[7.122295,50.763549],[7.122849,50.763699],[7.12418,50.764017],[7.125771,50.764337],[7.127065,50.764552],[7.127715,50.764639],[7.12871,50.764745],[7.129685,50.764825],[7.131022,50.764894],[7.131582,50.764906],[7.133586,50.764893],[7.13349,50.764948],[7.134872,50.764945],[7.13535,50.764961],[7.136112,50.765026],[7.136706,50.765133],[7.137129,50.765249],[7.137742,50.765451],[7.138302,50.765686],[7.138742,50.765926],[7.14021,50.766911],[7.141313,50.768098],[7.142104,50.767588]]]]},"properties":{"district_code":"381","district":"Geislar","stadtbezirk":"Beuel"}},{"type":"Feature","geometry":{"type":"MultiPolygon","coordinates":[[[[7.152378,50.759861],[7.152691,50.75974],[7.152784,50.759739],[7.15298,50.759294],[7.153799,50.758894],[7.153785,50.758667],[7.153978,50.757917],[7.154246,50.757524],[7.154449,50.757111],[7.154671,50.756441],[7.154698,50.756233],[7.15615,50.754807],[7.156716,50.754213],[7.157148,50.75388],[7.158125,50.753188],[7.158435,50.75305],[7.157656,50.752871],[7.157023,50.752746],[7.156097,50.752586],[7.155636,50.752519],[7.154863,50.752432],[7.149379,50.752128],[7.14263,50.752133],[7.141558,50.752109],[7.139802,50.751997],[7.132248,50.751207],[7.132555,50.751603],[7.133171,50.752478],[7.133815,50.753526],[7.136007,50.75723],[7.137832,50.760267],[7.138395,50.76114],[7.142104,50.767588],[7.142377,50.767421],[7.142434,50.767249],[7.142297,50.767173],[7.142534,50.767001],[7.143374,50.766318],[7.144352,50.765682],[7.145327,50.76497],[7.144457,50.76446],[7.145374,50.763844],[7.144707,50.763456],[7.145528,50.76282],[7.144776,50.762364],[7.146028,50.762099],[7.147542,50.761614],[7.148397,50.76132],[7.149041,50.761047],[7.14914,50.760987],[7.14968,50.760817],[7.152378,50.759861]]]]},"properties":{"district_code":"382","district":"Vilich-Müldorf","stadtbezirk":"Beuel"}},{"type":"Feature","geometry":{"type":"MultiPolygon","coordinates":[[[[7.149318,50.73493],[7.148936,50.734873],[7.147231,50.736752],[7.14589,50.73831],[7.144741,50.739893],[7.144231,50.740808],[7.143529,50.742516],[7.143347,50.743073],[7.142936,50.744569],[7.142678,50.745621],[7.142477,50.746492],[7.142311,50.74761],[7.142092,50.749512],[7.141814,50.751011],[7.141558,50.752109],[7.14263,50.752133],[7.149379,50.752128],[7.154863,50.752432],[7.155636,50.752519],[7.156097,50.752586],[7.157023,50.752746],[7.157018,50.752548],[7.156949,50.752393],[7.156827,50.752231],[7.156866,50.752127],[7.157041,50.751998],[7.157209,50.751962],[7.157328,50.751912],[7.15751,50.751734],[7.157526,50.751694],[7.157659,50.751578],[7.157659,50.751495],[7.15933,50.750356],[7.15937,50.750292],[7.159981,50.749871],[7.159854,50.749657],[7.163008,50.748819],[7.162058,50.746628],[7.16281,50.746376],[7.16494,50.745721],[7.165216,50.74566],[7.166589,50.745474],[7.167115,50.745299],[7.166335,50.744322],[7.165908,50.743756],[7.165903,50.74372],[7.167068,50.743512],[7.167141,50.743441],[7.167281,50.743379],[7.168124,50.743253],[7.168016,50.742898],[7.168009,50.742622],[7.168071,50.741923],[7.167369,50.741019],[7.167307,50.740795],[7.166682,50.740114],[7.165868,50.739081],[7.164167,50.739026],[7.160884,50.738811],[7.160067,50.738556],[7.159984,50.738446],[7.158985,50.738125],[7.158241,50.737827],[7.157232,50.737221],[7.157046,50.737034],[7.156883,50.736905],[7.156471,50.736627],[7.156156,50.736521],[7.155764,50.736495],[7.155383,50.736393],[7.154009,50.736129],[7.152536,50.735941],[7.151823,50.735813],[7.151195,50.735642],[7.149318,50.73493]]]]},"properties":{"district_code":"383","district":"Pützchen/Bechlinghoven","stadtbezirk":"Beuel"}},{"type":"Feature","geometry":{"type":"MultiPolygon","coordinates":[[[[7.143493,50.733416],[7.143842,50.732674],[7.145145,50.733591],[7.14603,50.734643],[7.146597,50.73541],[7.14694,50.735914],[7.146936,50.736016],[7.147015,50.736139],[7.147534,50.73641],[7.148936,50.734873],[7.150154,50.7337],[7.151708,50.732257],[7.152759,50.73138],[7.153745,50.730652],[7.154508,50.730117],[7.155382,50.729534],[7.157547,50.72828],[7.161124,50.726408],[7.162136,50.725802],[7.16258,50.725511],[7.16318,50.725067],[7.16269,50.724808],[7.162115,50.724531],[7.16086,50.724016],[7.159995,50.723714],[7.159282,50.723513],[7.157919,50.723198],[7.157248,50.723087],[7.156297,50.722956],[7.155706,50.722891],[7.153918,50.72276],[7.151318,50.722592],[7.150595,50.722507],[7.148288,50.72344],[7.140933,50.726066],[7.13825,50.726991],[7.137416,50.727294],[7.136976,50.727476],[7.135979,50.727973],[7.135482,50.728268],[7.134709,50.728812],[7.134037,50.729414],[7.132961,50.730753],[7.131642,50.732619],[7.132953,50.733158],[7.133106,50.733168],[7.135247,50.733766],[7.135093,50.733967],[7.134336,50.735156],[7.135961,50.735601],[7.136338,50.735674],[7.136748,50.735813],[7.137215,50.736008],[7.137719,50.736251],[7.138394,50.736677],[7.138596,50.736897],[7.138647,50.737007],[7.13867,50.737227],[7.139191,50.737246],[7.139367,50.73727],[7.139549,50.737315],[7.140026,50.736916],[7.141492,50.735839],[7.142319,50.735183],[7.142411,50.735081],[7.142588,50.734799],[7.142841,50.734292],[7.142997,50.734043],[7.143386,50.733609],[7.143493,50.733416]]]]},"properties":{"district_code":"384","district":"Limperich/Küdinghoven/Ramersdorf","stadtbezirk":"Beuel"}},{"type":"Feature","geometry":{"type":"MultiPolygon","coordinates":[[[[7.167851,50.719732],[7.170704,50.71727],[7.171197,50.716832],[7.171794,50.716254],[7.172943,50.715041],[7.174174,50.713688],[7.174801,50.712971],[7.175735,50.713018],[7.175881,50.713],[7.176275,50.712904],[7.176548,50.713382],[7.177719,50.713167],[7.177639,50.713009],[7.177902,50.71293],[7.177871,50.712874],[7.178153,50.712829],[7.178351,50.713187],[7.178776,50.713036],[7.17855,50.712627],[7.178869,50.712533],[7.179109,50.712817],[7.179711,50.712557],[7.179836,50.712703],[7.180087,50.71268],[7.180036,50.712564],[7.180312,50.712545],[7.180307,50.712509],[7.180714,50.712481],[7.180731,50.71268],[7.180995,50.712697],[7.180949,50.713033],[7.181314,50.713073],[7.181286,50.713321],[7.182067,50.713523],[7.182278,50.713528],[7.182774,50.712965],[7.182969,50.713125],[7.183158,50.713315],[7.183782,50.713184],[7.183828,50.713272],[7.184336,50.71316],[7.18446,50.713208],[7.184647,50.713214],[7.184709,50.712967],[7.184877,50.712591],[7.184977,50.7126],[7.185172,50.712412],[7.184826,50.712185],[7.18504,50.712096],[7.185652,50.711778],[7.185999,50.711509],[7.186346,50.711312],[7.186584,50.711285],[7.186699,50.71125],[7.186828,50.711137],[7.18696,50.711079],[7.187346,50.710974],[7.187533,50.710856],[7.187272,50.710813],[7.186974,50.710722],[7.186659,50.71052],[7.186318,50.710229],[7.186304,50.71035],[7.186004,50.71029],[7.186086,50.710207],[7.185977,50.710139],[7.185923,50.710165],[7.185311,50.709992],[7.185162,50.710203],[7.185104,50.710172],[7.185013,50.710281],[7.184589,50.710137],[7.184407,50.71],[7.1836,50.709825],[7.183612,50.709797],[7.183429,50.709674],[7.183356,50.709389],[7.18277,50.709141],[7.182574,50.709111],[7.182433,50.709122],[7.182053,50.709243],[7.181888,50.709257],[7.181173,50.708945],[7.181223,50.708887],[7.180733,50.708654],[7.180779,50.708607],[7.180512,50.708506],[7.180592,50.708421],[7.180282,50.708305],[7.180193,50.708408],[7.179005,50.707916],[7.178868,50.708141],[7.177446,50.707886],[7.178677,50.706125],[7.175825,50.705322],[7.175746,50.705423],[7.174644,50.705108],[7.174414,50.705484],[7.173483,50.705153],[7.172931,50.704841],[7.172826,50.704957],[7.171561,50.70451],[7.171757,50.704304],[7.171131,50.704129],[7.17085,50.704507],[7.170701,50.704955],[7.170606,50.705149],[7.170361,50.705425],[7.16836,50.707195],[7.167572,50.70797],[7.167403,50.708078],[7.167158,50.708175],[7.167101,50.708185],[7.166902,50.70817],[7.166773,50.708179],[7.166474,50.708289],[7.164894,50.709694],[7.164922,50.709706],[7.16357,50.710773],[7.16265,50.711445],[7.16097,50.712559],[7.160395,50.712917],[7.159102,50.713666],[7.157761,50.714394],[7.156222,50.715184],[7.154898,50.715793],[7.154337,50.716033],[7.154341,50.716065],[7.154295,50.71609],[7.15017,50.717602],[7.14792,50.718346],[7.147399,50.718487],[7.146577,50.718748],[7.146531,50.718773],[7.146432,50.718968],[7.146327,50.719087],[7.146254,50.719152],[7.146073,50.719236],[7.145809,50.719297],[7.145685,50.719306],[7.14494,50.719222],[7.144817,50.719227],[7.144566,50.719276],[7.145075,50.719998],[7.145328,50.720312],[7.145602,50.720607],[7.145968,50.720927],[7.14642,50.721235],[7.146931,50.721523],[7.14752,50.721798],[7.148048,50.721978],[7.148585,50.72213],[7.14952,50.722348],[7.150197,50.72246],[7.151318,50.722592],[7.153918,50.72276],[7.155706,50.722891],[7.156297,50.722956],[7.157248,50.723087],[7.157919,50.723198],[7.159282,50.723513],[7.159995,50.723714],[7.16086,50.724016],[7.162115,50.724531],[7.16269,50.724808],[7.16318,50.725067],[7.163784,50.724533],[7.164604,50.723656],[7.166163,50.721606],[7.166716,50.720915],[7.167205,50.72037],[7.167851,50.719732]]]]},"properties":{"district_code":"385","district":"Oberkassel","stadtbezirk":"Beuel"}},{"type":"Feature","geometry":{"type":"MultiPolygon","coordinates":[[[[7.172117,50.752313],[7.172935,50.75223],[7.176096,50.752506],[7.176176,50.752327],[7.178153,50.750773],[7.179826,50.751521],[7.182701,50.751762],[7.18396,50.748499],[7.187193,50.748405],[7.188383,50.748389],[7.192993,50.746865],[7.191602,50.746592],[7.191164,50.746492],[7.188065,50.745935],[7.186507,50.745623],[7.186757,50.745363],[7.186368,50.745161],[7.186695,50.744657],[7.18688,50.743941],[7.187354,50.742884],[7.187703,50.741828],[7.186915,50.741696],[7.18743,50.741127],[7.18748,50.740875],[7.187142,50.740781],[7.18713,50.740689],[7.187158,50.740628],[7.187207,50.740542],[7.187445,50.740402],[7.187665,50.740111],[7.186641,50.739923],[7.186687,50.73968],[7.186738,50.739599],[7.186847,50.739538],[7.187068,50.739482],[7.186811,50.739234],[7.186543,50.739085],[7.18456,50.738509],[7.1844,50.738276],[7.184374,50.738434],[7.184308,50.738524],[7.183771,50.738875],[7.183721,50.738924],[7.183686,50.739006],[7.183619,50.739529],[7.183597,50.73956],[7.183477,50.739607],[7.183359,50.739596],[7.18301,50.739504],[7.182679,50.739394],[7.182543,50.739513],[7.182343,50.739435],[7.181749,50.738855],[7.181873,50.738263],[7.181604,50.738291],[7.180811,50.738624],[7.180571,50.73862],[7.180952,50.73924],[7.181281,50.739667],[7.181394,50.740196],[7.179394,50.741004],[7.179046,50.741109],[7.178989,50.741054],[7.178735,50.741097],[7.178296,50.741076],[7.177749,50.741172],[7.177104,50.741164],[7.176574,50.741268],[7.176049,50.741183],[7.175695,50.741191],[7.175437,50.741336],[7.174635,50.74158],[7.174444,50.741603],[7.174336,50.74159],[7.173978,50.741637],[7.17372,50.741636],[7.173182,50.741827],[7.172817,50.742104],[7.172579,50.742154],[7.170897,50.741671],[7.170816,50.741828],[7.17035,50.74177],[7.170113,50.741781],[7.170061,50.741925],[7.169854,50.741874],[7.169468,50.74186],[7.169006,50.741864],[7.168071,50.741923],[7.168009,50.742622],[7.168016,50.742898],[7.168124,50.743253],[7.167281,50.743379],[7.167141,50.743441],[7.167068,50.743512],[7.165903,50.74372],[7.165908,50.743756],[7.166335,50.744322],[7.167115,50.745299],[7.166589,50.745474],[7.165216,50.74566],[7.16494,50.745721],[7.16281,50.746376],[7.162058,50.746628],[7.163008,50.748819],[7.159854,50.749657],[7.159981,50.749871],[7.15937,50.750292],[7.15933,50.750356],[7.157659,50.751495],[7.157659,50.751578],[7.157526,50.751694],[7.15751,50.751734],[7.157328,50.751912],[7.157209,50.751962],[7.157041,50.751998],[7.156866,50.752127],[7.156827,50.752231],[7.156949,50.752393],[7.157018,50.752548],[7.157023,50.752746],[7.157656,50.752871],[7.158435,50.75305],[7.158385,50.753073],[7.159832,50.753519],[7.160825,50.753903],[7.164421,50.755656],[7.165415,50.754936],[7.166145,50.75448],[7.168007,50.753659],[7.168976,50.753324],[7.169326,50.75318],[7.169637,50.752969],[7.169934,50.752593],[7.170097,50.752353],[7.171804,50.752333],[7.172117,50.752313]]]]},"properties":{"district_code":"386","district":"Holzlar","stadtbezirk":"Beuel"}},{"type":"Feature","geometry":{"type":"MultiPolygon","coordinates":[[[[7.19991,50.747261],[7.200186,50.746207],[7.201391,50.745655],[7.201454,50.74561],[7.201476,50.745582],[7.201511,50.74531],[7.201663,50.744973],[7.203882,50.744498],[7.203957,50.743898],[7.204345,50.74371],[7.205073,50.742526],[7.204679,50.742488],[7.204012,50.742215],[7.204574,50.741823],[7.204799,50.741752],[7.204988,50.741729],[7.204604,50.74135],[7.205578,50.740946],[7.206455,50.739525],[7.206723,50.739329],[7.207817,50.738213],[7.208996,50.736801],[7.205857,50.735462],[7.205575,50.735274],[7.204411,50.734683],[7.197886,50.731915],[7.197577,50.731749],[7.197219,50.731501],[7.194313,50.729694],[7.19361,50.729297],[7.19283,50.728946],[7.192269,50.729782],[7.192098,50.730019],[7.19199,50.730125],[7.191589,50.730442],[7.191245,50.730796],[7.190256,50.731547],[7.19023,50.731621],[7.190128,50.731735],[7.189821,50.731864],[7.189143,50.732388],[7.189162,50.732468],[7.189077,50.732634],[7.189059,50.732799],[7.188974,50.732913],[7.18897,50.732972],[7.188993,50.733025],[7.189166,50.733084],[7.189195,50.733123],[7.18919,50.733158],[7.189152,50.733197],[7.189153,50.733236],[7.189228,50.73334],[7.189231,50.733463],[7.189271,50.733526],[7.189367,50.733606],[7.189387,50.733735],[7.189361,50.733795],[7.189445,50.733822],[7.189468,50.733861],[7.189381,50.733939],[7.189258,50.734102],[7.189122,50.734194],[7.189096,50.734254],[7.189144,50.734408],[7.18913,50.734486],[7.189011,50.734585],[7.189074,50.734695],[7.188934,50.734986],[7.188834,50.735004],[7.188645,50.735446],[7.188334,50.736369],[7.188204,50.736633],[7.188036,50.736706],[7.187941,50.736717],[7.187891,50.736661],[7.187772,50.736677],[7.187664,50.736731],[7.187596,50.736828],[7.187549,50.736825],[7.187462,50.736731],[7.187413,50.736724],[7.187252,50.736784],[7.186993,50.736809],[7.186977,50.736832],[7.187005,50.736869],[7.186882,50.736987],[7.186763,50.736983],[7.186515,50.737122],[7.186404,50.737155],[7.186287,50.737158],[7.186243,50.737195],[7.186113,50.737214],[7.186021,50.737245],[7.186033,50.73732],[7.186011,50.737341],[7.185717,50.737433],[7.185574,50.737443],[7.185511,50.737525],[7.185325,50.73761],[7.185257,50.737625],[7.185169,50.737722],[7.184968,50.737808],[7.184929,50.737844],[7.184966,50.737941],[7.184805,50.737931],[7.184747,50.737953],[7.184649,50.737922],[7.184596,50.737945],[7.1844,50.738276],[7.18456,50.738509],[7.186543,50.739085],[7.186811,50.739234],[7.187068,50.739482],[7.186847,50.739538],[7.186738,50.739599],[7.186687,50.73968],[7.186641,50.739923],[7.187665,50.740111],[7.187445,50.740402],[7.187207,50.740542],[7.187158,50.740628],[7.18713,50.740689],[7.187142,50.740781],[7.18748,50.740875],[7.18743,50.741127],[7.186915,50.741696],[7.187703,50.741828],[7.187354,50.742884],[7.18688,50.743941],[7.186695,50.744657],[7.186368,50.745161],[7.186757,50.745363],[7.186507,50.745623],[7.188065,50.745935],[7.191164,50.746492],[7.191602,50.746592],[7.191821,50.74609],[7.192462,50.745484],[7.192381,50.745357],[7.192393,50.745228],[7.192258,50.745025],[7.192337,50.744661],[7.192524,50.744419],[7.192568,50.744288],[7.193929,50.744103],[7.194889,50.743879],[7.194913,50.744395],[7.195706,50.745485],[7.196124,50.746152],[7.197051,50.746736],[7.197313,50.74649],[7.199607,50.747907],[7.199764,50.747647],[7.19991,50.747261]]]]},"properties":{"district_code":"387","district":"Hoholz","stadtbezirk":"Beuel"}},{"type":"Feature","geometry":{"type":"MultiPolygon","coordinates":[[[[7.184596,50.737945],[7.184649,50.737922],[7.184747,50.737953],[7.184805,50.737931],[7.184966,50.737941],[7.184929,50.737844],[7.184968,50.737808],[7.185169,50.737722],[7.185257,50.737625],[7.185325,50.73761],[7.185511,50.737525],[7.185574,50.737443],[7.185717,50.737433],[7.186011,50.737341],[7.186033,50.73732],[7.186021,50.737245],[7.186113,50.737214],[7.186243,50.737195],[7.186287,50.737158],[7.186404,50.737155],[7.186515,50.737122],[7.186763,50.736983],[7.186882,50.736987],[7.187005,50.736869],[7.186977,50.736832],[7.186993,50.736809],[7.187252,50.736784],[7.187413,50.736724],[7.187462,50.736731],[7.187549,50.736825],[7.187596,50.736828],[7.187664,50.736731],[7.187772,50.736677],[7.187891,50.736661],[7.187941,50.736717],[7.188036,50.736706],[7.188204,50.736633],[7.188334,50.736369],[7.188645,50.735446],[7.188834,50.735004],[7.188934,50.734986],[7.189074,50.734695],[7.189011,50.734585],[7.18913,50.734486],[7.189144,50.734408],[7.189096,50.734254],[7.189122,50.734194],[7.189258,50.734102],[7.189381,50.733939],[7.189468,50.733861],[7.189445,50.733822],[7.189361,50.733795],[7.189387,50.733735],[7.189367,50.733606],[7.189271,50.733526],[7.189231,50.733463],[7.189228,50.73334],[7.189153,50.733236],[7.189152,50.733197],[7.18919,50.733158],[7.189195,50.733123],[7.189166,50.733084],[7.188993,50.733025],[7.18897,50.732972],[7.188974,50.732913],[7.189059,50.732799],[7.189077,50.732634],[7.189162,50.732468],[7.189143,50.732388],[7.189821,50.731864],[7.190128,50.731735],[7.19023,50.731621],[7.190256,50.731547],[7.191245,50.730796],[7.191589,50.730442],[7.19199,50.730125],[7.192098,50.730019],[7.192269,50.729782],[7.19283,50.728946],[7.192596,50.728843],[7.193313,50.728213],[7.194243,50.727528],[7.194205,50.727446],[7.191952,50.727278],[7.191836,50.72724],[7.191405,50.72702],[7.190674,50.727368],[7.190606,50.727197],[7.191946,50.726401],[7.192433,50.725453],[7.193381,50.723712],[7.194339,50.721831],[7.195859,50.719118],[7.195729,50.719088],[7.195851,50.717189],[7.195533,50.717128],[7.195819,50.714312],[7.19543,50.714287],[7.194431,50.714644],[7.193254,50.714962],[7.193405,50.715081],[7.193281,50.715221],[7.193712,50.715607],[7.192682,50.716357],[7.191827,50.715936],[7.191005,50.71666],[7.189777,50.717605],[7.188503,50.717157],[7.187864,50.717079],[7.186847,50.716837],[7.186637,50.716733],[7.186091,50.716288],[7.185955,50.716155],[7.185597,50.71599],[7.185099,50.715894],[7.184723,50.715729],[7.184501,50.715343],[7.184164,50.715037],[7.184022,50.714864],[7.183849,50.714492],[7.183767,50.714426],[7.182833,50.714843],[7.182678,50.714888],[7.182528,50.714896],[7.182371,50.714864],[7.182302,50.714827],[7.182248,50.714758],[7.182239,50.714656],[7.182307,50.714353],[7.182264,50.714257],[7.182124,50.714172],[7.181741,50.714025],[7.181601,50.713987],[7.181462,50.713992],[7.181078,50.714234],[7.18091,50.71429],[7.180459,50.714367],[7.18022,50.714387],[7.180028,50.714377],[7.179881,50.714329],[7.179489,50.714523],[7.179114,50.714746],[7.178477,50.715205],[7.17823,50.71535],[7.178075,50.715404],[7.177892,50.715433],[7.177579,50.715432],[7.177299,50.715458],[7.177147,50.715501],[7.177007,50.715569],[7.176673,50.715825],[7.175956,50.716557],[7.175827,50.71671],[7.175871,50.717041],[7.175876,50.71726],[7.175843,50.717503],[7.175745,50.717761],[7.175611,50.717907],[7.175522,50.717966],[7.175382,50.718012],[7.174001,50.718274],[7.1737,50.718366],[7.173526,50.718451],[7.173346,50.718594],[7.173215,50.718749],[7.173125,50.718897],[7.173014,50.719199],[7.172941,50.71929],[7.17279,50.719363],[7.172467,50.719449],[7.172324,50.719504],[7.172104,50.719632],[7.171223,50.720242],[7.17106,50.720336],[7.170913,50.720398],[7.170555,50.720494],[7.170421,50.72057],[7.170207,50.720793],[7.169808,50.721328],[7.169766,50.721409],[7.16975,50.721558],[7.171455,50.721106],[7.171949,50.721055],[7.172513,50.721048],[7.172692,50.721074],[7.172921,50.72117],[7.174106,50.721499],[7.174564,50.7216],[7.175548,50.721742],[7.1758,50.721807],[7.175994,50.721884],[7.176599,50.722187],[7.176717,50.722286],[7.177007,50.722593],[7.177138,50.722708],[7.177257,50.722779],[7.178626,50.723226],[7.178357,50.723935],[7.178212,50.723915],[7.177958,50.72444],[7.178105,50.724471],[7.178125,50.724427],[7.178481,50.724494],[7.178492,50.724604],[7.179093,50.724639],[7.178919,50.725399],[7.180587,50.725185],[7.182365,50.725016],[7.183231,50.724769],[7.184332,50.724653],[7.184518,50.72467],[7.185404,50.724813],[7.18576,50.724824],[7.1855,50.725133],[7.186479,50.725601],[7.186548,50.725546],[7.18771,50.726133],[7.187124,50.726765],[7.186541,50.727262],[7.184286,50.728377],[7.183116,50.72893],[7.182795,50.72914],[7.181504,50.729794],[7.179915,50.730502],[7.17882,50.731134],[7.178684,50.731231],[7.178319,50.731628],[7.176909,50.732503],[7.176678,50.732684],[7.176151,50.733722],[7.175818,50.734168],[7.175637,50.73431],[7.175651,50.734362],[7.176124,50.734813],[7.176778,50.735326],[7.177092,50.735656],[7.177014,50.735687],[7.178269,50.737005],[7.178856,50.736748],[7.179698,50.735635],[7.180415,50.735857],[7.181008,50.734999],[7.181845,50.735309],[7.182085,50.735039],[7.182282,50.735245],[7.182482,50.735569],[7.182257,50.736227],[7.182858,50.736477],[7.184165,50.737396],[7.184289,50.737562],[7.184348,50.737764],[7.184389,50.738005],[7.1844,50.738276],[7.184596,50.737945]]]]},"properties":{"district_code":"388","district":"Holtorf","stadtbezirk":"Beuel"}},{"type":"Feature","geometry":{"type":"MultiPolygon","coordinates":[[[[7.173182,50.741827],[7.17372,50.741636],[7.173978,50.741637],[7.174336,50.74159],[7.174444,50.741603],[7.174635,50.74158],[7.175437,50.741336],[7.175695,50.741191],[7.176049,50.741183],[7.176574,50.741268],[7.177104,50.741164],[7.177749,50.741172],[7.178296,50.741076],[7.178735,50.741097],[7.178989,50.741054],[7.179046,50.741109],[7.179394,50.741004],[7.181394,50.740196],[7.181281,50.739667],[7.180952,50.73924],[7.180571,50.73862],[7.180811,50.738624],[7.181604,50.738291],[7.181873,50.738263],[7.181749,50.738855],[7.182343,50.739435],[7.182543,50.739513],[7.182679,50.739394],[7.18301,50.739504],[7.183359,50.739596],[7.183477,50.739607],[7.183597,50.73956],[7.183619,50.739529],[7.183686,50.739006],[7.183721,50.738924],[7.183771,50.738875],[7.184273,50.738552],[7.184374,50.738434],[7.1844,50.738276],[7.184389,50.738005],[7.184289,50.737562],[7.184165,50.737396],[7.182858,50.736477],[7.182257,50.736227],[7.182482,50.735569],[7.182282,50.735245],[7.182085,50.735039],[7.181845,50.735309],[7.181008,50.734999],[7.180415,50.735857],[7.179698,50.735635],[7.178856,50.736748],[7.178269,50.737005],[7.177014,50.735687],[7.177092,50.735656],[7.176778,50.735326],[7.176124,50.734813],[7.175651,50.734362],[7.175637,50.73431],[7.175818,50.734168],[7.176151,50.733722],[7.176678,50.732684],[7.176909,50.732503],[7.178319,50.731628],[7.178684,50.731231],[7.17882,50.731134],[7.179915,50.730502],[7.181504,50.729794],[7.182795,50.72914],[7.183116,50.72893],[7.184286,50.728377],[7.186541,50.727262],[7.187124,50.726765],[7.18771,50.726133],[7.186548,50.725546],[7.186479,50.725601],[7.1855,50.725133],[7.18576,50.724824],[7.185404,50.724813],[7.184518,50.72467],[7.184332,50.724653],[7.183231,50.724769],[7.182365,50.725016],[7.180587,50.725185],[7.178919,50.725399],[7.179093,50.724639],[7.178492,50.724604],[7.178481,50.724494],[7.178125,50.724427],[7.178105,50.724471],[7.177958,50.72444],[7.178212,50.723915],[7.178357,50.723935],[7.178626,50.723226],[7.177257,50.722779],[7.177138,50.722708],[7.177007,50.722593],[7.176717,50.722286],[7.176599,50.722187],[7.176068,50.721917],[7.1758,50.721807],[7.175548,50.721742],[7.174564,50.7216],[7.174106,50.721499],[7.172921,50.72117],[7.172692,50.721074],[7.172513,50.721048],[7.171949,50.721055],[7.171455,50.721106],[7.16975,50.721558],[7.169766,50.721409],[7.169808,50.721328],[7.170207,50.720793],[7.170366,50.720616],[7.170492,50.720523],[7.170634,50.720466],[7.170995,50.72037],[7.171223,50.720242],[7.172242,50.719547],[7.172467,50.719449],[7.17279,50.719363],[7.172941,50.71929],[7.173014,50.719199],[7.173125,50.718897],[7.173215,50.718749],[7.173346,50.718594],[7.173526,50.718451],[7.1737,50.718366],[7.174001,50.718274],[7.175382,50.718012],[7.175522,50.717966],[7.175611,50.717907],[7.175745,50.717761],[7.175843,50.717503],[7.175876,50.71726],[7.175871,50.717041],[7.175827,50.71671],[7.175956,50.716557],[7.176673,50.715825],[7.177007,50.715569],[7.177147,50.715501],[7.177299,50.715458],[7.177579,50.715432],[7.177892,50.715433],[7.178075,50.715404],[7.17823,50.71535],[7.178477,50.715205],[7.179114,50.714746],[7.179489,50.714523],[7.179881,50.714329],[7.180028,50.714377],[7.18022,50.714387],[7.180459,50.714367],[7.18091,50.71429],[7.181078,50.714234],[7.181462,50.713992],[7.181601,50.713987],[7.181741,50.714025],[7.182124,50.714172],[7.182264,50.714257],[7.182307,50.714353],[7.182239,50.714656],[7.182248,50.714758],[7.182302,50.714827],[7.182371,50.714864],[7.182528,50.714896],[7.182678,50.714888],[7.182833,50.714843],[7.183767,50.714426],[7.183849,50.714492],[7.184022,50.714864],[7.184164,50.715037],[7.184501,50.715343],[7.184723,50.715729],[7.185099,50.715894],[7.185597,50.71599],[7.185955,50.716155],[7.186091,50.716288],[7.186637,50.716733],[7.186847,50.716837],[7.187864,50.717079],[7.188503,50.717157],[7.189777,50.717605],[7.191005,50.71666],[7.191827,50.715936],[7.192682,50.716357],[7.193712,50.715607],[7.193281,50.715221],[7.193405,50.715081],[7.193254,50.714962],[7.194431,50.714644],[7.19543,50.714287],[7.196173,50.714321],[7.196404,50.713827],[7.196535,50.71377],[7.196922,50.71333],[7.196751,50.713098],[7.196177,50.712539],[7.195919,50.712533],[7.195392,50.712071],[7.195523,50.712025],[7.195361,50.71177],[7.195177,50.711564],[7.195256,50.711535],[7.19476,50.711219],[7.193956,50.710579],[7.191506,50.710787],[7.191381,50.710851],[7.191234,50.710888],[7.190694,50.710956],[7.188995,50.711312],[7.188174,50.711115],[7.187965,50.711107],[7.187969,50.711031],[7.187888,50.710912],[7.187533,50.710856],[7.187346,50.710974],[7.18696,50.711079],[7.186828,50.711137],[7.186699,50.71125],[7.186584,50.711285],[7.186346,50.711312],[7.185999,50.711509],[7.185652,50.711778],[7.18504,50.712096],[7.184826,50.712185],[7.185172,50.712412],[7.184977,50.7126],[7.184877,50.712591],[7.184709,50.712967],[7.184647,50.713214],[7.18446,50.713208],[7.184336,50.71316],[7.183828,50.713272],[7.183782,50.713184],[7.183158,50.713315],[7.182969,50.713125],[7.182774,50.712965],[7.182278,50.713528],[7.182067,50.713523],[7.181286,50.713321],[7.181314,50.713073],[7.180949,50.713033],[7.180995,50.712697],[7.180731,50.71268],[7.180714,50.712481],[7.180307,50.712509],[7.180312,50.712545],[7.180036,50.712564],[7.180087,50.71268],[7.179836,50.712703],[7.179711,50.712557],[7.179109,50.712817],[7.178869,50.712533],[7.17855,50.712627],[7.178776,50.713036],[7.178351,50.713187],[7.178153,50.712829],[7.177871,50.712874],[7.177902,50.71293],[7.177639,50.713009],[7.177719,50.713167],[7.176548,50.713382],[7.176275,50.712904],[7.175881,50.713],[7.175735,50.713018],[7.174801,50.712971],[7.174174,50.713688],[7.172943,50.715041],[7.171794,50.716254],[7.171197,50.716832],[7.170704,50.71727],[7.167851,50.719732],[7.167205,50.72037],[7.166716,50.720915],[7.166163,50.721606],[7.164604,50.723656],[7.163784,50.724533],[7.16318,50.725067],[7.16258,50.725511],[7.161491,50.726196],[7.160781,50.726593],[7.157547,50.72828],[7.155382,50.729534],[7.154508,50.730117],[7.153745,50.730652],[7.152759,50.73138],[7.151708,50.732257],[7.150154,50.7337],[7.148936,50.734873],[7.149318,50.73493],[7.151195,50.735642],[7.151823,50.735813],[7.152536,50.735941],[7.154009,50.736129],[7.155383,50.736393],[7.155764,50.736495],[7.156156,50.736521],[7.156471,50.736627],[7.156883,50.736905],[7.157046,50.737034],[7.157232,50.737221],[7.158241,50.737827],[7.158985,50.738125],[7.159984,50.738446],[7.160067,50.738556],[7.160884,50.738811],[7.164167,50.739026],[7.165868,50.739081],[7.166682,50.740114],[7.167307,50.740795],[7.167369,50.741019],[7.168071,50.741923],[7.169006,50.741864],[7.169468,50.74186],[7.169854,50.741874],[7.170061,50.741925],[7.170113,50.741781],[7.17035,50.74177],[7.170816,50.741828],[7.170897,50.741671],[7.172579,50.742154],[7.172817,50.742104],[7.173182,50.741827]]]]},"properties":{"district_code":"389","district":"Ennert","stadtbezirk":"Beuel"}},{"type":"Feature","geometry":{"type":"MultiPolygon","coordinates":[[[[7.049727,50.717809],[7.049918,50.717297],[7.050158,50.717405],[7.050575,50.71709],[7.050501,50.71705],[7.050849,50.716611],[7.051006,50.716469],[7.051165,50.7164],[7.05207,50.715824],[7.053047,50.715233],[7.053191,50.715128],[7.053295,50.715045],[7.05408,50.714237],[7.054383,50.713943],[7.054499,50.713856],[7.055257,50.713108],[7.055458,50.712957],[7.055707,50.712817],[7.055314,50.712538],[7.054235,50.711873],[7.052179,50.711222],[7.05169,50.711021],[7.051522,50.710921],[7.051262,50.710725],[7.050518,50.710268],[7.050162,50.710029],[7.049547,50.709553],[7.049317,50.709333],[7.04922,50.709123],[7.049131,50.708904],[7.04903,50.708446],[7.048909,50.708153],[7.048767,50.707956],[7.048581,50.707758],[7.048305,50.707537],[7.047969,50.70721],[7.047691,50.706731],[7.047409,50.706067],[7.047112,50.705612],[7.046754,50.705747],[7.046011,50.706084],[7.045179,50.706481],[7.044671,50.706772],[7.044389,50.706942],[7.044115,50.707139],[7.043702,50.707538],[7.043534,50.707743],[7.043374,50.707999],[7.043201,50.70839],[7.043161,50.708631],[7.043108,50.709587],[7.043069,50.70989],[7.043016,50.710091],[7.04281,50.710514],[7.042638,50.710715],[7.042027,50.711334],[7.041868,50.711439],[7.041469,50.711655],[7.040986,50.71185],[7.041152,50.711995],[7.042144,50.712561],[7.041884,50.712796],[7.041481,50.712931],[7.038103,50.713537],[7.038599,50.714586],[7.037487,50.714809],[7.036021,50.715128],[7.035036,50.715316],[7.03473,50.715436],[7.034562,50.715475],[7.036171,50.715672],[7.036701,50.715823],[7.03865,50.716112],[7.038904,50.716291],[7.039307,50.71638],[7.041011,50.716632],[7.041195,50.716699],[7.042205,50.71683],[7.043269,50.716913],[7.043398,50.716912],[7.044014,50.716971],[7.044226,50.716713],[7.045138,50.716823],[7.046293,50.717008],[7.046739,50.717108],[7.047158,50.717221],[7.048018,50.717493],[7.048405,50.717639],[7.04903,50.71793],[7.049552,50.718209],[7.049629,50.718152],[7.049433,50.718022],[7.049727,50.717809]]]]},"properties":{"district_code":"491","district":"Duisdorf-Zentrum","stadtbezirk":"Hardtberg"}},{"type":"Feature","geometry":{"type":"MultiPolygon","coordinates":[[[[7.055915,50.703723],[7.055477,50.703726],[7.054761,50.703756],[7.054492,50.70378],[7.053206,50.703948],[7.05221,50.704138],[7.0503,50.70457],[7.049278,50.704863],[7.048189,50.705216],[7.047112,50.705612],[7.047409,50.706067],[7.047691,50.706731],[7.047969,50.70721],[7.048305,50.707537],[7.048581,50.707758],[7.048767,50.707956],[7.048909,50.708153],[7.04903,50.708446],[7.049131,50.708904],[7.04922,50.709123],[7.049317,50.709333],[7.049547,50.709553],[7.050162,50.710029],[7.050518,50.710268],[7.051262,50.710725],[7.051522,50.710921],[7.05169,50.711021],[7.052179,50.711222],[7.054235,50.711873],[7.055314,50.712538],[7.055707,50.712817],[7.057237,50.712418],[7.0582,50.712261],[7.059523,50.712014],[7.060315,50.711774],[7.061772,50.711407],[7.061471,50.710765],[7.061293,50.710175],[7.061184,50.709699],[7.061146,50.709192],[7.061154,50.708735],[7.061261,50.708],[7.061718,50.706953],[7.06193,50.706555],[7.062493,50.70575],[7.063226,50.704775],[7.062182,50.704615],[7.060989,50.704399],[7.058753,50.703931],[7.057734,50.703823],[7.056821,50.703747],[7.056488,50.703726],[7.055915,50.703723]]]]},"properties":{"district_code":"492","district":"Finkenhof","stadtbezirk":"Hardtberg"}},{"type":"Feature","geometry":{"type":"MultiPolygon","coordinates":[[[[7.047112,50.705612],[7.046875,50.705382],[7.046284,50.705509],[7.046165,50.705517],[7.046039,50.705499],[7.045328,50.705308],[7.044534,50.705065],[7.043231,50.704701],[7.043069,50.704661],[7.042489,50.70457],[7.042285,50.70455],[7.041859,50.70455],[7.040903,50.704622],[7.040776,50.70464],[7.040717,50.704671],[7.040473,50.704642],[7.039656,50.704585],[7.039354,50.70452],[7.039302,50.704496],[7.03923,50.704432],[7.039078,50.704142],[7.038968,50.704027],[7.038683,50.704577],[7.038236,50.704771],[7.038153,50.704827],[7.038041,50.704923],[7.037764,50.705243],[7.037705,50.705284],[7.037601,50.705322],[7.037212,50.705381],[7.037135,50.705371],[7.03705,50.705332],[7.036835,50.705358],[7.036675,50.705428],[7.036387,50.705334],[7.035931,50.705224],[7.035108,50.705038],[7.03494,50.705024],[7.034775,50.705066],[7.034351,50.705227],[7.034217,50.705138],[7.033654,50.704612],[7.033542,50.704528],[7.032951,50.703183],[7.032346,50.701932],[7.032074,50.701184],[7.032101,50.700814],[7.032268,50.699926],[7.032355,50.699586],[7.032608,50.698714],[7.032793,50.698269],[7.033044,50.697564],[7.032677,50.697917],[7.03208,50.699092],[7.031826,50.699051],[7.031141,50.698979],[7.029826,50.698791],[7.029656,50.699139],[7.02945,50.699164],[7.029401,50.699221],[7.029369,50.699343],[7.029299,50.699462],[7.029346,50.699586],[7.029402,50.699636],[7.029405,50.699691],[7.029386,50.699712],[7.029196,50.699718],[7.028915,50.699952],[7.028909,50.700015],[7.028945,50.700082],[7.029023,50.700143],[7.029096,50.700173],[7.029104,50.700196],[7.029042,50.700232],[7.02858,50.700367],[7.028581,50.700417],[7.028797,50.700611],[7.028794,50.700651],[7.028765,50.700665],[7.028594,50.700641],[7.028522,50.700728],[7.028091,50.700979],[7.028037,50.701067],[7.028024,50.701204],[7.027913,50.701429],[7.027918,50.701532],[7.028016,50.701633],[7.027999,50.701661],[7.027864,50.701698],[7.027848,50.701734],[7.027981,50.701827],[7.027995,50.701879],[7.027791,50.701987],[7.02782,50.702056],[7.027727,50.702182],[7.027566,50.702226],[7.027568,50.702301],[7.02762,50.702405],[7.027608,50.702474],[7.027475,50.702524],[7.027403,50.702604],[7.027178,50.7027],[7.027164,50.70273],[7.026874,50.702911],[7.026837,50.702958],[7.026759,50.702973],[7.026539,50.70309],[7.0263,50.703183],[7.02603,50.703224],[7.025857,50.703174],[7.025766,50.703174],[7.025696,50.703193],[7.025679,50.703263],[7.025576,50.703359],[7.025457,50.703431],[7.025465,50.703475],[7.025388,50.703659],[7.025148,50.703805],[7.024998,50.703987],[7.025002,50.704069],[7.025055,50.70415],[7.025049,50.704188],[7.024669,50.704256],[7.024414,50.70434],[7.02407,50.704382],[7.023154,50.704559],[7.023253,50.704705],[7.023382,50.704973],[7.023395,50.705145],[7.02338,50.705224],[7.023334,50.705338],[7.023208,50.705535],[7.022783,50.706082],[7.022661,50.706322],[7.022628,50.706455],[7.022632,50.706529],[7.022712,50.706648],[7.022761,50.706684],[7.023313,50.706916],[7.023896,50.707202],[7.024872,50.707719],[7.025183,50.707908],[7.025323,50.708015],[7.025418,50.708123],[7.025481,50.708128],[7.025629,50.708221],[7.026033,50.708537],[7.026344,50.708888],[7.026445,50.709037],[7.026672,50.709499],[7.02679,50.709651],[7.027435,50.710736],[7.027638,50.711002],[7.028991,50.711931],[7.028984,50.71198],[7.029341,50.712307],[7.030182,50.712929],[7.031038,50.713591],[7.031234,50.71378],[7.031332,50.713901],[7.03162,50.714475],[7.031693,50.714576],[7.031785,50.714697],[7.031948,50.714826],[7.032413,50.715039],[7.032625,50.715216],[7.034562,50.715475],[7.03473,50.715436],[7.035036,50.715316],[7.036021,50.715128],[7.037487,50.714809],[7.038599,50.714586],[7.038103,50.713537],[7.041481,50.712931],[7.041884,50.712796],[7.042144,50.712561],[7.041152,50.711995],[7.040986,50.71185],[7.041469,50.711655],[7.041868,50.711439],[7.042027,50.711334],[7.042638,50.710715],[7.04281,50.710514],[7.043016,50.710091],[7.043069,50.70989],[7.043108,50.709587],[7.043161,50.708631],[7.043201,50.70839],[7.043374,50.707999],[7.043534,50.707743],[7.043702,50.707538],[7.044115,50.707139],[7.044389,50.706942],[7.044671,50.706772],[7.045179,50.706481],[7.046011,50.706084],[7.046754,50.705747],[7.047112,50.705612]]]]},"properties":{"district_code":"493","district":"Medinghoven","stadtbezirk":"Hardtberg"}},{"type":"Feature","geometry":{"type":"MultiPolygon","coordinates":[[[[7.047112,50.705612],[7.048189,50.705216],[7.049278,50.704863],[7.0503,50.70457],[7.05221,50.704138],[7.053206,50.703948],[7.053849,50.703855],[7.054761,50.703756],[7.055477,50.703726],[7.056488,50.703726],[7.057734,50.703823],[7.058753,50.703931],[7.060989,50.704399],[7.062182,50.704615],[7.063226,50.704775],[7.063541,50.704373],[7.064093,50.703594],[7.064388,50.70314],[7.064763,50.702443],[7.065042,50.701757],[7.065153,50.701335],[7.065196,50.700784],[7.065191,50.700411],[7.065136,50.699954],[7.065698,50.699831],[7.065604,50.699573],[7.065429,50.699404],[7.06536,50.699374],[7.065115,50.698838],[7.064622,50.697984],[7.064538,50.697692],[7.064365,50.697388],[7.06433,50.697081],[7.063848,50.696766],[7.0635,50.696672],[7.06352,50.696561],[7.063429,50.696504],[7.062981,50.696038],[7.061414,50.694758],[7.060349,50.693753],[7.05942,50.692754],[7.058841,50.692039],[7.058514,50.691597],[7.058051,50.690834],[7.057697,50.690132],[7.057521,50.68971],[7.057331,50.689174],[7.057189,50.688691],[7.056972,50.687628],[7.056921,50.687242],[7.056887,50.686682],[7.056894,50.686208],[7.056934,50.685782],[7.05707,50.68474],[7.057411,50.683497],[7.057773,50.682578],[7.058327,50.681502],[7.058578,50.681079],[7.058879,50.680642],[7.059101,50.680218],[7.058626,50.68049],[7.058136,50.68074],[7.056377,50.68156],[7.053409,50.682907],[7.053043,50.683094],[7.052352,50.683548],[7.051915,50.684072],[7.051786,50.68429],[7.051701,50.684511],[7.051544,50.684794],[7.051403,50.684988],[7.051206,50.685174],[7.050827,50.685811],[7.046927,50.687241],[7.046757,50.687098],[7.046659,50.686924],[7.046401,50.686576],[7.046306,50.686394],[7.046267,50.686243],[7.045987,50.686373],[7.045466,50.686497],[7.044716,50.686589],[7.044273,50.686602],[7.043148,50.68668],[7.042249,50.686705],[7.042025,50.686778],[7.039728,50.687411],[7.03786,50.687135],[7.03741,50.687055],[7.037128,50.687062],[7.036976,50.688147],[7.037111,50.688298],[7.038493,50.688022],[7.039021,50.688544],[7.038771,50.688632],[7.038403,50.688851],[7.038142,50.688823],[7.0378,50.68895],[7.036742,50.689249],[7.036516,50.68938],[7.035826,50.689497],[7.035221,50.689645],[7.035805,50.690424],[7.036065,50.690731],[7.036229,50.690689],[7.0365,50.691003],[7.031937,50.692694],[7.031258,50.693016],[7.030806,50.693185],[7.031067,50.693919],[7.031477,50.69441],[7.031891,50.694795],[7.031859,50.694841],[7.031879,50.694997],[7.03174,50.695561],[7.0319,50.69569],[7.032101,50.695958],[7.032236,50.696504],[7.032927,50.697416],[7.033047,50.697496],[7.033044,50.697564],[7.032793,50.698269],[7.032608,50.698714],[7.032355,50.699586],[7.032268,50.699926],[7.032101,50.700814],[7.032074,50.701184],[7.032346,50.701932],[7.032951,50.703183],[7.033542,50.704528],[7.033654,50.704612],[7.034217,50.705138],[7.034351,50.705227],[7.034775,50.705066],[7.03494,50.705024],[7.035108,50.705038],[7.036387,50.705334],[7.036675,50.705428],[7.036835,50.705358],[7.03705,50.705332],[7.037135,50.705371],[7.037212,50.705381],[7.037601,50.705322],[7.037705,50.705284],[7.037764,50.705243],[7.038041,50.704923],[7.038153,50.704827],[7.038236,50.704771],[7.038683,50.704577],[7.038968,50.704027],[7.039078,50.704142],[7.03923,50.704432],[7.039302,50.704496],[7.039354,50.70452],[7.039656,50.704585],[7.040473,50.704642],[7.040717,50.704671],[7.040776,50.70464],[7.040903,50.704622],[7.041859,50.70455],[7.042285,50.70455],[7.042489,50.70457],[7.043069,50.704661],[7.043231,50.704701],[7.044534,50.705065],[7.045328,50.705308],[7.046039,50.705499],[7.046165,50.705517],[7.046284,50.705509],[7.046875,50.705382],[7.047112,50.705612]]]]},"properties":{"district_code":"494","district":"Brüser Berg","stadtbezirk":"Hardtberg"}},{"type":"Feature","geometry":{"type":"MultiPolygon","coordinates":[[[[7.075064,50.717933],[7.075092,50.717686],[7.075222,50.717355],[7.075303,50.717277],[7.075468,50.717343],[7.075586,50.717365],[7.076506,50.71746],[7.076601,50.717489],[7.076836,50.717604],[7.076934,50.71763],[7.077106,50.717618],[7.077261,50.717551],[7.077462,50.717758],[7.077645,50.717667],[7.077814,50.716968],[7.077927,50.716629],[7.078105,50.715921],[7.077977,50.715905],[7.078137,50.715135],[7.078398,50.714544],[7.078498,50.714452],[7.078441,50.714344],[7.078455,50.714253],[7.078508,50.714187],[7.079093,50.713663],[7.079204,50.713454],[7.079195,50.713018],[7.079152,50.712717],[7.079257,50.712486],[7.079293,50.712451],[7.078582,50.712377],[7.078692,50.712021],[7.078929,50.712063],[7.079083,50.71172],[7.078619,50.711634],[7.078743,50.710958],[7.078749,50.71076],[7.078201,50.710661],[7.078672,50.710418],[7.078578,50.710289],[7.078297,50.710192],[7.077671,50.710048],[7.077594,50.709865],[7.077763,50.709284],[7.077956,50.708746],[7.076814,50.708631],[7.076798,50.708473],[7.076969,50.707573],[7.077124,50.707045],[7.077177,50.706776],[7.076297,50.706781],[7.076341,50.706392],[7.075938,50.706384],[7.075968,50.705489],[7.075967,50.705192],[7.075938,50.705141],[7.075942,50.705061],[7.076032,50.70498],[7.075966,50.703873],[7.075283,50.703894],[7.075392,50.703429],[7.0753,50.703401],[7.075474,50.702802],[7.07551,50.702715],[7.075599,50.702634],[7.075766,50.702573],[7.075288,50.702139],[7.075213,50.702092],[7.074948,50.701465],[7.074907,50.701029],[7.074891,50.700391],[7.074835,50.699836],[7.074,50.699897],[7.073962,50.699846],[7.073503,50.699865],[7.073173,50.700619],[7.073037,50.700838],[7.072263,50.700657],[7.071947,50.700598],[7.071566,50.700559],[7.071177,50.700593],[7.07115,50.700685],[7.070604,50.700729],[7.070671,50.700536],[7.070687,50.700399],[7.070276,50.700323],[7.069765,50.700268],[7.069251,50.700155],[7.067764,50.699952],[7.066717,50.699915],[7.065877,50.69983],[7.065698,50.699831],[7.065136,50.699954],[7.065191,50.700411],[7.065196,50.700784],[7.065153,50.701335],[7.065042,50.701757],[7.064763,50.702443],[7.064388,50.70314],[7.063878,50.703907],[7.062493,50.70575],[7.06193,50.706555],[7.061718,50.706953],[7.061261,50.708],[7.061154,50.708735],[7.061146,50.709192],[7.061184,50.709699],[7.061293,50.710175],[7.061471,50.710765],[7.061772,50.711407],[7.061928,50.711674],[7.062418,50.712349],[7.062761,50.712783],[7.063745,50.713818],[7.064197,50.714258],[7.064737,50.714726],[7.065162,50.715059],[7.06569,50.715427],[7.06641,50.715883],[7.067441,50.716438],[7.068791,50.717027],[7.069803,50.717407],[7.071593,50.717979],[7.0724,50.717866],[7.075063,50.718256],[7.075048,50.718077],[7.075064,50.717933]]]]},"properties":{"district_code":"495","district":"Lengsdorf","stadtbezirk":"Hardtberg"}},{"type":"Feature","geometry":{"type":"MultiPolygon","coordinates":[[[[7.055269,50.727029],[7.05559,50.726917],[7.055757,50.72693],[7.054511,50.72492],[7.053966,50.723951],[7.053347,50.722954],[7.052577,50.721645],[7.051785,50.720389],[7.051395,50.719821],[7.051121,50.719487],[7.050777,50.719118],[7.050301,50.718707],[7.049552,50.718209],[7.049293,50.718066],[7.048405,50.717639],[7.047555,50.717337],[7.046739,50.717108],[7.046293,50.717008],[7.045715,50.716908],[7.045138,50.716823],[7.044226,50.716713],[7.044014,50.716971],[7.043398,50.716912],[7.043269,50.716913],[7.042205,50.71683],[7.041195,50.716699],[7.041011,50.716632],[7.039307,50.71638],[7.038904,50.716291],[7.03865,50.716112],[7.036701,50.715823],[7.036171,50.715672],[7.034562,50.715475],[7.032625,50.715216],[7.032766,50.715307],[7.032848,50.715337],[7.033184,50.715444],[7.033556,50.715541],[7.034594,50.71572],[7.0365,50.716724],[7.036773,50.716822],[7.038579,50.717768],[7.039427,50.718281],[7.039895,50.718607],[7.040795,50.71904],[7.041376,50.71924],[7.041507,50.719312],[7.041961,50.719493],[7.042227,50.719617],[7.042159,50.719728],[7.041643,50.72031],[7.041532,50.720466],[7.042075,50.720732],[7.042316,50.720775],[7.042632,50.720776],[7.042887,50.720826],[7.043077,50.72091],[7.043177,50.720981],[7.043439,50.721254],[7.043656,50.721119],[7.044252,50.720675],[7.044574,50.720815],[7.045064,50.720965],[7.045736,50.721203],[7.045155,50.721574],[7.044598,50.721898],[7.045905,50.722625],[7.046354,50.722324],[7.046465,50.722301],[7.047083,50.721939],[7.047194,50.722008],[7.047264,50.721982],[7.049013,50.723041],[7.050096,50.723723],[7.050091,50.723785],[7.050192,50.723875],[7.050679,50.723841],[7.051391,50.724203],[7.051428,50.724183],[7.05249,50.724611],[7.053275,50.725484],[7.053879,50.726203],[7.054528,50.726007],[7.055269,50.727029]]]]},"properties":{"district_code":"496","district":"Duisdorf-Nord","stadtbezirk":"Hardtberg"}},{"type":"Feature","geometry":{"type":"MultiPolygon","coordinates":[[[[7.063182,50.718846],[7.063768,50.718767],[7.064208,50.719109],[7.065187,50.719319],[7.064846,50.719725],[7.066422,50.720006],[7.068477,50.720307],[7.068769,50.720381],[7.068785,50.720493],[7.069015,50.720433],[7.069189,50.720414],[7.069694,50.72043],[7.069902,50.719357],[7.070627,50.719464],[7.070849,50.71922],[7.070858,50.71906],[7.070819,50.719014],[7.070873,50.718941],[7.071024,50.718556],[7.071079,50.718225],[7.071172,50.718072],[7.071593,50.717979],[7.069803,50.717407],[7.068791,50.717027],[7.068403,50.71686],[7.067441,50.716438],[7.06641,50.715883],[7.06569,50.715427],[7.065162,50.715059],[7.064737,50.714726],[7.064197,50.714258],[7.063745,50.713818],[7.062761,50.712783],[7.062418,50.712349],[7.061928,50.711674],[7.061772,50.711407],[7.060315,50.711774],[7.059523,50.712014],[7.0582,50.712261],[7.057237,50.712418],[7.055707,50.712817],[7.055458,50.712957],[7.055257,50.713108],[7.054499,50.713856],[7.054383,50.713943],[7.05408,50.714237],[7.053295,50.715045],[7.053191,50.715128],[7.053047,50.715233],[7.05207,50.715824],[7.051165,50.7164],[7.051006,50.716469],[7.050849,50.716611],[7.050501,50.71705],[7.050575,50.71709],[7.050158,50.717405],[7.049918,50.717297],[7.049727,50.717809],[7.049433,50.718022],[7.049629,50.718152],[7.049552,50.718209],[7.050301,50.718707],[7.050777,50.719118],[7.051121,50.719487],[7.051395,50.719821],[7.051785,50.720389],[7.052577,50.721645],[7.053347,50.722954],[7.053966,50.723951],[7.054511,50.72492],[7.055757,50.72693],[7.05587,50.726837],[7.05711,50.726435],[7.057,50.726236],[7.056838,50.726104],[7.056601,50.72586],[7.056747,50.725787],[7.057655,50.725418],[7.058725,50.724957],[7.058246,50.724528],[7.06047,50.723606],[7.060121,50.723249],[7.060301,50.723108],[7.060863,50.722807],[7.061518,50.722319],[7.061914,50.72222],[7.062271,50.72199],[7.062506,50.721778],[7.062217,50.721654],[7.061149,50.721112],[7.063182,50.718846]]]]},"properties":{"district_code":"497","district":"Neu-Duisdorf","stadtbezirk":"Hardtberg"}}]}