{"type":"FeatureCollection","features":[{"type":"Feature","geometry":{"type":"MultiPolygon","coordinates":[[[[7.188793,50.649683],[7.188701,50.649636],[7.188658,50.649536],[7.188671,50.649517],[7.188708,50.649516],[7.188745,50.649569],[7.188796,50.649588],[7.188793,50.649683]]]]},"properties":{"id":"BT-BN-00184"}},{"type":"Feature","geometry":{"type":"MultiPolygon","coordinates":[[[[7.125869,50.681719],[7.125786,50.681656],[7.125705,50.681558],[7.125688,50.681416],[7.125757,50.681349],[7.126651,50.680912],[7.126873,50.681014],[7.126815,50.681209],[7.126322,50.681479],[7.126186,50.68164],[7.126046,50.681706],[7.125869,50.681719]]]]},"properties":{"id":"BT-5308-0001-2013"}},{"type":"Feature","geometry":{"type":"MultiPolygon","coordinates":[[[[7.162854,50.741401],[7.16234,50.741405],[7.16274,50.741122],[7.162889,50.741071],[7.163107,50.741049],[7.163478,50.741077],[7.163763,50.741155],[7.163718,50.741401],[7.162854,50.741401]]]]},"properties":{"id":"BT-5208-0062-2014"}},{"type":"Feature","geometry":{"type":"MultiPolygon","coordinates":[[[[7.177656,50.727892],[7.177911,50.727835],[7.17824,50.727815],[7.178663,50.72771],[7.179055,50.727737],[7.179506,50.727804],[7.179398,50.727946],[7.179157,50.72799],[7.178659,50.727955],[7.178353,50.727892],[7.177996,50.727957],[7.177823,50.72807],[7.177344,50.728206],[7.177291,50.72833],[7.177002,50.728463],[7.176833,50.728593],[7.176671,50.728668],[7.176636,50.728604],[7.176727,50.728516],[7.176747,50.728437],[7.176703,50.728444],[7.176698,50.728374],[7.176878,50.72817],[7.176867,50.72809],[7.177136,50.727869],[7.17756,50.727913],[7.177656,50.727892]]]]},"properties":{"id":"BT-5209-0487-2014"}},{"type":"Feature","geometry":{"type":"MultiPolygon","coordinates":[[[[7.062399,50.648241],[7.062316,50.648148],[7.062319,50.648119],[7.062381,50.648066],[7.062467,50.648039],[7.062662,50.648113],[7.062675,50.648169],[7.062644,50.64823],[7.062565,50.648281],[7.062488,50.64828],[7.062399,50.648241]]]]},"properties":{"id":"BT-5308-0007-2014"}},{"type":"Feature","geometry":{"type":"MultiPolygon","coordinates":[[[[7.037245,50.659971],[7.037033,50.659964],[7.03703,50.659856],[7.037155,50.659729],[7.037351,50.659638],[7.037465,50.65969],[7.037468,50.659843],[7.037399,50.659907],[7.037245,50.659971]],[[7.045535,50.657505],[7.045416,50.657556],[7.045334,50.657536],[7.045248,50.657497],[7.045146,50.657398],[7.04513,50.657353],[7.045281,50.657404],[7.045398,50.657425],[7.045535,50.657505]],[[7.040555,50.655537],[7.040413,50.655502],[7.040411,50.655394],[7.040523,50.655357],[7.040637,50.655383],[7.04061,50.655437],[7.040682,50.655491],[7.040555,50.655537]]]]},"properties":{"id":"BT-5308-0030-2014"}},{"type":"Feature","geometry":{"type":"MultiPolygon","coordinates":[[[[7.174876,50.741509],[7.174646,50.741579],[7.174576,50.741587],[7.17442,50.741219],[7.17459,50.740932],[7.17478,50.740997],[7.17489,50.741067],[7.174965,50.741227],[7.174982,50.741477],[7.174876,50.741509]]]]},"properties":{"id":"BT-5209-0596-2014"}},{"type":"Feature","geometry":{"type":"MultiPolygon","coordinates":[[[[7.161583,50.727714],[7.161262,50.727581],[7.16122,50.727503],[7.160887,50.727288],[7.161005,50.727236],[7.161639,50.727063],[7.161916,50.727162],[7.163083,50.7275],[7.163781,50.727724],[7.164163,50.727866],[7.164286,50.727926],[7.163866,50.728115],[7.163847,50.728258],[7.163902,50.728621],[7.16381,50.728639],[7.163607,50.728778],[7.163217,50.728389],[7.163142,50.728361],[7.163068,50.728363],[7.162867,50.728277],[7.162883,50.728197],[7.162752,50.728105],[7.16253,50.727995],[7.162426,50.728019],[7.162303,50.728003],[7.162263,50.727826],[7.162207,50.727775],[7.162043,50.727746],[7.162001,50.727711],[7.161938,50.727711],[7.161764,50.72775],[7.161669,50.727715],[7.161583,50.727714]],[[7.161938,50.728427],[7.16226,50.72806],[7.162324,50.728038],[7.162406,50.728051],[7.16252,50.728028],[7.162819,50.728186],[7.162825,50.728288],[7.163028,50.728389],[7.163199,50.72841],[7.163501,50.728719],[7.163597,50.728792],[7.163512,50.728844],[7.163462,50.728858],[7.163405,50.728851],[7.163005,50.728692],[7.162645,50.7286],[7.162336,50.728555],[7.161938,50.728427]]]]},"properties":{"id":"BT-5208-0003-2014"}},{"type":"Feature","geometry":{"type":"MultiPolygon","coordinates":[[[[7.124762,50.770847],[7.124755,50.770943],[7.124881,50.771263],[7.12533,50.771822],[7.125518,50.771971],[7.125732,50.77208],[7.125939,50.772148],[7.126183,50.772185],[7.126713,50.772228],[7.128312,50.772334],[7.128805,50.772399],[7.130045,50.772508],[7.129833,50.772558],[7.128094,50.772374],[7.126356,50.77227],[7.126071,50.77224],[7.12569,50.772146],[7.125415,50.772016],[7.125237,50.771867],[7.124677,50.771146],[7.124701,50.77092],[7.124762,50.770847]]]]},"properties":{"id":"BT-BN-00277"}},{"type":"Feature","geometry":{"type":"MultiPolygon","coordinates":[[[[7.158731,50.741252],[7.158664,50.741253],[7.157433,50.740858],[7.15747,50.740718],[7.157543,50.740651],[7.157667,50.74046],[7.157773,50.740446],[7.157758,50.740498],[7.157881,50.740573],[7.158097,50.740654],[7.158508,50.740756],[7.158754,50.740836],[7.158914,50.740911],[7.159033,50.740936],[7.159115,50.740887],[7.159252,50.740914],[7.158958,50.741275],[7.158845,50.741248],[7.158731,50.741252]]]]},"properties":{"id":"BT-BN-00296"}},{"type":"Feature","geometry":{"type":"MultiPolygon","coordinates":[[[[7.11343,50.747253],[7.113068,50.747134],[7.113,50.747072],[7.112987,50.746779],[7.11302,50.746338],[7.113539,50.746378],[7.113959,50.746437],[7.11387,50.746642],[7.113481,50.747221],[7.11343,50.747253]]]]},"properties":{"id":"BT-BN-00329"}},{"type":"Feature","geometry":{"type":"MultiPolygon","coordinates":[[[[7.113584,50.747295],[7.113468,50.747258],[7.113589,50.747124],[7.113719,50.746921],[7.113863,50.746694],[7.114005,50.746415],[7.11411,50.74636],[7.114103,50.746427],[7.11403,50.746601],[7.11388,50.746863],[7.113595,50.747237],[7.113584,50.747295]]]]},"properties":{"id":"BT-BN-00328"}},{"type":"Feature","geometry":{"type":"MultiPolygon","coordinates":[[[[7.156028,50.753347],[7.155945,50.753438],[7.155922,50.75356],[7.155531,50.753416],[7.155357,50.753522],[7.154724,50.753836],[7.154362,50.754048],[7.153458,50.75475],[7.152514,50.754523],[7.153259,50.754062],[7.153913,50.753337],[7.15451,50.752486],[7.154911,50.752495],[7.154766,50.752542],[7.154698,50.752653],[7.155224,50.752798],[7.155347,50.753084],[7.155445,50.753155],[7.155572,50.75321],[7.156028,50.753347]]]]},"properties":{"id":"BT-BN-00338"}},{"type":"Feature","geometry":{"type":"MultiPolygon","coordinates":[[[[7.100083,50.686077],[7.096699,50.683293],[7.100753,50.682579],[7.101287,50.68304],[7.102885,50.684265],[7.105311,50.685983],[7.103369,50.685971],[7.102058,50.686028],[7.100083,50.686077]]]]},"properties":{"id":"BT-BN-00299"}},{"type":"Feature","geometry":{"type":"MultiPolygon","coordinates":[[[[7.105529,50.686053],[7.103237,50.68438],[7.105353,50.683403],[7.105993,50.683234],[7.107421,50.684245],[7.110087,50.686092],[7.109754,50.686285],[7.109123,50.686697],[7.108155,50.687216],[7.107705,50.686658],[7.107323,50.686363],[7.105529,50.686053]]]]},"properties":{"id":"BT-BN-00300"}},{"type":"Feature","geometry":{"type":"MultiPolygon","coordinates":[[[[7.112727,50.74998],[7.112044,50.749606],[7.112947,50.748466],[7.113116,50.748509],[7.11309,50.748619],[7.113772,50.748806],[7.112727,50.74998]]]]},"properties":{"id":"BT-BN-00322"}},{"type":"Feature","geometry":{"type":"MultiPolygon","coordinates":[[[[7.112893,50.7463],[7.112858,50.746323],[7.112696,50.746294],[7.112676,50.745299],[7.112628,50.745271],[7.112435,50.745236],[7.112225,50.745222],[7.112189,50.745233],[7.112148,50.745339],[7.112123,50.745323],[7.112114,50.745261],[7.112167,50.745152],[7.112757,50.74519],[7.112861,50.74522],[7.112895,50.745324],[7.112808,50.746224],[7.112849,50.746244],[7.112965,50.746254],[7.112893,50.7463]]]]},"properties":{"id":"BT-BN-00332"}},{"type":"Feature","geometry":{"type":"MultiPolygon","coordinates":[[[[7.127146,50.725558],[7.127108,50.725571],[7.12703,50.725373],[7.126837,50.725129],[7.126591,50.724979],[7.126925,50.724805],[7.127142,50.724978],[7.12732,50.725089],[7.127322,50.725168],[7.127592,50.725243],[7.127739,50.72531],[7.127974,50.725456],[7.128017,50.725579],[7.127795,50.725637],[7.127649,50.725556],[7.127511,50.72553],[7.127388,50.725518],[7.127146,50.725558]]]]},"properties":{"id":"BT-BN-00281"}},{"type":"Feature","geometry":{"type":"MultiPolygon","coordinates":[[[[7.112696,50.746294],[7.112641,50.746284],[7.112524,50.74577],[7.112313,50.745447],[7.112435,50.745236],[7.112628,50.745271],[7.112676,50.745299],[7.112696,50.746294]]]]},"properties":{"id":"BT-BN-00331"}},{"type":"Feature","geometry":{"type":"MultiPolygon","coordinates":[[[[7.149418,50.736965],[7.149265,50.73692],[7.149236,50.736827],[7.149329,50.736781],[7.149509,50.736816],[7.149541,50.736892],[7.149494,50.736962],[7.149418,50.736965]]]]},"properties":{"id":"BT-5208-0048-2014"}},{"type":"Feature","geometry":{"type":"MultiPolygon","coordinates":[[[[7.14903,50.736916],[7.149066,50.736823],[7.149159,50.736731],[7.14941,50.736637],[7.149488,50.736646],[7.149624,50.736754],[7.149832,50.736854],[7.150122,50.736958],[7.149898,50.737114],[7.14903,50.736916]],[[7.149418,50.736965],[7.149494,50.736962],[7.149541,50.736892],[7.149509,50.736816],[7.149329,50.736781],[7.149236,50.736827],[7.149265,50.73692],[7.149418,50.736965]]]]},"properties":{"id":"BT-5208-0049-2014"}},{"type":"Feature","geometry":{"type":"MultiPolygon","coordinates":[[[[7.155815,50.740291],[7.155635,50.740301],[7.156017,50.739844],[7.156685,50.740062],[7.156321,50.740519],[7.156188,50.740477],[7.156143,50.740403],[7.155975,50.740289],[7.155815,50.740291]]]]},"properties":{"id":"BT-5208-0059-2014"}},{"type":"Feature","geometry":{"type":"MultiPolygon","coordinates":[[[[7.179518,50.750509],[7.179609,50.75052],[7.179719,50.750564],[7.179788,50.750627],[7.179805,50.750706],[7.179742,50.750765],[7.179586,50.750788],[7.179511,50.750784],[7.179493,50.750702],[7.179444,50.750664],[7.179431,50.750621],[7.179518,50.750509]]]]},"properties":{"id":"BT-5209-0114-2014"}},{"type":"Feature","geometry":{"type":"MultiPolygon","coordinates":[[[[7.072413,50.651661],[7.072411,50.651562],[7.072437,50.651481],[7.072535,50.651453],[7.072678,50.651496],[7.072696,50.651694],[7.072826,50.651819],[7.072845,50.651998],[7.072646,50.651946],[7.072561,50.651938],[7.072346,50.65185],[7.072413,50.651661]],[[7.072371,50.649818],[7.072568,50.649771],[7.072627,50.649906],[7.072713,50.649959],[7.072574,50.650032],[7.07246,50.650015],[7.072232,50.649918],[7.072119,50.649928],[7.072032,50.649839],[7.071889,50.649778],[7.072101,50.649767],[7.072216,50.649847],[7.072287,50.649846],[7.072371,50.649818]],[[7.069874,50.650093],[7.070118,50.650216],[7.070008,50.650361],[7.069823,50.650336],[7.069623,50.650239],[7.069719,50.650085],[7.069874,50.650093]]]]},"properties":{"id":"BT-5308-623-9"}},{"type":"Feature","geometry":{"type":"MultiPolygon","coordinates":[[[[7.128053,50.65981],[7.127926,50.65983],[7.127713,50.659805],[7.127612,50.659716],[7.127596,50.659617],[7.127537,50.659519],[7.127255,50.659566],[7.1269,50.659507],[7.126402,50.659368],[7.126245,50.659306],[7.126015,50.659165],[7.12621,50.659019],[7.126192,50.658875],[7.126275,50.658794],[7.126189,50.658732],[7.126047,50.658733],[7.125946,50.658635],[7.125895,50.658294],[7.125766,50.658223],[7.125708,50.658161],[7.125748,50.658035],[7.125887,50.657934],[7.12594,50.657808],[7.125893,50.657629],[7.125596,50.657002],[7.125636,50.656903],[7.125706,50.656875],[7.125746,50.656785],[7.125744,50.656722],[7.125603,50.656706],[7.125433,50.656707],[7.125417,50.656635],[7.125554,50.656463],[7.125552,50.656373],[7.125579,50.65631],[7.125621,50.656283],[7.125478,50.656239],[7.12559,50.656193],[7.125747,50.656255],[7.125693,50.656345],[7.125667,50.656462],[7.125599,50.656562],[7.125629,50.656606],[7.125871,50.656676],[7.125931,50.656846],[7.12575,50.656956],[7.125767,50.657064],[7.126036,50.65769],[7.126068,50.657834],[7.126028,50.657951],[7.125862,50.658088],[7.125863,50.65815],[7.12602,50.658185],[7.126079,50.658274],[7.126153,50.658426],[7.126158,50.658651],[7.126314,50.658659],[7.126444,50.658774],[7.126375,50.658856],[7.126363,50.658928],[7.126421,50.659008],[7.126325,50.659117],[7.126199,50.659163],[7.126285,50.659234],[7.126512,50.659232],[7.126998,50.659443],[7.127267,50.659476],[7.127506,50.659402],[7.127662,50.659446],[7.127859,50.659399],[7.128544,50.65905],[7.128658,50.659076],[7.128504,50.65915],[7.128143,50.659423],[7.127946,50.659497],[7.127821,50.659579],[7.127809,50.65966],[7.127937,50.659713],[7.128053,50.65981]]]]},"properties":{"id":"BT-5308-043"}},{"type":"Feature","geometry":{"type":"MultiPolygon","coordinates":[[[[7.182223,50.751724],[7.181784,50.751678],[7.181951,50.751304],[7.181943,50.751235],[7.181965,50.751181],[7.182504,50.750187],[7.182343,50.750024],[7.180956,50.750791],[7.180786,50.75086],[7.180532,50.750732],[7.180409,50.750735],[7.180163,50.750645],[7.179996,50.750467],[7.180021,50.750355],[7.179822,50.75035],[7.179712,50.750275],[7.179676,50.750192],[7.179727,50.750128],[7.17969,50.750016],[7.179831,50.749944],[7.179941,50.749859],[7.18003,50.74982],[7.180202,50.749797],[7.180265,50.749827],[7.180451,50.749543],[7.180384,50.749509],[7.180265,50.749576],[7.180038,50.749486],[7.179994,50.749417],[7.180219,50.749215],[7.180347,50.749229],[7.180445,50.749274],[7.180423,50.749386],[7.180572,50.749511],[7.180556,50.749615],[7.180432,50.749736],[7.180327,50.749902],[7.180372,50.750236],[7.180377,50.750447],[7.180434,50.750554],[7.180598,50.750537],[7.180706,50.750486],[7.180726,50.750328],[7.180699,50.750217],[7.180709,50.750129],[7.180756,50.75007],[7.180896,50.750096],[7.181027,50.750237],[7.181152,50.750178],[7.181206,50.750128],[7.181075,50.749998],[7.181068,50.749967],[7.181224,50.749897],[7.181448,50.749864],[7.181691,50.749907],[7.182057,50.749742],[7.182431,50.749665],[7.18252,50.749584],[7.18263,50.749609],[7.182703,50.749647],[7.18277,50.749631],[7.182869,50.749476],[7.183116,50.749431],[7.183593,50.749406],[7.182696,50.751762],[7.18245,50.751741],[7.183,50.750344],[7.182855,50.750337],[7.182761,50.750481],[7.18261,50.750759],[7.182223,50.751724]]]]},"properties":{"id":"BT-5209-0610-2014"}},{"type":"Feature","geometry":{"type":"MultiPolygon","coordinates":[[[[7.182223,50.751724],[7.18261,50.750759],[7.182761,50.750481],[7.182855,50.750337],[7.183,50.750344],[7.182459,50.751729],[7.18245,50.751741],[7.182223,50.751724]]]]},"properties":{"id":"BT-5209-0613-2014"}},{"type":"Feature","geometry":{"type":"MultiPolygon","coordinates":[[[[7.085261,50.702936],[7.085134,50.702955],[7.085285,50.702729],[7.085368,50.702639],[7.085551,50.702601],[7.085592,50.702556],[7.085705,50.702519],[7.086081,50.702254],[7.08639,50.702162],[7.086616,50.702115],[7.086755,50.702041],[7.086938,50.701995],[7.087077,50.701868],[7.087286,50.701749],[7.087562,50.701431],[7.087732,50.70143],[7.088264,50.701191],[7.088532,50.701144],[7.088727,50.700998],[7.088993,50.700879],[7.089117,50.700716],[7.089578,50.700442],[7.08964,50.7001],[7.089778,50.699945],[7.089918,50.699836],[7.089928,50.699692],[7.090093,50.699466],[7.090104,50.699313],[7.090228,50.699177],[7.090314,50.699248],[7.090453,50.699139],[7.090521,50.699013],[7.090501,50.698132],[7.090369,50.697962],[7.090642,50.697501],[7.09048,50.697224],[7.09059,50.697088],[7.090685,50.696907],[7.090872,50.696456],[7.090971,50.696437],[7.091085,50.69649],[7.090978,50.696743],[7.090801,50.697059],[7.090764,50.697266],[7.090837,50.697382],[7.090828,50.697607],[7.090774,50.697707],[7.090663,50.697798],[7.090692,50.697842],[7.090595,50.697915],[7.090669,50.698076],[7.090734,50.69902],[7.090694,50.699155],[7.090361,50.699446],[7.090279,50.699572],[7.090229,50.69986],[7.090062,50.699952],[7.08991,50.700106],[7.089815,50.700305],[7.089678,50.700504],[7.089329,50.700723],[7.089053,50.701004],[7.088703,50.701187],[7.088506,50.701243],[7.087735,50.701556],[7.087567,50.701656],[7.087332,50.701874],[7.087165,50.702002],[7.086927,50.70213],[7.086689,50.702222],[7.086519,50.702205],[7.086337,50.702306],[7.086254,50.702388],[7.08603,50.702498],[7.085903,50.702517],[7.085792,50.702599],[7.085525,50.702727],[7.085398,50.702719],[7.085343,50.702774],[7.085358,50.702836],[7.085261,50.702936]]]]},"properties":{"id":"BT-5208-012-9"}},{"type":"Feature","geometry":{"type":"MultiPolygon","coordinates":[[[[7.11069,50.658224],[7.110718,50.658188],[7.110987,50.658203],[7.111269,50.658183],[7.111397,50.658199],[7.111399,50.658271],[7.111343,50.658326],[7.111217,50.658363],[7.111061,50.658364],[7.110876,50.658312],[7.11069,50.658224]],[[7.110398,50.658425],[7.110271,50.658444],[7.110199,50.658364],[7.110226,50.658301],[7.110366,50.658263],[7.110494,50.658289],[7.110524,50.658361],[7.110398,50.658425]]]]},"properties":{"id":"BT-5308-702-9"}},{"type":"Feature","geometry":{"type":"MultiPolygon","coordinates":[[[[7.18981,50.728811],[7.189765,50.728942],[7.189593,50.729023],[7.189455,50.72892],[7.189501,50.728774],[7.189659,50.728719],[7.189775,50.728765],[7.18981,50.728811]],[[7.189246,50.729495],[7.189056,50.729468],[7.188998,50.729393],[7.189032,50.729321],[7.189146,50.729263],[7.189251,50.729242],[7.189292,50.729287],[7.189306,50.729264],[7.189396,50.72932],[7.18927,50.729494],[7.189246,50.729495]]]]},"properties":{"id":"BT-5209-0494-2014"}},{"type":"Feature","geometry":{"type":"MultiPolygon","coordinates":[[[[7.193428,50.647787],[7.193978,50.647727],[7.194893,50.647565],[7.194936,50.6476],[7.195077,50.647563],[7.19509,50.647518],[7.195789,50.647205],[7.196091,50.647409],[7.196024,50.64758],[7.195609,50.647926],[7.19458,50.648063],[7.193473,50.647876],[7.193428,50.647787]]]]},"properties":{"id":"BT-5309-0003-1999"}},{"type":"Feature","geometry":{"type":"MultiPolygon","coordinates":[[[[7.190922,50.747536],[7.190992,50.747451],[7.1911,50.747373],[7.191297,50.74727],[7.191342,50.747213],[7.191349,50.747046],[7.191318,50.746678],[7.191236,50.746526],[7.191269,50.746449],[7.191363,50.746337],[7.191454,50.746285],[7.191497,50.746235],[7.191525,50.746182],[7.191551,50.74598],[7.191536,50.745942],[7.191407,50.745861],[7.190903,50.74568],[7.190736,50.745603],[7.190553,50.745472],[7.190332,50.745214],[7.190464,50.745234],[7.19061,50.745416],[7.190852,50.74559],[7.191565,50.745844],[7.191643,50.74585],[7.191811,50.745776],[7.191919,50.745597],[7.19198,50.745532],[7.192112,50.745443],[7.192143,50.745399],[7.192166,50.745345],[7.192159,50.745186],[7.192038,50.745006],[7.192052,50.744905],[7.191758,50.744635],[7.191687,50.744589],[7.191697,50.744526],[7.191667,50.74448],[7.191649,50.744346],[7.191614,50.744287],[7.191463,50.74414],[7.191397,50.744011],[7.191418,50.743989],[7.191479,50.743995],[7.191565,50.744123],[7.191765,50.74432],[7.191758,50.744444],[7.191823,50.744522],[7.19182,50.744566],[7.192101,50.744809],[7.192164,50.744817],[7.192178,50.744783],[7.192162,50.744625],[7.192282,50.744554],[7.192446,50.744389],[7.192452,50.744268],[7.192415,50.744144],[7.192451,50.74405],[7.192567,50.743893],[7.192644,50.743713],[7.193118,50.74297],[7.193609,50.74256],[7.193832,50.742333],[7.194003,50.742269],[7.194047,50.742234],[7.194053,50.742137],[7.194111,50.742018],[7.194105,50.741986],[7.194247,50.741727],[7.194328,50.741651],[7.19437,50.741561],[7.194305,50.741373],[7.194305,50.741294],[7.194256,50.741147],[7.194266,50.741111],[7.194321,50.741089],[7.194377,50.741093],[7.194425,50.741101],[7.194444,50.74113],[7.194435,50.741185],[7.194407,50.741211],[7.194408,50.741261],[7.194433,50.741433],[7.194493,50.741585],[7.194425,50.741721],[7.194362,50.74177],[7.194272,50.74196],[7.194268,50.742027],[7.19421,50.742159],[7.194217,50.742211],[7.194257,50.742214],[7.194344,50.742206],[7.194563,50.742148],[7.194741,50.742049],[7.194923,50.741998],[7.19508,50.741876],[7.195295,50.741793],[7.195356,50.741755],[7.195547,50.741605],[7.195907,50.741378],[7.196074,50.741182],[7.196069,50.740989],[7.196089,50.7409],[7.196108,50.74087],[7.196176,50.740831],[7.196195,50.740799],[7.196187,50.740747],[7.196209,50.740724],[7.196284,50.740706],[7.196338,50.740735],[7.19634,50.740756],[7.196264,50.7409],[7.196161,50.740985],[7.196207,50.741067],[7.196207,50.741108],[7.196042,50.741393],[7.195479,50.741806],[7.19538,50.741864],[7.195232,50.741914],[7.195215,50.741962],[7.195165,50.741994],[7.194934,50.742104],[7.194631,50.742215],[7.194394,50.742293],[7.194312,50.742301],[7.19421,50.742371],[7.194024,50.742438],[7.193631,50.742877],[7.193633,50.742969],[7.193597,50.743017],[7.19349,50.743095],[7.193396,50.74313],[7.193234,50.74337],[7.193223,50.743463],[7.193123,50.743678],[7.193032,50.743768],[7.192955,50.743893],[7.192755,50.744067],[7.192707,50.744147],[7.192652,50.744194],[7.192653,50.744276],[7.192574,50.744286],[7.192507,50.744447],[7.192354,50.744685],[7.192295,50.74501],[7.192413,50.745215],[7.192413,50.745381],[7.192394,50.745391],[7.192475,50.745467],[7.191985,50.745927],[7.191608,50.746567],[7.191601,50.74659],[7.191734,50.746617],[7.19167,50.746714],[7.19167,50.746758],[7.191782,50.746824],[7.19181,50.746862],[7.191766,50.746979],[7.191682,50.747108],[7.191643,50.747306],[7.190922,50.747536]]]]},"properties":{"id":"BT-SU-02683"}},{"type":"Feature","geometry":{"type":"MultiPolygon","coordinates":[[[[7.202786,50.655517],[7.203033,50.655201],[7.203472,50.654788],[7.203786,50.65446],[7.204168,50.654123],[7.204811,50.653468],[7.204938,50.653316],[7.20491,50.653225],[7.205062,50.653051],[7.205273,50.653157],[7.205204,50.653364],[7.204907,50.653594],[7.204666,50.653925],[7.204386,50.654224],[7.203963,50.654588],[7.203536,50.655025],[7.203365,50.655116],[7.202877,50.655595],[7.202786,50.655517]]]]},"properties":{"id":"BT-BN-00095"}},{"type":"Feature","geometry":{"type":"MultiPolygon","coordinates":[[[[7.200737,50.657813],[7.200678,50.657782],[7.201542,50.656901],[7.201689,50.656979],[7.201473,50.657185],[7.201357,50.657265],[7.200881,50.657751],[7.200737,50.657813]]]]},"properties":{"id":"BT-BN-00085"}},{"type":"Feature","geometry":{"type":"MultiPolygon","coordinates":[[[[7.128255,50.661135],[7.128232,50.661078],[7.128854,50.66057],[7.130173,50.661307],[7.130134,50.66133],[7.12899,50.661148],[7.128876,50.661148],[7.128779,50.661168],[7.128255,50.661135]]]]},"properties":{"id":"BT-BN-00207"}},{"type":"Feature","geometry":{"type":"MultiPolygon","coordinates":[[[[7.124941,50.659293],[7.12485,50.659326],[7.125147,50.659673],[7.125019,50.659718],[7.124876,50.659732],[7.124611,50.659697],[7.124424,50.659468],[7.124417,50.659416],[7.124538,50.659066],[7.124644,50.658879],[7.124539,50.658744],[7.124682,50.658669],[7.124926,50.658876],[7.125301,50.659149],[7.124941,50.659293]]]]},"properties":{"id":"BT-BN-00209"}},{"type":"Feature","geometry":{"type":"MultiPolygon","coordinates":[[[[7.074815,50.669546],[7.075088,50.669733],[7.07512,50.669876],[7.075192,50.669956],[7.075405,50.669999],[7.075689,50.670024],[7.075959,50.670093],[7.076131,50.670181],[7.076513,50.670178],[7.077411,50.670466],[7.077469,50.67052],[7.077471,50.670628],[7.07743,50.6707],[7.077502,50.670753],[7.077815,50.670813],[7.077959,50.67092],[7.078072,50.670919],[7.078101,50.670972],[7.078034,50.671117],[7.078038,50.671305],[7.078197,50.671448],[7.078199,50.671529],[7.078172,50.671601],[7.07823,50.671645],[7.078315,50.671671],[7.078431,50.67176],[7.078475,50.671841],[7.078616,50.671839],[7.078788,50.671919],[7.079026,50.671818],[7.079209,50.671789],[7.079393,50.671787],[7.079505,50.671741],[7.079602,50.67166],[7.079756,50.671568],[7.079963,50.671342],[7.079917,50.671198],[7.079913,50.671036],[7.079851,50.670794],[7.079848,50.670659],[7.079758,50.670427],[7.080056,50.67046],[7.080086,50.670522],[7.080003,50.67064],[7.080006,50.670739],[7.080122,50.670864],[7.080127,50.671088],[7.080101,50.671187],[7.080145,50.671268],[7.080147,50.67134],[7.080093,50.671448],[7.080567,50.671174],[7.080565,50.671057],[7.080461,50.670869],[7.08044,50.670564],[7.080623,50.670526],[7.080615,50.670787],[7.08068,50.671146],[7.080612,50.671255],[7.080362,50.671464],[7.079871,50.671639],[7.079705,50.671829],[7.079763,50.671892],[7.079765,50.671946],[7.079538,50.671957],[7.079382,50.671913],[7.079169,50.671897],[7.079199,50.671951],[7.079256,50.671977],[7.0793,50.672058],[7.079273,50.672094],[7.07925,50.672328],[7.079212,50.672508],[7.079004,50.67269],[7.079588,50.6729],[7.079804,50.673051],[7.079825,50.67333],[7.079953,50.673373],[7.079928,50.673517],[7.079817,50.673617],[7.079619,50.673637],[7.079393,50.673639],[7.07948,50.673737],[7.079469,50.673836],[7.079542,50.673934],[7.079627,50.67397],[7.079782,50.673932],[7.079854,50.674004],[7.079815,50.674121],[7.079915,50.674201],[7.079862,50.674354],[7.079878,50.674426],[7.080107,50.674541],[7.080195,50.674666],[7.080339,50.674763],[7.080341,50.674844],[7.08054,50.674923],[7.081452,50.674573],[7.081841,50.674282],[7.082864,50.673859],[7.083063,50.673875],[7.083236,50.674017],[7.082983,50.674109],[7.08266,50.674193],[7.082423,50.674348],[7.082157,50.674459],[7.081732,50.674472],[7.081104,50.674819],[7.080883,50.675046],[7.080801,50.67519],[7.080789,50.675271],[7.080819,50.675343],[7.08113,50.67534],[7.081287,50.675411],[7.081261,50.67551],[7.081292,50.675635],[7.081408,50.675733],[7.081536,50.675768],[7.081665,50.675848],[7.081723,50.675919],[7.08188,50.675944],[7.081858,50.676223],[7.082186,50.676337],[7.08205,50.675988],[7.082208,50.676058],[7.082323,50.676138],[7.082314,50.67639],[7.082431,50.676551],[7.083008,50.676392],[7.083444,50.676316],[7.083683,50.676215],[7.083754,50.676233],[7.083755,50.676278],[7.083911,50.676303],[7.083801,50.676448],[7.083788,50.676502],[7.083267,50.676579],[7.082999,50.676653],[7.082322,50.676732],[7.082338,50.676794],[7.082323,50.676785],[7.082229,50.676975],[7.082217,50.677074],[7.082176,50.677155],[7.082066,50.677273],[7.082067,50.677327],[7.082156,50.677488],[7.082295,50.677379],[7.082349,50.67728],[7.082914,50.677229],[7.082967,50.677112],[7.083626,50.676836],[7.083516,50.676972],[7.083457,50.677485],[7.083431,50.677584],[7.083376,50.677648],[7.08325,50.677703],[7.083094,50.677695],[7.082951,50.677634],[7.08285,50.677545],[7.082609,50.677511],[7.082397,50.67754],[7.082284,50.677514],[7.082185,50.677533],[7.082045,50.677606],[7.081961,50.677625],[7.081882,50.677904],[7.081955,50.677975],[7.082123,50.677938],[7.082281,50.678008],[7.082397,50.67816],[7.082259,50.678278],[7.082276,50.678404],[7.08246,50.678402],[7.082462,50.678501],[7.082394,50.678619],[7.082324,50.678673],[7.082312,50.678736],[7.082482,50.678753],[7.082623,50.678742],[7.082749,50.678687],[7.082891,50.678686],[7.083033,50.67873],[7.083066,50.678927],[7.083166,50.678962],[7.083448,50.678942],[7.083465,50.67904],[7.083452,50.679121],[7.083642,50.679353],[7.083786,50.679487],[7.083817,50.679585],[7.083904,50.679701],[7.083913,50.680097],[7.083523,50.680352],[7.082895,50.680727],[7.0827,50.680863],[7.082069,50.681103],[7.081781,50.681483],[7.081538,50.682007],[7.081597,50.682096],[7.081783,50.682211],[7.081928,50.682336],[7.08182,50.682571],[7.081839,50.682777],[7.081745,50.682994],[7.081681,50.683291],[7.081683,50.683408],[7.081756,50.683506],[7.081673,50.683561],[7.081465,50.68376],[7.081409,50.683779],[7.081214,50.683907],[7.081189,50.68406],[7.080828,50.684342],[7.080845,50.684467],[7.080621,50.684577],[7.08075,50.684639],[7.080652,50.684712],[7.080611,50.684775],[7.080686,50.684936],[7.080644,50.684991],[7.080674,50.685053],[7.080803,50.685133],[7.08072,50.685224],[7.080683,50.685449],[7.080769,50.685502],[7.080643,50.685566],[7.080465,50.685801],[7.080409,50.685829],[7.080554,50.685971],[7.080556,50.686052],[7.080487,50.686134],[7.080572,50.686169],[7.080535,50.686385],[7.080636,50.686474],[7.080357,50.686639],[7.08032,50.686891],[7.080157,50.68718],[7.080017,50.687271],[7.079694,50.687346],[7.079453,50.68733],[7.07954,50.687428],[7.079501,50.687563],[7.079317,50.687601],[7.079263,50.6877],[7.079079,50.687675],[7.07895,50.687613],[7.078837,50.687623],[7.078969,50.68782],[7.078987,50.688],[7.078847,50.688055],[7.078849,50.688154],[7.078936,50.688252],[7.078839,50.688334],[7.07867,50.688371],[7.078715,50.688461],[7.07866,50.688569],[7.078847,50.688684],[7.08031,50.688895],[7.080608,50.688947],[7.080722,50.68899],[7.08066,50.689351],[7.080523,50.689577],[7.079828,50.689493],[7.079429,50.689389],[7.079369,50.689219],[7.07948,50.68911],[7.079834,50.689124],[7.080104,50.689185],[7.080558,50.689244],[7.080571,50.689172],[7.080441,50.689056],[7.080269,50.688977],[7.079844,50.688945],[7.078806,50.688739],[7.078723,50.688847],[7.078811,50.688945],[7.078827,50.689026],[7.078986,50.689168],[7.078831,50.689206],[7.078706,50.689315],[7.07855,50.689289],[7.078423,50.689317],[7.078397,50.689416],[7.078243,50.68949],[7.078116,50.689491],[7.077973,50.689465],[7.077919,50.689538],[7.07795,50.689654],[7.078022,50.689717],[7.078096,50.689851],[7.078015,50.690058],[7.07779,50.690123],[7.077882,50.689817],[7.077825,50.689781],[7.077752,50.689683],[7.077722,50.689594],[7.077816,50.689386],[7.077943,50.689358],[7.078142,50.689401],[7.078254,50.689364],[7.07835,50.689201],[7.078434,50.689191],[7.078661,50.689216],[7.078675,50.689189],[7.078631,50.689145],[7.078658,50.689063],[7.078699,50.689027],[7.078615,50.689037],[7.078487,50.689029],[7.078468,50.688832],[7.078508,50.688687],[7.078449,50.688589],[7.078447,50.688517],[7.078474,50.688436],[7.078244,50.688303],[7.078257,50.688276],[7.078356,50.688239],[7.078605,50.688021],[7.078683,50.687688],[7.078625,50.687616],[7.078708,50.687535],[7.079073,50.687423],[7.079072,50.687388],[7.079127,50.687306],[7.079296,50.68726],[7.079504,50.687096],[7.079674,50.687085],[7.079858,50.687093],[7.080013,50.687055],[7.080136,50.686892],[7.080103,50.686686],[7.080266,50.68637],[7.080263,50.686244],[7.080303,50.686127],[7.080201,50.686002],[7.080028,50.685895],[7.080026,50.685806],[7.080238,50.685768],[7.080308,50.685731],[7.08039,50.685613],[7.080398,50.685371],[7.080477,50.685082],[7.080446,50.684984],[7.080458,50.684885],[7.080538,50.684659],[7.080466,50.684606],[7.080464,50.684552],[7.080533,50.68447],[7.080514,50.684255],[7.080541,50.684201],[7.080697,50.684199],[7.080818,50.68391],[7.081,50.683855],[7.081181,50.683727],[7.081235,50.683592],[7.081386,50.68342],[7.081357,50.683375],[7.081455,50.68332],[7.081494,50.683167],[7.081632,50.683013],[7.081644,50.682932],[7.081595,50.682627],[7.081702,50.682374],[7.08139,50.682359],[7.081295,50.681901],[7.08135,50.681856],[7.081449,50.681819],[7.081489,50.681738],[7.081471,50.68154],[7.081553,50.68144],[7.081914,50.681149],[7.081913,50.681086],[7.081981,50.680987],[7.082121,50.680923],[7.082291,50.680912],[7.082724,50.680692],[7.083074,50.680491],[7.083157,50.68041],[7.083421,50.680227],[7.08349,50.680146],[7.083574,50.680082],[7.08363,50.680064],[7.083585,50.679983],[7.083499,50.67993],[7.083503,50.67948],[7.083331,50.679374],[7.083272,50.679285],[7.08327,50.679204],[7.08317,50.679133],[7.083029,50.67917],[7.082929,50.679108],[7.082883,50.678965],[7.082614,50.678949],[7.082385,50.678861],[7.082172,50.678828],[7.08217,50.678738],[7.082223,50.678593],[7.08215,50.678477],[7.082148,50.678378],[7.08209,50.678307],[7.082116,50.678235],[7.082199,50.678162],[7.082042,50.678074],[7.081831,50.678147],[7.081729,50.677996],[7.081684,50.677897],[7.081682,50.677789],[7.081735,50.677645],[7.081803,50.677536],[7.08193,50.677517],[7.081842,50.677365],[7.081909,50.677212],[7.08195,50.677166],[7.081891,50.677068],[7.081888,50.676915],[7.081759,50.676836],[7.081613,50.676639],[7.081597,50.676567],[7.081705,50.67636],[7.081686,50.676162],[7.081642,50.676064],[7.081526,50.675948],[7.081184,50.675834],[7.081066,50.675637],[7.081064,50.675557],[7.081134,50.675502],[7.081119,50.675457],[7.081019,50.675431],[7.080892,50.675459],[7.080563,50.6753],[7.080519,50.675202],[7.080644,50.67512],[7.080615,50.675102],[7.080431,50.675086],[7.080201,50.674953],[7.080087,50.674909],[7.080055,50.674739],[7.080011,50.674649],[7.079953,50.674614],[7.079811,50.674606],[7.079578,50.674294],[7.079619,50.67423],[7.079774,50.674202],[7.079686,50.674059],[7.079459,50.674052],[7.079387,50.67399],[7.079297,50.673766],[7.07928,50.673631],[7.079377,50.673532],[7.079475,50.673495],[7.079526,50.673269],[7.079509,50.673153],[7.07907,50.673103],[7.078824,50.672853],[7.078637,50.672729],[7.078605,50.672595],[7.078718,50.672558],[7.078887,50.672529],[7.079024,50.672357],[7.079036,50.672258],[7.079118,50.67214],[7.079046,50.67206],[7.078975,50.672043],[7.07889,50.672035],[7.078833,50.672053],[7.078352,50.672022],[7.078165,50.671889],[7.078034,50.671728],[7.077959,50.671558],[7.077942,50.67145],[7.077782,50.671254],[7.077337,50.670943],[7.077221,50.670837],[7.077191,50.670738],[7.077016,50.670506],[7.07693,50.670462],[7.076632,50.670437],[7.076391,50.670395],[7.075892,50.670256],[7.075466,50.670188],[7.075296,50.670144],[7.074937,50.669923],[7.074792,50.66978],[7.07472,50.669736],[7.074718,50.669628],[7.074815,50.669546]],[[7.081819,50.675163],[7.082142,50.67507],[7.082616,50.675353],[7.08266,50.675425],[7.082905,50.67562],[7.082991,50.675674],[7.083076,50.675682],[7.082753,50.675775],[7.082527,50.675777],[7.082384,50.675733],[7.082382,50.675634],[7.082408,50.675544],[7.082503,50.675363],[7.082345,50.675257],[7.082259,50.675231],[7.081893,50.675306],[7.081794,50.675298],[7.081736,50.675245],[7.081819,50.675163]]]]},"properties":{"id":"BT-5308-0083-1999"}},{"type":"Feature","geometry":{"type":"MultiPolygon","coordinates":[[[[7.19144,50.647872],[7.191039,50.647608],[7.19091,50.647589],[7.190639,50.647495],[7.190653,50.64745],[7.190628,50.6474],[7.190674,50.647368],[7.190585,50.647298],[7.190341,50.64719],[7.189982,50.646912],[7.189978,50.64684],[7.190021,50.64682],[7.190076,50.646817],[7.190107,50.646754],[7.190158,50.646723],[7.190156,50.646646],[7.19173,50.647695],[7.191841,50.647789],[7.19144,50.647872]],[[7.192032,50.647749],[7.19188,50.647786],[7.191767,50.647701],[7.191792,50.647687],[7.191945,50.64774],[7.192032,50.647749]]]]},"properties":{"id":"BT-BN-00135"}},{"type":"Feature","geometry":{"type":"MultiPolygon","coordinates":[[[[7.189318,50.647113],[7.189359,50.647071],[7.189438,50.647117],[7.189494,50.647117],[7.189536,50.647089],[7.189618,50.646963],[7.189715,50.646899],[7.189698,50.646773],[7.190517,50.647277],[7.191465,50.647888],[7.192575,50.647616],[7.192829,50.647595],[7.193125,50.647547],[7.19387,50.64736],[7.194318,50.647202],[7.194724,50.647036],[7.195087,50.646862],[7.195437,50.646732],[7.196025,50.646483],[7.196382,50.646624],[7.196204,50.64685],[7.195772,50.647097],[7.194904,50.647466],[7.193863,50.647638],[7.192849,50.647829],[7.191367,50.648482],[7.190848,50.648092],[7.190359,50.647755],[7.189127,50.648235],[7.18894,50.648102],[7.188814,50.647612],[7.189056,50.647372],[7.189191,50.647426],[7.189221,50.647497],[7.18925,50.647506],[7.189304,50.647433],[7.189514,50.647323],[7.189513,50.647278],[7.189456,50.64727],[7.189303,50.647128],[7.189318,50.647113]],[[7.189129,50.64775],[7.189283,50.647685],[7.18945,50.647576],[7.189406,50.647513],[7.189349,50.647514],[7.189071,50.647705],[7.189129,50.64775]],[[7.189168,50.647261],[7.189187,50.647273],[7.18916,50.6473],[7.189125,50.647304],[7.189168,50.647261]]]]},"properties":{"id":"BT-5309-0001-1999"}},{"type":"Feature","geometry":{"type":"MultiPolygon","coordinates":[[[[7.189374,50.647406],[7.189339,50.64742],[7.189343,50.647454],[7.189402,50.647493],[7.189465,50.647501],[7.189472,50.647559],[7.189404,50.647624],[7.189341,50.647662],[7.189304,50.647666],[7.189347,50.647607],[7.189422,50.647565],[7.189434,50.64754],[7.189406,50.647513],[7.189349,50.647514],[7.189248,50.647598],[7.189238,50.647587],[7.189283,50.647537],[7.18927,50.647516],[7.189221,50.647497],[7.189206,50.647461],[7.189036,50.647392],[7.189291,50.647139],[7.189418,50.647227],[7.189499,50.647339],[7.189504,50.647415],[7.189426,50.647393],[7.189374,50.647406]],[[7.189324,50.647106],[7.189594,50.646839],[7.189585,50.646889],[7.189543,50.646927],[7.18952,50.647079],[7.189482,50.647131],[7.189398,50.647136],[7.189324,50.647106]]]]},"properties":{"id":"BT-BN-00189"}},{"type":"Feature","geometry":{"type":"MultiPolygon","coordinates":[[[[7.177455,50.723305],[7.177541,50.723269],[7.177636,50.723293],[7.177671,50.72346],[7.177551,50.723585],[7.177276,50.723733],[7.177073,50.723751],[7.177028,50.72366],[7.177101,50.72358],[7.177244,50.723515],[7.17731,50.723366],[7.177455,50.723305]]]]},"properties":{"id":"BT-5209-0460-2014"}},{"type":"Feature","geometry":{"type":"MultiPolygon","coordinates":[[[[7.176515,50.714521],[7.176346,50.714653],[7.176239,50.714673],[7.176214,50.714702],[7.176242,50.714773],[7.176155,50.714768],[7.176114,50.714728],[7.176115,50.714692],[7.176137,50.714636],[7.176173,50.714606],[7.176288,50.714576],[7.176423,50.714456],[7.176515,50.714521]]]]},"properties":{"id":"BT-BN-00123"}},{"type":"Feature","geometry":{"type":"MultiPolygon","coordinates":[[[[7.175005,50.715014],[7.175448,50.715177],[7.175779,50.715059],[7.175905,50.715053],[7.176081,50.715071],[7.176464,50.714915],[7.176697,50.714874],[7.176857,50.714826],[7.17702,50.714734],[7.177034,50.714638],[7.177122,50.714591],[7.177478,50.714622],[7.177626,50.714586],[7.177766,50.714503],[7.178043,50.714376],[7.17828,50.714353],[7.178593,50.714127],[7.178804,50.714027],[7.179056,50.713918],[7.179269,50.713886],[7.179302,50.713988],[7.179195,50.71399],[7.17899,50.714021],[7.178813,50.714115],[7.178682,50.714233],[7.178634,50.714303],[7.178372,50.714403],[7.178191,50.714532],[7.177795,50.7146],[7.177612,50.714656],[7.177515,50.714749],[7.177417,50.714797],[7.177364,50.714886],[7.177148,50.715005],[7.177,50.715067],[7.176871,50.715071],[7.176749,50.715164],[7.176318,50.715268],[7.17627,50.715318],[7.176067,50.715365],[7.175808,50.71535],[7.175451,50.715425],[7.175253,50.715276],[7.175117,50.715227],[7.174839,50.715247],[7.17507,50.71516],[7.175005,50.715014]]]]},"properties":{"id":"BT-BN-00127"}},{"type":"Feature","geometry":{"type":"MultiPolygon","coordinates":[[[[7.149488,50.736646],[7.14941,50.736637],[7.149159,50.736731],[7.149066,50.736823],[7.149043,50.736881],[7.148771,50.736036],[7.148856,50.735974],[7.148979,50.735797],[7.149099,50.73581],[7.149265,50.735882],[7.149461,50.73593],[7.149864,50.73651],[7.1497,50.736791],[7.149624,50.736754],[7.149488,50.736646]]]]},"properties":{"id":"BT-5208-0041-2014"}},{"type":"Feature","geometry":{"type":"MultiPolygon","coordinates":[[[[7.181726,50.738646],[7.181811,50.738747],[7.181833,50.73887],[7.181952,50.738973],[7.182438,50.739281],[7.182693,50.739394],[7.182356,50.739748],[7.18208,50.739709],[7.181808,50.739595],[7.18173,50.73947],[7.181854,50.739261],[7.181838,50.739083],[7.181724,50.738985],[7.181654,50.738864],[7.181667,50.738665],[7.181726,50.738646]]]]},"properties":{"id":"BT-5209-0575-2014"}},{"type":"Feature","geometry":{"type":"MultiPolygon","coordinates":[[[[7.169805,50.720508],[7.169694,50.720583],[7.169616,50.720684],[7.169569,50.720885],[7.169448,50.721047],[7.169255,50.721143],[7.169143,50.721162],[7.169008,50.72122],[7.168885,50.721346],[7.168769,50.721354],[7.16873,50.721336],[7.168697,50.721269],[7.168698,50.721178],[7.168727,50.721079],[7.168826,50.720956],[7.169069,50.720866],[7.169403,50.720814],[7.169466,50.720734],[7.169439,50.720681],[7.169244,50.720642],[7.169189,50.720611],[7.169232,50.720547],[7.169355,50.720477],[7.169459,50.720451],[7.169571,50.720443],[7.169747,50.720444],[7.169796,50.720468],[7.169805,50.720508]],[[7.169986,50.720354],[7.169884,50.720326],[7.169863,50.720239],[7.169943,50.720126],[7.170137,50.719958],[7.170145,50.71983],[7.170476,50.719729],[7.170745,50.719709],[7.171045,50.719646],[7.171251,50.719661],[7.171408,50.719718],[7.171378,50.719748],[7.17124,50.719783],[7.170928,50.719824],[7.170632,50.719898],[7.170469,50.719971],[7.170216,50.720236],[7.169986,50.720354]]]]},"properties":{"id":"BT-5209-0444-2014"}},{"type":"Feature","geometry":{"type":"MultiPolygon","coordinates":[[[[7.052957,50.688388],[7.052875,50.68849],[7.052862,50.688562],[7.052749,50.688545],[7.05262,50.688502],[7.052699,50.688323],[7.05277,50.688423],[7.052842,50.68843],[7.052957,50.688388]]]]},"properties":{"id":"BT-5308-007"}},{"type":"Feature","geometry":{"type":"MultiPolygon","coordinates":[[[[7.093951,50.761851],[7.094171,50.761789],[7.094608,50.761703],[7.09485,50.761624],[7.094957,50.761609],[7.095715,50.761407],[7.096216,50.761249],[7.096783,50.761097],[7.097134,50.760971],[7.09721,50.760968],[7.09739,50.760922],[7.097649,50.760833],[7.097713,50.760783],[7.098139,50.760639],[7.098232,50.760863],[7.098227,50.760929],[7.098075,50.7611],[7.098093,50.761137],[7.097721,50.761132],[7.097411,50.761156],[7.096479,50.761286],[7.096292,50.761332],[7.09542,50.761586],[7.094908,50.761717],[7.094187,50.761975],[7.093078,50.762255],[7.092413,50.76245],[7.091169,50.762875],[7.09106,50.762896],[7.091073,50.762845],[7.091044,50.762703],[7.09341,50.761994],[7.093951,50.761851]]]]},"properties":{"id":"BT-5208-0182-2012"}},{"type":"Feature","geometry":{"type":"MultiPolygon","coordinates":[[[[7.116305,50.771713],[7.115252,50.77163],[7.114371,50.771438],[7.113151,50.771082],[7.112744,50.770929],[7.113561,50.771138],[7.114617,50.771437],[7.115371,50.771602],[7.116305,50.771713]],[[7.108523,50.767928],[7.10809,50.767112],[7.107822,50.76639],[7.107766,50.765855],[7.107902,50.766357],[7.108284,50.767384],[7.108523,50.767928]],[[7.112113,50.770692],[7.111308,50.770367],[7.111351,50.770307],[7.112113,50.770692]]]]},"properties":{"id":"BT-5208-0043-2002"}},{"type":"Feature","geometry":{"type":"MultiPolygon","coordinates":[[[[7.025066,50.66443],[7.025039,50.664356],[7.025093,50.664281],[7.025238,50.664311],[7.025304,50.664338],[7.025323,50.664518],[7.025066,50.66443]]]]},"properties":{"id":"BT-5308-0005-2012"}},{"type":"Feature","geometry":{"type":"MultiPolygon","coordinates":[[[[7.083615,50.667748],[7.083512,50.667578],[7.083355,50.667507],[7.083381,50.667444],[7.083365,50.667345],[7.083266,50.667355],[7.08314,50.66741],[7.08311,50.667321],[7.083179,50.667266],[7.083278,50.667247],[7.083334,50.66722],[7.083161,50.667096],[7.083114,50.666907],[7.083183,50.666817],[7.083351,50.666734],[7.083392,50.666662],[7.083432,50.666563],[7.083399,50.666365],[7.08341,50.666239],[7.08345,50.66614],[7.083475,50.66596],[7.083643,50.665914],[7.083656,50.665859],[7.083485,50.665798],[7.083497,50.665717],[7.083835,50.665624],[7.083874,50.665489],[7.083858,50.665408],[7.083687,50.665374],[7.083657,50.665284],[7.083655,50.665185],[7.083696,50.665131],[7.083808,50.665076],[7.083861,50.664923],[7.084801,50.66522],[7.084705,50.665346],[7.084672,50.66576],[7.084632,50.665868],[7.084495,50.666049],[7.084327,50.666132],[7.08413,50.666179],[7.083961,50.666189],[7.083836,50.666289],[7.083795,50.666362],[7.083626,50.66639],[7.083556,50.666427],[7.083586,50.666498],[7.083785,50.666559],[7.083887,50.666684],[7.08372,50.666794],[7.083721,50.666848],[7.083667,50.666938],[7.083541,50.666984],[7.083442,50.666994],[7.083358,50.667031],[7.083402,50.667111],[7.083474,50.667183],[7.083603,50.667244],[7.083702,50.667216],[7.083883,50.667116],[7.084038,50.667096],[7.084181,50.667131],[7.084211,50.667212],[7.084213,50.66732],[7.083891,50.668087],[7.083899,50.668419],[7.083818,50.668573],[7.083693,50.668682],[7.083481,50.668693],[7.083139,50.668597],[7.083068,50.668562],[7.083194,50.668498],[7.083263,50.668443],[7.083276,50.668398],[7.083544,50.668378],[7.083743,50.668394],[7.083769,50.668304],[7.083766,50.668187],[7.083708,50.668115],[7.083456,50.668217],[7.0833,50.668227],[7.083299,50.668155],[7.08352,50.667937],[7.083615,50.667748]],[[7.082702,50.669284],[7.082418,50.669215],[7.082178,50.669226],[7.082109,50.669326],[7.08214,50.669443],[7.082371,50.669638],[7.08236,50.669755],[7.082164,50.669874],[7.081968,50.669939],[7.081743,50.669995],[7.081489,50.670033],[7.081206,50.670044],[7.081374,50.669962],[7.081805,50.669616],[7.081873,50.669526],[7.081871,50.669436],[7.081813,50.669356],[7.081586,50.669331],[7.081472,50.669287],[7.08154,50.669187],[7.081735,50.669051],[7.081989,50.669003],[7.082243,50.669001],[7.082441,50.668972],[7.082565,50.668827],[7.082659,50.66862],[7.082943,50.668662],[7.08367,50.668898],[7.08346,50.669008],[7.083022,50.669048],[7.083026,50.669192],[7.082901,50.669301],[7.082702,50.669284]]]]},"properties":{"id":"BT-5308-0082-1999"}},{"type":"Feature","geometry":{"type":"MultiPolygon","coordinates":[[[[7.177704,50.750969],[7.177697,50.751042],[7.177435,50.751196],[7.177178,50.7514],[7.177187,50.751448],[7.17708,50.751506],[7.177066,50.751413],[7.177008,50.751312],[7.176917,50.751294],[7.17681,50.751337],[7.176744,50.751258],[7.176784,50.751236],[7.176753,50.751103],[7.176845,50.751045],[7.176807,50.750998],[7.176864,50.750917],[7.176773,50.750861],[7.176738,50.75079],[7.176818,50.750718],[7.176692,50.750642],[7.176876,50.750517],[7.176959,50.750563],[7.177156,50.750528],[7.177217,50.750574],[7.1772,50.750655],[7.177231,50.750691],[7.17738,50.750634],[7.177463,50.750657],[7.177709,50.750928],[7.177704,50.750969]]]]},"properties":{"id":"BT-5209-0612-2014"}},{"type":"Feature","geometry":{"type":"MultiPolygon","coordinates":[[[[7.108873,50.751812],[7.109171,50.75128],[7.109296,50.751159],[7.10961,50.750483],[7.110096,50.749566],[7.110137,50.749393],[7.111581,50.749658],[7.110644,50.750827],[7.110111,50.75145],[7.109732,50.75215],[7.108873,50.751812]],[[7.109243,50.751717],[7.10958,50.751763],[7.109725,50.751824],[7.109786,50.751831],[7.109815,50.751792],[7.109366,50.751633],[7.109262,50.751619],[7.109212,50.751654],[7.109207,50.751691],[7.109243,50.751717]]]]},"properties":{"id":"BT-BN-00319"}},{"type":"Feature","geometry":{"type":"MultiPolygon","coordinates":[[[[7.165632,50.745522],[7.165309,50.745046],[7.164759,50.744391],[7.164459,50.743967],[7.165036,50.743912],[7.165347,50.744307],[7.165549,50.744648],[7.165795,50.744964],[7.166181,50.744857],[7.166557,50.745376],[7.166409,50.745384],[7.166182,50.745442],[7.165632,50.745522]]]]},"properties":{"id":"BT-BN-00289"}},{"type":"Feature","geometry":{"type":"MultiPolygon","coordinates":[[[[7.111095,50.748607],[7.111292,50.748703],[7.112218,50.748893],[7.11183,50.74939],[7.111581,50.749658],[7.110137,50.749393],[7.110446,50.74933],[7.11067,50.749234],[7.110991,50.748732],[7.111095,50.748607]],[[7.110889,50.749344],[7.111091,50.749379],[7.111218,50.74942],[7.111284,50.7494],[7.111243,50.749337],[7.11106,50.749295],[7.110907,50.749286],[7.110889,50.749344]]]]},"properties":{"id":"BT-BN-00320"}},{"type":"Feature","geometry":{"type":"MultiPolygon","coordinates":[[[[7.111663,50.748054],[7.111979,50.747807],[7.112568,50.747425],[7.112923,50.747244],[7.113008,50.747144],[7.113365,50.747256],[7.113395,50.747315],[7.11338,50.747351],[7.113004,50.747744],[7.112515,50.748354],[7.112386,50.748659],[7.111239,50.748456],[7.111663,50.748054]]]]},"properties":{"id":"BT-BN-00326"}},{"type":"Feature","geometry":{"type":"MultiPolygon","coordinates":[[[[7.128216,50.661104],[7.127985,50.661042],[7.127931,50.661006],[7.128701,50.660492],[7.128815,50.660567],[7.128216,50.661104]]]]},"properties":{"id":"BT-BN-00301"}},{"type":"Feature","geometry":{"type":"MultiPolygon","coordinates":[[[[7.127082,50.766577],[7.127147,50.766357],[7.127129,50.766232],[7.127084,50.766176],[7.127174,50.766158],[7.127209,50.766095],[7.127415,50.766128],[7.127558,50.766174],[7.127638,50.766251],[7.127685,50.766263],[7.127471,50.766616],[7.127082,50.766577]]]]},"properties":{"id":"BT-BN-00275"}},{"type":"Feature","geometry":{"type":"MultiPolygon","coordinates":[[[[7.114287,50.749767],[7.113365,50.749363],[7.113353,50.74935],[7.11356,50.749126],[7.11466,50.749471],[7.1143,50.749772],[7.114287,50.749767]]]]},"properties":{"id":"BT-BN-00323"}},{"type":"Feature","geometry":{"type":"MultiPolygon","coordinates":[[[[7.104327,50.757694],[7.103893,50.757548],[7.104358,50.756929],[7.105224,50.755897],[7.10558,50.755618],[7.10573,50.755726],[7.10631,50.755993],[7.104769,50.757279],[7.104327,50.757694]]]]},"properties":{"id":"BT-BN-00310"}},{"type":"Feature","geometry":{"type":"MultiPolygon","coordinates":[[[[7.108788,50.753462],[7.108467,50.753398],[7.108335,50.753199],[7.108195,50.753056],[7.108132,50.75293],[7.108285,50.752651],[7.108586,50.752289],[7.108758,50.751823],[7.109197,50.752002],[7.10972,50.752183],[7.109742,50.75224],[7.109212,50.752885],[7.108889,50.752794],[7.108778,50.752796],[7.108743,50.752897],[7.109123,50.753019],[7.108788,50.753462]]]]},"properties":{"id":"BT-BN-00315"}},{"type":"Feature","geometry":{"type":"MultiPolygon","coordinates":[[[[7.137339,50.674866],[7.137525,50.674729],[7.137897,50.674583],[7.137943,50.674613],[7.138059,50.674623],[7.138297,50.674751],[7.138258,50.674788],[7.138177,50.674824],[7.138112,50.674894],[7.13801,50.674921],[7.13788,50.674903],[7.137769,50.674859],[7.137605,50.674841],[7.137404,50.674906],[7.137339,50.674866]]]]},"properties":{"id":"BT-BN-00302"}},{"type":"Feature","geometry":{"type":"MultiPolygon","coordinates":[[[[7.156227,50.753412],[7.155572,50.75321],[7.155445,50.753155],[7.155347,50.753084],[7.155224,50.752798],[7.154698,50.752653],[7.154766,50.752542],[7.154911,50.752495],[7.155446,50.752556],[7.1563,50.752698],[7.156479,50.75277],[7.156568,50.752867],[7.156548,50.753012],[7.156227,50.753412]]]]},"properties":{"id":"BT-BN-00336"}},{"type":"Feature","geometry":{"type":"MultiPolygon","coordinates":[[[[7.163567,50.743275],[7.163527,50.743196],[7.163662,50.742587],[7.163713,50.742527],[7.164457,50.742531],[7.165234,50.742586],[7.167767,50.742697],[7.167838,50.742848],[7.167907,50.743126],[7.167282,50.743233],[7.166993,50.743309],[7.166611,50.743387],[7.163567,50.743275]]]]},"properties":{"id":"BT-BN-00291"}},{"type":"Feature","geometry":{"type":"MultiPolygon","coordinates":[[[[7.108784,50.753596],[7.108764,50.753586],[7.108799,50.753547],[7.109026,50.7536],[7.109512,50.753656],[7.110071,50.753774],[7.11026,50.753763],[7.110219,50.753848],[7.110148,50.753898],[7.109955,50.753817],[7.109783,50.753766],[7.10929,50.753677],[7.108959,50.753642],[7.108784,50.753596]]]]},"properties":{"id":"BT-BN-00313"}},{"type":"Feature","geometry":{"type":"MultiPolygon","coordinates":[[[[7.12671,50.772434],[7.127689,50.772513],[7.127669,50.772546],[7.126877,50.772609],[7.12501,50.772719],[7.124974,50.772203],[7.124835,50.77164],[7.125084,50.77195],[7.125302,50.772114],[7.125552,50.772239],[7.125754,50.772307],[7.126042,50.772367],[7.126345,50.772409],[7.12671,50.772434]]]]},"properties":{"id":"BT-BN-00274"}},{"type":"Feature","geometry":{"type":"MultiPolygon","coordinates":[[[[7.136674,50.675574],[7.136767,50.675482],[7.136832,50.675466],[7.137031,50.675482],[7.136991,50.67559],[7.136853,50.675745],[7.136788,50.675997],[7.136678,50.676106],[7.136666,50.676205],[7.136541,50.676314],[7.136374,50.676406],[7.136278,50.676559],[7.136141,50.676722],[7.135988,50.676832],[7.135805,50.67687],[7.135676,50.67679],[7.135421,50.676792],[7.134999,50.676886],[7.134631,50.67689],[7.134391,50.67691],[7.133952,50.676888],[7.133753,50.676845],[7.133836,50.676763],[7.13402,50.676788],[7.134487,50.676801],[7.13477,50.676763],[7.135038,50.67676],[7.135561,50.67671],[7.135858,50.676725],[7.135989,50.676657],[7.136041,50.676646],[7.136106,50.676592],[7.136287,50.676343],[7.136496,50.676189],[7.136562,50.675999],[7.13657,50.675756],[7.136674,50.675574]]]]},"properties":{"id":"BT-5308-031-9"}},{"type":"Feature","geometry":{"type":"MultiPolygon","coordinates":[[[[7.121934,50.755233],[7.121928,50.755277],[7.122003,50.75529],[7.122438,50.755308],[7.122566,50.75526],[7.125149,50.755623],[7.12533,50.75563],[7.125257,50.755738],[7.125057,50.755759],[7.124676,50.755772],[7.124195,50.755871],[7.123884,50.755838],[7.122851,50.755662],[7.122581,50.755634],[7.122421,50.755601],[7.122352,50.755513],[7.12224,50.755498],[7.122116,50.755491],[7.121942,50.755565],[7.121781,50.755571],[7.121458,50.755507],[7.12107,50.755409],[7.120083,50.755134],[7.119966,50.755139],[7.119712,50.754962],[7.119424,50.754868],[7.119127,50.754745],[7.118974,50.754627],[7.118945,50.754407],[7.119235,50.754026],[7.119352,50.753832],[7.119876,50.753956],[7.119926,50.754002],[7.119693,50.75457],[7.119726,50.754577],[7.119752,50.754803],[7.120081,50.754861],[7.120247,50.754941],[7.120817,50.755061],[7.121705,50.755289],[7.121934,50.755233]]]]},"properties":{"id":"BT-BN-00334"}},{"type":"Feature","geometry":{"type":"MultiPolygon","coordinates":[[[[7.119726,50.754577],[7.119693,50.75457],[7.119718,50.75451],[7.119957,50.754025],[7.1202,50.753967],[7.120506,50.753968],[7.12423,50.754296],[7.123938,50.755422],[7.122691,50.75527],[7.122603,50.755198],[7.122378,50.755121],[7.122151,50.755088],[7.12192,50.755159],[7.12017,50.754714],[7.119726,50.754577]]]]},"properties":{"id":"BT-BN-00270"}},{"type":"Feature","geometry":{"type":"MultiPolygon","coordinates":[[[[7.12671,50.772434],[7.126345,50.772409],[7.125898,50.77234],[7.125552,50.772239],[7.125302,50.772114],[7.125084,50.77195],[7.124862,50.771683],[7.124798,50.771412],[7.124832,50.771427],[7.125101,50.771786],[7.125333,50.772005],[7.125671,50.772174],[7.125865,50.772233],[7.126189,50.772291],[7.127887,50.772394],[7.128553,50.77245],[7.129008,50.772508],[7.12953,50.772553],[7.129729,50.77258],[7.129746,50.772598],[7.129398,50.772604],[7.12671,50.772434]]]]},"properties":{"id":"BT-BN-00276"}},{"type":"Feature","geometry":{"type":"MultiPolygon","coordinates":[[[[7.115845,50.768459],[7.116119,50.768319],[7.116233,50.768282],[7.116513,50.768226],[7.116859,50.768222],[7.117422,50.768249],[7.11902,50.768442],[7.119457,50.768519],[7.120482,50.768784],[7.121066,50.76897],[7.121341,50.769078],[7.121614,50.769227],[7.122223,50.769736],[7.121803,50.770109],[7.12169,50.770431],[7.121559,50.770608],[7.12123,50.770755],[7.120766,50.770904],[7.120287,50.770987],[7.119573,50.77076],[7.119182,50.770599],[7.11877,50.770506],[7.117553,50.770342],[7.1173,50.770348],[7.11685,50.771079],[7.115449,50.770834],[7.115222,50.771153],[7.11484,50.771175],[7.114724,50.771321],[7.113167,50.770864],[7.112407,50.770596],[7.111687,50.770248],[7.110937,50.769793],[7.111766,50.769155],[7.112259,50.76946],[7.11292,50.768839],[7.113327,50.768982],[7.11393,50.769017],[7.114164,50.768986],[7.114224,50.769142],[7.114352,50.769126],[7.114508,50.769084],[7.114839,50.769084],[7.115249,50.769036],[7.115686,50.768792],[7.115944,50.768672],[7.115962,50.768652],[7.115944,50.768565],[7.115902,50.768489],[7.115845,50.768459]],[[7.117112,50.768799],[7.117111,50.768723],[7.117066,50.768699],[7.116766,50.768678],[7.116688,50.768704],[7.116595,50.768714],[7.116495,50.768677],[7.116397,50.768674],[7.116357,50.768694],[7.116335,50.768764],[7.11625,50.768785],[7.116105,50.768773],[7.115869,50.768864],[7.115774,50.768955],[7.115549,50.768981],[7.115433,50.769022],[7.115382,50.769067],[7.115347,50.769188],[7.115279,50.769213],[7.115063,50.769215],[7.114985,50.769229],[7.113891,50.769603],[7.112969,50.770025],[7.11211,50.770164],[7.111987,50.770189],[7.11198,50.770219],[7.112816,50.770085],[7.112993,50.770041],[7.113787,50.769719],[7.114062,50.769623],[7.11487,50.769409],[7.115282,50.769333],[7.115507,50.769334],[7.115815,50.769367],[7.116474,50.769521],[7.116781,50.769639],[7.117115,50.769868],[7.117146,50.769879],[7.117193,50.769871],[7.117233,50.769853],[7.117232,50.769824],[7.117087,50.76971],[7.116839,50.769565],[7.116594,50.769469],[7.115829,50.769254],[7.115747,50.769211],[7.115736,50.769164],[7.115777,50.769105],[7.115872,50.769061],[7.116296,50.768921],[7.116459,50.768881],[7.117112,50.768799]],[[7.118305,50.769353],[7.118326,50.769334],[7.118304,50.769299],[7.117841,50.76911],[7.117413,50.769005],[7.117341,50.769012],[7.117392,50.769061],[7.117767,50.769238],[7.118083,50.769328],[7.118305,50.769353]],[[7.119397,50.769092],[7.120134,50.769022],[7.120329,50.76902],[7.121217,50.769288],[7.121274,50.769288],[7.121285,50.769267],[7.121184,50.7692],[7.12044,50.768981],[7.120285,50.768972],[7.120116,50.768981],[7.119441,50.769045],[7.119377,50.769053],[7.119365,50.769071],[7.119397,50.769092]]]]},"properties":{"id":"BT-5208-0173-2012"}},{"type":"Feature","geometry":{"type":"MultiPolygon","coordinates":[[[[7.187483,50.732239],[7.187456,50.732365],[7.186974,50.732428],[7.186821,50.732305],[7.186724,50.73228],[7.18661,50.732298],[7.186852,50.731995],[7.186899,50.732039],[7.187106,50.732003],[7.187262,50.732087],[7.187397,50.732196],[7.187483,50.732239]]]]},"properties":{"id":"BT-5209-0518-2014"}},{"type":"Feature","geometry":{"type":"MultiPolygon","coordinates":[[[[7.18595,50.73636],[7.185972,50.736339],[7.18596,50.736286],[7.186054,50.736245],[7.186003,50.736097],[7.185925,50.736085],[7.185895,50.736144],[7.185794,50.736109],[7.185755,50.736034],[7.185558,50.735937],[7.185818,50.736013],[7.18598,50.736039],[7.186086,50.736108],[7.186136,50.736281],[7.186095,50.736314],[7.18595,50.73636]],[[7.185686,50.736257],[7.18572,50.736238],[7.185852,50.736308],[7.185889,50.736293],[7.185917,50.736304],[7.185914,50.73634],[7.185947,50.736363],[7.185907,50.736382],[7.185686,50.736257]]]]},"properties":{"id":"BT-5209-0539-2014"}},{"type":"Feature","geometry":{"type":"MultiPolygon","coordinates":[[[[7.179821,50.751539],[7.17963,50.751448],[7.180032,50.751316],[7.180346,50.751273],[7.180393,50.751321],[7.180373,50.751419],[7.180463,50.751435],[7.180512,50.751406],[7.180756,50.751421],[7.180703,50.751484],[7.180705,50.75155],[7.180785,50.751604],[7.179993,50.75154],[7.179821,50.751539]]]]},"properties":{"id":"BT-5209-0614-2014"}},{"type":"Feature","geometry":{"type":"MultiPolygon","coordinates":[[[[7.050986,50.64181],[7.050923,50.641778],[7.050926,50.641704],[7.050956,50.641682],[7.051121,50.641673],[7.051124,50.641606],[7.051142,50.641594],[7.051204,50.641596],[7.05126,50.641674],[7.051348,50.641733],[7.051359,50.641761],[7.051326,50.641826],[7.051217,50.641843],[7.051164,50.641813],[7.050986,50.64181]]]]},"properties":{"id":"BT-5308-0017-2014"}},{"type":"Feature","geometry":{"type":"MultiPolygon","coordinates":[[[[7.092216,50.672063],[7.092102,50.672011],[7.091974,50.671985],[7.091931,50.67194],[7.092027,50.671813],[7.09207,50.67184],[7.092254,50.671847],[7.092355,50.671945],[7.092371,50.672008],[7.092216,50.672063]]]]},"properties":{"id":"BT-5308-620-9"}},{"type":"Feature","geometry":{"type":"MultiPolygon","coordinates":[[[[7.186564,50.732464],[7.186561,50.732377],[7.18661,50.732298],[7.186724,50.73228],[7.186821,50.732305],[7.186974,50.732428],[7.186564,50.732464]],[[7.187016,50.731919],[7.187106,50.732003],[7.186899,50.732039],[7.186852,50.731995],[7.186908,50.731934],[7.186992,50.731906],[7.187016,50.731919]]]]},"properties":{"id":"BT-5209-0519-2014"}},{"type":"Feature","geometry":{"type":"MultiPolygon","coordinates":[[[[7.070313,50.706365],[7.070469,50.706085],[7.070567,50.706021],[7.070969,50.70564],[7.071111,50.705683],[7.071129,50.705845],[7.071453,50.705743],[7.071519,50.705554],[7.071561,50.705647],[7.071524,50.705778],[7.071335,50.706167],[7.071184,50.706384],[7.071186,50.706411],[7.071129,50.706438],[7.070912,50.706334],[7.070821,50.706329],[7.070698,50.706368],[7.070313,50.706365]]]]},"properties":{"id":"BT-5308-616"}},{"type":"Feature","geometry":{"type":"MultiPolygon","coordinates":[[[[7.144259,50.685912],[7.144682,50.685835],[7.144727,50.685934],[7.144715,50.686051],[7.144637,50.686303],[7.14454,50.686421],[7.144527,50.686466],[7.144359,50.686513],[7.144286,50.686424],[7.144226,50.686298],[7.144209,50.686182],[7.144079,50.686084],[7.14405,50.686021],[7.144259,50.685912]]]]},"properties":{"id":"BT-5308-049-9"}},{"type":"Feature","geometry":{"type":"MultiPolygon","coordinates":[[[[7.132875,50.67386],[7.133341,50.673828],[7.133525,50.673844],[7.133748,50.673716],[7.134103,50.673749],[7.134189,50.67382],[7.134049,50.673884],[7.133965,50.673885],[7.133808,50.67385],[7.133626,50.673924],[7.133433,50.674142],[7.13331,50.674341],[7.13326,50.674611],[7.133153,50.674855],[7.132917,50.675037],[7.132749,50.675092],[7.132536,50.675067],[7.132223,50.674999],[7.131954,50.674983],[7.131726,50.674905],[7.131498,50.674853],[7.131197,50.674694],[7.131094,50.674524],[7.131076,50.674372],[7.130785,50.674042],[7.130075,50.673923],[7.12986,50.673808],[7.129744,50.67371],[7.12938,50.673246],[7.1297,50.673036],[7.129902,50.673187],[7.130144,50.673257],[7.130356,50.673246],[7.130682,50.673288],[7.13095,50.673258],[7.13115,50.67331],[7.13125,50.673363],[7.130161,50.673374],[7.130222,50.673553],[7.130479,50.673667],[7.130834,50.673736],[7.131104,50.673769],[7.131486,50.673774],[7.131234,50.673876],[7.131306,50.673938],[7.131545,50.673882],[7.131844,50.673969],[7.131618,50.673971],[7.131436,50.674044],[7.13134,50.674189],[7.131288,50.674351],[7.13142,50.674539],[7.131691,50.674653],[7.131945,50.674624],[7.132077,50.674811],[7.132502,50.674861],[7.132954,50.674794],[7.13316,50.674549],[7.133222,50.674207],[7.133318,50.674071],[7.133187,50.673928],[7.132878,50.673994],[7.132749,50.673924],[7.132776,50.67386],[7.132875,50.67386]]]]},"properties":{"id":"BT-BN-00006"}},{"type":"Feature","geometry":{"type":"MultiPolygon","coordinates":[[[[7.118082,50.662077],[7.117924,50.662066],[7.117327,50.661954],[7.116604,50.661889],[7.116802,50.661879],[7.117341,50.661945],[7.117753,50.662013],[7.118447,50.66207],[7.11949,50.661916],[7.119647,50.661977],[7.119746,50.661985],[7.12,50.661947],[7.120595,50.661995],[7.121053,50.661987],[7.121114,50.662057],[7.120921,50.66201],[7.120511,50.662023],[7.120326,50.661997],[7.119916,50.661983],[7.119733,50.66203],[7.119678,50.662076],[7.11952,50.661969],[7.119237,50.661972],[7.118843,50.662057],[7.118504,50.662096],[7.118082,50.662077]],[[7.121261,50.662243],[7.121399,50.662114],[7.121447,50.66203],[7.121467,50.662012],[7.121485,50.662016],[7.121282,50.66233],[7.121074,50.662512],[7.120963,50.662594],[7.120879,50.66263],[7.120948,50.662558],[7.121226,50.662348],[7.121261,50.662243]]]]},"properties":{"id":"BT-BN-00005"}},{"type":"Feature","geometry":{"type":"MultiPolygon","coordinates":[[[[7.159984,50.737477],[7.160093,50.737344],[7.160119,50.73703],[7.160029,50.736926],[7.160143,50.736851],[7.16033,50.736845],[7.160523,50.736914],[7.160743,50.737042],[7.160597,50.737347],[7.160599,50.737577],[7.16076,50.737713],[7.160878,50.737739],[7.160978,50.73791],[7.160933,50.737932],[7.160676,50.737824],[7.16044,50.737762],[7.160161,50.737618],[7.159984,50.737477]]]]},"properties":{"id":"BT-BN-00027"}},{"type":"Feature","geometry":{"type":"MultiPolygon","coordinates":[[[[7.056376,50.682783],[7.056557,50.682946],[7.056193,50.683111],[7.056121,50.683076],[7.055996,50.683167],[7.054985,50.682277],[7.055531,50.682021],[7.056162,50.68259],[7.056077,50.682573],[7.05577,50.682733],[7.055757,50.682766],[7.055792,50.682802],[7.056086,50.682812],[7.056376,50.682783]]]]},"properties":{"id":"BT-5308-618"}},{"type":"Feature","geometry":{"type":"MultiPolygon","coordinates":[[[[7.071261,50.689956],[7.071221,50.690004],[7.070821,50.689837],[7.070519,50.689615],[7.070503,50.689534],[7.0704,50.689373],[7.07025,50.689006],[7.070058,50.688639],[7.069898,50.688434],[7.06945,50.688052],[7.069293,50.687981],[7.069037,50.687921],[7.068683,50.687906],[7.06875,50.68777],[7.069005,50.68775],[7.069289,50.687819],[7.069776,50.688085],[7.070008,50.688316],[7.070228,50.688647],[7.070289,50.688835],[7.07048,50.689166],[7.07054,50.689309],[7.070632,50.689614],[7.070805,50.689729],[7.071148,50.689888],[7.07129,50.689923],[7.071261,50.689956]]]]},"properties":{"id":"BT-5308-006"}},{"type":"Feature","geometry":{"type":"MultiPolygon","coordinates":[[[[7.077405,50.695481],[7.077432,50.695424],[7.077562,50.695431],[7.077733,50.695474],[7.077812,50.695455],[7.078027,50.695259],[7.078128,50.695109],[7.078232,50.695048],[7.078301,50.694976],[7.078273,50.694808],[7.078347,50.694626],[7.07857,50.69465],[7.078591,50.6948],[7.078698,50.695131],[7.078153,50.695701],[7.078119,50.695713],[7.077911,50.695706],[7.0776,50.696102],[7.077646,50.696267],[7.077767,50.696344],[7.078068,50.696596],[7.078074,50.696646],[7.077958,50.696669],[7.077557,50.696523],[7.077532,50.696445],[7.07745,50.69641],[7.077292,50.696393],[7.077356,50.696163],[7.077356,50.696096],[7.077273,50.696092],[7.077121,50.696418],[7.076987,50.696386],[7.076924,50.696319],[7.076904,50.696222],[7.077112,50.696106],[7.0772,50.696038],[7.077308,50.695998],[7.077381,50.695918],[7.077225,50.695782],[7.077405,50.695481]]]]},"properties":{"id":"BT-BN-00206"}},{"type":"Feature","geometry":{"type":"MultiPolygon","coordinates":[[[[7.077405,50.695481],[7.077225,50.695782],[7.077066,50.695689],[7.077008,50.695675],[7.076828,50.695835],[7.076712,50.695639],[7.076706,50.695428],[7.076305,50.695307],[7.076197,50.695314],[7.075815,50.695964],[7.075702,50.695968],[7.076065,50.695111],[7.076272,50.694902],[7.076498,50.69476],[7.076593,50.694743],[7.07707,50.694795],[7.077079,50.694852],[7.076945,50.694866],[7.076863,50.694897],[7.076816,50.69494],[7.076795,50.695],[7.076827,50.69508],[7.076929,50.695157],[7.077151,50.695257],[7.077188,50.695299],[7.077314,50.695364],[7.077347,50.695449],[7.077405,50.695481]]]]},"properties":{"id":"BT-BN-00205"}},{"type":"Feature","geometry":{"type":"MultiPolygon","coordinates":[[[[7.076058,50.695127],[7.075702,50.695968],[7.075328,50.69587],[7.075423,50.695672],[7.075558,50.695471],[7.075774,50.695262],[7.075881,50.695184],[7.076058,50.695127]]]]},"properties":{"id":"BT-BN-00204"}},{"type":"Feature","geometry":{"type":"MultiPolygon","coordinates":[[[[7.190848,50.648092],[7.188997,50.648704],[7.189174,50.648441],[7.189127,50.648235],[7.190359,50.647755],[7.190848,50.648092]],[[7.194682,50.648178],[7.19478,50.648132],[7.19458,50.648063],[7.195609,50.647926],[7.195667,50.647988],[7.195781,50.648023],[7.195897,50.648121],[7.195436,50.648368],[7.195088,50.648579],[7.194194,50.648453],[7.194035,50.648293],[7.194514,50.648225],[7.194682,50.648178]],[[7.193473,50.647876],[7.192982,50.648043],[7.193068,50.648096],[7.192663,50.648289],[7.192446,50.648102],[7.192852,50.647927],[7.193132,50.647835],[7.193428,50.647787],[7.193473,50.647876]]]]},"properties":{"id":"BT-5309-0007-1999"}},{"type":"Feature","geometry":{"type":"MultiPolygon","coordinates":[[[[7.196209,50.64687],[7.196174,50.646865],[7.195787,50.647089],[7.195798,50.647112],[7.195741,50.64714],[7.19553,50.647235],[7.195492,50.647216],[7.195018,50.647435],[7.19498,50.647413],[7.194913,50.647423],[7.194858,50.647403],[7.19481,50.647409],[7.194769,50.647462],[7.194781,50.647528],[7.193567,50.647693],[7.193087,50.647783],[7.192953,50.647824],[7.192851,50.647789],[7.192738,50.647791],[7.192193,50.647888],[7.192133,50.647888],[7.191938,50.647837],[7.191886,50.6478],[7.19188,50.647786],[7.192819,50.647554],[7.192833,50.647595],[7.193162,50.647538],[7.193187,50.647514],[7.193237,50.647511],[7.193279,50.64749],[7.193254,50.647462],[7.193478,50.647415],[7.193561,50.647381],[7.193557,50.647428],[7.193505,50.647435],[7.193448,50.647472],[7.193578,50.647445],[7.193658,50.647445],[7.19368,50.647419],[7.193889,50.647353],[7.193891,50.647308],[7.193805,50.647285],[7.194013,50.647227],[7.193983,50.647254],[7.193987,50.647285],[7.194063,50.647292],[7.194133,50.647267],[7.194181,50.647266],[7.194234,50.64728],[7.194293,50.647322],[7.194332,50.647321],[7.194382,50.647296],[7.19442,50.647317],[7.194459,50.647314],[7.194488,50.647284],[7.194551,50.647269],[7.194617,50.647287],[7.194658,50.647278],[7.194685,50.647254],[7.194754,50.647246],[7.194805,50.647218],[7.194814,50.647158],[7.194754,50.64708],[7.19481,50.647032],[7.194879,50.647033],[7.194934,50.647004],[7.19502,50.646987],[7.195056,50.646943],[7.195113,50.646922],[7.195154,50.646918],[7.195188,50.646936],[7.195257,50.646931],[7.195281,50.646912],[7.195286,50.646835],[7.195452,50.646782],[7.195623,50.646762],[7.195695,50.646675],[7.195622,50.646593],[7.195738,50.646547],[7.195941,50.646495],[7.196307,50.646419],[7.196399,50.646383],[7.196539,50.646287],[7.196561,50.646291],[7.196582,50.646322],[7.196612,50.646331],[7.196354,50.646721],[7.196209,50.64687]],[[7.195852,50.646551],[7.195786,50.64657],[7.195794,50.646609],[7.19583,50.646622],[7.195874,50.64659],[7.195852,50.646551]]]]},"properties":{"id":"BT-BN-00138"}},{"type":"Feature","geometry":{"type":"MultiPolygon","coordinates":[[[[7.195982,50.648174],[7.195879,50.648227],[7.19582,50.648205],[7.195795,50.648168],[7.195841,50.648101],[7.195825,50.648071],[7.195647,50.648097],[7.19556,50.64809],[7.195422,50.648039],[7.195371,50.647968],[7.195363,50.647917],[7.19542,50.647803],[7.195517,50.647728],[7.195679,50.647666],[7.195693,50.64761],[7.195772,50.647562],[7.195976,50.647516],[7.196041,50.647482],[7.19625,50.647562],[7.196347,50.647519],[7.196541,50.647392],[7.196782,50.647319],[7.197035,50.647165],[7.197071,50.647255],[7.197115,50.647304],[7.197311,50.647392],[7.19715,50.647519],[7.196569,50.647868],[7.195982,50.648174]]]]},"properties":{"id":"BT-BN-00143"}},{"type":"Feature","geometry":{"type":"MultiPolygon","coordinates":[[[[7.195458,50.647353],[7.195532,50.647398],[7.195558,50.647434],[7.195711,50.647491],[7.195812,50.647553],[7.195693,50.64761],[7.195679,50.647666],[7.195577,50.647698],[7.195461,50.647768],[7.195373,50.647869],[7.195371,50.647968],[7.195422,50.648039],[7.19556,50.64809],[7.195647,50.648097],[7.195401,50.648189],[7.195224,50.648221],[7.194839,50.648211],[7.194734,50.648228],[7.194748,50.648193],[7.194715,50.648071],[7.194502,50.647984],[7.194192,50.647896],[7.193663,50.647878],[7.193459,50.647874],[7.193356,50.647886],[7.192855,50.648077],[7.192731,50.648152],[7.192622,50.648191],[7.192542,50.648125],[7.192556,50.648102],[7.192635,50.64807],[7.192707,50.648061],[7.192707,50.648025],[7.192736,50.648004],[7.19292,50.647968],[7.193123,50.647893],[7.19314,50.647865],[7.193272,50.647829],[7.193314,50.64783],[7.193339,50.64786],[7.193388,50.647854],[7.193423,50.647795],[7.193649,50.647778],[7.1942,50.647687],[7.194299,50.647692],[7.194533,50.647667],[7.194644,50.64764],[7.194719,50.647645],[7.194758,50.647613],[7.194833,50.647596],[7.194856,50.647622],[7.194923,50.647606],[7.195007,50.647618],[7.195079,50.647601],[7.195182,50.647516],[7.195215,50.647516],[7.195224,50.647481],[7.195414,50.647419],[7.19542,50.64737],[7.195458,50.647353]]]]},"properties":{"id":"BT-BN-00168"}},{"type":"Feature","geometry":{"type":"MultiPolygon","coordinates":[[[[7.190639,50.647495],[7.19091,50.647589],[7.191039,50.647608],[7.19144,50.647872],[7.19131,50.647906],[7.191206,50.647859],[7.190532,50.647654],[7.190389,50.647632],[7.190236,50.647584],[7.189963,50.64757],[7.189885,50.647551],[7.189657,50.647443],[7.189621,50.647393],[7.189506,50.647311],[7.189448,50.647229],[7.189303,50.647128],[7.189324,50.647106],[7.189398,50.647136],[7.189482,50.647131],[7.18952,50.647079],[7.189546,50.646946],[7.189702,50.646982],[7.189904,50.646982],[7.189982,50.646912],[7.190341,50.64719],[7.190289,50.647222],[7.190283,50.647244],[7.190303,50.647278],[7.19037,50.647298],[7.190409,50.647329],[7.190356,50.647333],[7.190314,50.647382],[7.190343,50.647415],[7.190326,50.647453],[7.190351,50.647487],[7.190335,50.647544],[7.190379,50.647558],[7.190459,50.647538],[7.190538,50.647562],[7.190601,50.647559],[7.190636,50.64753],[7.190639,50.647495]]]]},"properties":{"id":"BT-BN-00190"}},{"type":"Feature","geometry":{"type":"MultiPolygon","coordinates":[[[[7.176837,50.737831],[7.176703,50.737899],[7.176693,50.738108],[7.176813,50.738199],[7.176642,50.738309],[7.17656,50.738198],[7.176547,50.73796],[7.176567,50.737865],[7.176527,50.737775],[7.176256,50.737742],[7.176028,50.737595],[7.175766,50.73754],[7.175572,50.737454],[7.175098,50.737366],[7.174952,50.737218],[7.174946,50.737107],[7.175121,50.737081],[7.175469,50.73723],[7.175756,50.737315],[7.176199,50.737339],[7.176483,50.737303],[7.176694,50.73717],[7.176806,50.737173],[7.176864,50.737225],[7.176698,50.73751],[7.176753,50.737585],[7.176875,50.73767],[7.176973,50.737716],[7.176941,50.73778],[7.176837,50.737831]]]]},"properties":{"id":"BT-5209-0555-2014"}},{"type":"Feature","geometry":{"type":"MultiPolygon","coordinates":[[[[7.174366,50.71553],[7.174521,50.715547],[7.174591,50.715533],[7.174722,50.715533],[7.174969,50.715579],[7.175192,50.715692],[7.174859,50.715849],[7.174899,50.716107],[7.174852,50.716317],[7.174739,50.716478],[7.174501,50.716443],[7.174423,50.716114],[7.17433,50.715963],[7.174181,50.715848],[7.174232,50.715714],[7.174219,50.715634],[7.174273,50.71556],[7.174366,50.71553]]]]},"properties":{"id":"BT-BN-00046"}},{"type":"Feature","geometry":{"type":"MultiPolygon","coordinates":[[[[7.18669,50.736783],[7.186764,50.736746],[7.187164,50.736728],[7.187503,50.736639],[7.187755,50.736604],[7.188044,50.736604],[7.187974,50.736569],[7.187961,50.736503],[7.18804,50.736465],[7.188108,50.736454],[7.188069,50.736384],[7.188157,50.736316],[7.188295,50.736117],[7.188365,50.735952],[7.188335,50.735832],[7.188392,50.735778],[7.188518,50.735562],[7.188596,50.735478],[7.188528,50.735324],[7.188763,50.735007],[7.188907,50.735049],[7.188867,50.735154],[7.188886,50.735261],[7.188824,50.735331],[7.188889,50.735408],[7.188683,50.735587],[7.188578,50.735823],[7.188577,50.735997],[7.188451,50.736219],[7.188463,50.736293],[7.188422,50.736364],[7.18854,50.736403],[7.189277,50.736335],[7.18968,50.736344],[7.189763,50.7364],[7.189826,50.736489],[7.189804,50.736523],[7.18946,50.736531],[7.189242,50.736462],[7.18889,50.736485],[7.188548,50.736536],[7.188427,50.736504],[7.188286,50.736538],[7.188222,50.73671],[7.18788,50.736761],[7.187759,50.736705],[7.187582,50.736844],[7.187463,50.736827],[7.187386,50.73678],[7.187059,50.736845],[7.186985,50.736884],[7.187031,50.73691],[7.186845,50.736876],[7.18669,50.736783]],[[7.186185,50.736669],[7.186191,50.736821],[7.18615,50.736876],[7.185909,50.737062],[7.18583,50.737206],[7.185725,50.737319],[7.185734,50.737338],[7.185791,50.737332],[7.185881,50.737299],[7.185849,50.737203],[7.185912,50.737282],[7.186122,50.73729],[7.185772,50.737456],[7.185674,50.737534],[7.185454,50.737583],[7.18537,50.737627],[7.185121,50.737804],[7.185084,50.737921],[7.184903,50.737987],[7.184674,50.737987],[7.184442,50.738125],[7.184484,50.737877],[7.184542,50.737857],[7.184737,50.737848],[7.184881,50.737699],[7.184966,50.737718],[7.185012,50.737668],[7.185075,50.73764],[7.185262,50.737501],[7.185382,50.737463],[7.185506,50.737368],[7.185573,50.737359],[7.185613,50.7373],[7.185428,50.737171],[7.185472,50.737141],[7.185742,50.737079],[7.186065,50.736842],[7.186089,50.736671],[7.186185,50.736669]],[[7.186123,50.73665],[7.186073,50.736579],[7.18602,50.736556],[7.185932,50.736544],[7.185937,50.736481],[7.185897,50.736453],[7.185982,50.736463],[7.185975,50.736439],[7.1863,50.736617],[7.186245,50.736649],[7.186123,50.73665]]]]},"properties":{"id":"BT-5209-0545-2014"}},{"type":"Feature","geometry":{"type":"MultiPolygon","coordinates":[[[[7.19153,50.711952],[7.191295,50.712182],[7.191022,50.71249],[7.190843,50.712623],[7.190752,50.712666],[7.190656,50.712687],[7.190046,50.712701],[7.189811,50.712792],[7.189674,50.712921],[7.189651,50.713002],[7.189651,50.713244],[7.189536,50.71331],[7.189443,50.713343],[7.189402,50.713268],[7.189379,50.713149],[7.189281,50.713004],[7.188977,50.712791],[7.188885,50.712642],[7.188924,50.712568],[7.189426,50.712589],[7.190029,50.712587],[7.19051,50.712479],[7.190606,50.712444],[7.190786,50.71233],[7.191001,50.71213],[7.191337,50.711887],[7.191419,50.711903],[7.19153,50.711952]]]]},"properties":{"id":"BT-5209-0384-2014"}},{"type":"Feature","geometry":{"type":"MultiPolygon","coordinates":[[[[7.16925,50.731856],[7.169424,50.731793],[7.169573,50.731639],[7.169731,50.731671],[7.169895,50.731643],[7.170037,50.731637],[7.170197,50.731602],[7.170261,50.731628],[7.17017,50.73169],[7.170149,50.731764],[7.170221,50.731797],[7.170407,50.73178],[7.170548,50.731722],[7.170814,50.731715],[7.171088,50.731641],[7.171583,50.731546],[7.171666,50.731588],[7.171831,50.73173],[7.172083,50.731652],[7.172296,50.73161],[7.17233,50.73165],[7.172468,50.731646],[7.172352,50.73145],[7.17249,50.731318],[7.172857,50.731231],[7.172905,50.730991],[7.173225,50.730912],[7.17332,50.730981],[7.173057,50.731089],[7.172751,50.731397],[7.172783,50.731515],[7.172762,50.731548],[7.172686,50.731583],[7.172496,50.731736],[7.17248,50.73176],[7.172497,50.731818],[7.172297,50.731823],[7.172211,50.731853],[7.172114,50.731808],[7.171983,50.731866],[7.17176,50.731836],[7.171618,50.731903],[7.171274,50.731722],[7.171122,50.731927],[7.17092,50.732019],[7.170846,50.732022],[7.170733,50.731987],[7.170517,50.731968],[7.170273,50.732026],[7.170031,50.732048],[7.169892,50.731943],[7.169688,50.731952],[7.169702,50.732005],[7.169734,50.73201],[7.169547,50.732075],[7.169482,50.732051],[7.169346,50.731955],[7.16925,50.731856]],[[7.169718,50.73217],[7.169589,50.732098],[7.169779,50.732001],[7.169729,50.731991],[7.169718,50.731969],[7.169874,50.731965],[7.170021,50.732062],[7.170321,50.732034],[7.170538,50.731986],[7.170745,50.732004],[7.170855,50.732038],[7.170935,50.732036],[7.171148,50.731931],[7.171283,50.731746],[7.171599,50.731918],[7.17163,50.731917],[7.17177,50.731852],[7.171985,50.731877],[7.172116,50.731828],[7.172195,50.73187],[7.172305,50.731838],[7.172534,50.731835],[7.172524,50.73175],[7.172712,50.7316],[7.172792,50.731563],[7.172821,50.731518],[7.17279,50.731401],[7.173084,50.731106],[7.173355,50.731006],[7.173448,50.731073],[7.173282,50.731121],[7.173133,50.731286],[7.173101,50.73135],[7.173305,50.731443],[7.173381,50.731509],[7.173295,50.731806],[7.173223,50.731892],[7.172742,50.732148],[7.172451,50.732116],[7.172187,50.732023],[7.171926,50.732059],[7.171456,50.732001],[7.171269,50.732038],[7.170961,50.732132],[7.170578,50.732093],[7.170477,50.732115],[7.17038,50.732099],[7.17024,50.73212],[7.169807,50.732122],[7.169718,50.73217]],[[7.174242,50.730987],[7.173884,50.730939],[7.173712,50.730976],[7.173572,50.731073],[7.173319,50.730894],[7.174137,50.730666],[7.174014,50.730797],[7.173974,50.730877],[7.173945,50.73089],[7.173583,50.73091],[7.173441,50.730953],[7.173433,50.730967],[7.173455,50.730972],[7.173591,50.730931],[7.173957,50.730912],[7.174002,50.73089],[7.174045,50.730805],[7.17413,50.730712],[7.17422,50.730741],[7.174242,50.730987]]]]},"properties":{"id":"BT-5209-0515-2014"}},{"type":"Feature","geometry":{"type":"MultiPolygon","coordinates":[[[[7.17461,50.740356],[7.174781,50.740392],[7.17486,50.74048],[7.174844,50.740554],[7.174872,50.740879],[7.174846,50.740943],[7.175137,50.741021],[7.175239,50.7414],[7.174982,50.741477],[7.174965,50.741227],[7.17489,50.741067],[7.17478,50.740997],[7.17459,50.740932],[7.174426,50.740489],[7.174499,50.740406],[7.17461,50.740356]]]]},"properties":{"id":"BT-5209-0592-2014"}},{"type":"Feature","geometry":{"type":"MultiPolygon","coordinates":[[[[7.168841,50.722606],[7.168827,50.722537],[7.169009,50.722428],[7.16918,50.722287],[7.169123,50.722221],[7.169108,50.721991],[7.169021,50.721916],[7.168886,50.721917],[7.168727,50.721896],[7.168509,50.721786],[7.168487,50.721652],[7.168418,50.721503],[7.168476,50.721429],[7.168687,50.721546],[7.168974,50.721616],[7.169232,50.721628],[7.16961,50.721589],[7.169677,50.721611],[7.169736,50.721675],[7.169598,50.722087],[7.169446,50.722392],[7.169066,50.722705],[7.168814,50.722815],[7.168517,50.722866],[7.168271,50.722795],[7.167995,50.722596],[7.167865,50.722391],[7.167963,50.722349],[7.168027,50.722345],[7.168042,50.722513],[7.168188,50.72266],[7.168294,50.722716],[7.168686,50.722681],[7.168844,50.722622],[7.168841,50.722606]]]]},"properties":{"id":"BT-BN-00116"}},{"type":"Feature","geometry":{"type":"MultiPolygon","coordinates":[[[[7.170386,50.720285],[7.17068,50.720057],[7.170749,50.719964],[7.171113,50.719886],[7.17124,50.719949],[7.17102,50.719938],[7.170789,50.71999],[7.170724,50.720077],[7.170628,50.720136],[7.170439,50.720304],[7.17021,50.720416],[7.170161,50.720455],[7.170115,50.720439],[7.170191,50.720377],[7.170386,50.720285]]]]},"properties":{"id":"BT-BN-00117"}},{"type":"Feature","geometry":{"type":"MultiPolygon","coordinates":[[[[7.104129,50.759461],[7.104301,50.759608],[7.104333,50.759662],[7.10436,50.759763],[7.104328,50.759835],[7.103934,50.759947],[7.103512,50.760115],[7.10332,50.760215],[7.102475,50.760587],[7.102151,50.760809],[7.101501,50.760382],[7.101423,50.760235],[7.101259,50.760102],[7.101195,50.76001],[7.101165,50.759837],[7.101214,50.759713],[7.101558,50.759429],[7.101604,50.759348],[7.10247,50.759095],[7.10315,50.758946],[7.103385,50.759141],[7.104129,50.759461]]]]},"properties":{"id":"BT-5208-0168-2012"}},{"type":"Feature","geometry":{"type":"MultiPolygon","coordinates":[[[[7.168897,50.738737],[7.168028,50.73867],[7.167994,50.738474],[7.168055,50.738334],[7.16859,50.738231],[7.168664,50.738407],[7.168984,50.738553],[7.168897,50.738737]]]]},"properties":{"id":"BT-5209-0567-2014"}},{"type":"Feature","geometry":{"type":"MultiPolygon","coordinates":[[[[7.110187,50.749342],[7.110271,50.74915],[7.110484,50.749194],[7.110368,50.749332],[7.110187,50.749342]]]]},"properties":{"id":"BT-BN-00324"}},{"type":"Feature","geometry":{"type":"MultiPolygon","coordinates":[[[[7.161864,50.741407],[7.161497,50.741408],[7.161751,50.740527],[7.161769,50.740406],[7.162079,50.740416],[7.162471,50.740403],[7.161864,50.741407]]]]},"properties":{"id":"BT-5208-0061-2014"}},{"type":"Feature","geometry":{"type":"MultiPolygon","coordinates":[[[[7.12463,50.765461],[7.124372,50.765529],[7.124372,50.765467],[7.124309,50.76546],[7.124021,50.765536],[7.123933,50.765579],[7.123923,50.765645],[7.123813,50.765611],[7.123745,50.765509],[7.124443,50.764718],[7.124429,50.764685],[7.124444,50.764664],[7.124875,50.764941],[7.125154,50.764482],[7.125674,50.764569],[7.125224,50.76521],[7.12522,50.765308],[7.125212,50.765298],[7.12463,50.765461]]]]},"properties":{"id":"BT-BN-00271"}},{"type":"Feature","geometry":{"type":"MultiPolygon","coordinates":[[[[7.16234,50.741405],[7.16194,50.741715],[7.161764,50.741738],[7.161706,50.741683],[7.161864,50.741407],[7.16234,50.741405]],[[7.161551,50.742195],[7.16138,50.742173],[7.160896,50.742191],[7.160835,50.742164],[7.160827,50.742125],[7.160992,50.742116],[7.161145,50.742071],[7.161277,50.74209],[7.161464,50.742073],[7.161535,50.742094],[7.161551,50.742195]]]]},"properties":{"id":"BT-5208-0063-2014"}},{"type":"Feature","geometry":{"type":"MultiPolygon","coordinates":[[[[7.184391,50.714829],[7.184416,50.714821],[7.18458,50.714611],[7.184893,50.714598],[7.18503,50.714626],[7.184994,50.714294],[7.184928,50.714051],[7.184997,50.713738],[7.184923,50.713565],[7.18504,50.713257],[7.185054,50.713048],[7.185196,50.712939],[7.185346,50.712786],[7.185249,50.712664],[7.185264,50.712492],[7.185397,50.712545],[7.185364,50.712606],[7.185522,50.71274],[7.185078,50.713494],[7.185106,50.713797],[7.185068,50.71406],[7.185127,50.714239],[7.185158,50.714504],[7.185144,50.714691],[7.185196,50.714807],[7.185488,50.714987],[7.185565,50.715094],[7.18557,50.71528],[7.18589,50.715318],[7.186231,50.715158],[7.1867,50.714979],[7.186934,50.714991],[7.187192,50.715019],[7.18728,50.715255],[7.187512,50.715422],[7.187759,50.715426],[7.187894,50.71546],[7.187887,50.715514],[7.187582,50.715647],[7.187472,50.715761],[7.187536,50.715922],[7.187394,50.715951],[7.18706,50.715886],[7.186818,50.715769],[7.186426,50.715651],[7.186121,50.715572],[7.185533,50.715464],[7.185456,50.715345],[7.18537,50.715115],[7.185242,50.714968],[7.185073,50.714872],[7.184516,50.714965],[7.184391,50.714829]]]]},"properties":{"id":"BT-5209-0406-2014"}},{"type":"Feature","geometry":{"type":"MultiPolygon","coordinates":[[[[7.04344,50.64999],[7.043414,50.649909],[7.043529,50.64978],[7.043672,50.649777],[7.043816,50.649808],[7.043839,50.649855],[7.04344,50.64999]],[[7.043482,50.650065],[7.043872,50.649924],[7.043868,50.650018],[7.043836,50.650054],[7.04363,50.650172],[7.04354,50.650181],[7.043482,50.650065]]]]},"properties":{"id":"BT-5308-0004-2012"}},{"type":"Feature","geometry":{"type":"MultiPolygon","coordinates":[[[[7.12478,50.772054],[7.124753,50.771825],[7.124652,50.771697],[7.124616,50.771619],[7.124609,50.771503],[7.124478,50.771361],[7.123872,50.770797],[7.123664,50.770667],[7.123319,50.770487],[7.122888,50.770297],[7.121614,50.769227],[7.121341,50.769078],[7.121066,50.76897],[7.120482,50.768784],[7.119457,50.768519],[7.11902,50.768442],[7.117422,50.768249],[7.116859,50.768222],[7.116513,50.768226],[7.116233,50.768282],[7.116465,50.768201],[7.116941,50.768092],[7.117141,50.768098],[7.118427,50.76824],[7.119364,50.768379],[7.120706,50.768707],[7.121235,50.768904],[7.121888,50.76923],[7.122064,50.769344],[7.122875,50.770015],[7.123155,50.770227],[7.123282,50.77031],[7.124012,50.770699],[7.12432,50.770926],[7.1246,50.771165],[7.124679,50.771258],[7.124722,50.771347],[7.124772,50.771725],[7.124855,50.771966],[7.124882,50.772148],[7.124933,50.772293],[7.124938,50.77262],[7.124844,50.772594],[7.124851,50.772359],[7.12478,50.772054]],[[7.114605,50.767388],[7.113149,50.766287],[7.112494,50.765878],[7.112396,50.766007],[7.112448,50.765635],[7.112485,50.765621],[7.112564,50.765632],[7.112879,50.765877],[7.113731,50.766403],[7.115428,50.767765],[7.115553,50.767823],[7.115972,50.767954],[7.116908,50.768062],[7.116454,50.768156],[7.116204,50.768235],[7.116245,50.768155],[7.115666,50.768015],[7.115322,50.767887],[7.115065,50.767744],[7.114605,50.767388]],[[7.111142,50.764697],[7.111644,50.764657],[7.111705,50.764666],[7.111758,50.764698],[7.112154,50.765231],[7.112393,50.76549],[7.112338,50.765982],[7.112151,50.765603],[7.112053,50.765449],[7.111545,50.764786],[7.1115,50.764754],[7.111433,50.764736],[7.111142,50.764697]],[[7.110857,50.764277],[7.110818,50.764313],[7.111367,50.763724],[7.111634,50.764506],[7.111644,50.76455],[7.111618,50.764601],[7.111574,50.764617],[7.111182,50.76465],[7.111467,50.764549],[7.111318,50.76419],[7.11125,50.763941],[7.110857,50.764277]]]]},"properties":{"id":"BT-5208-0156-2012"}},{"type":"Feature","geometry":{"type":"MultiPolygon","coordinates":[[[[7.106816,50.760753],[7.10685,50.760645],[7.106721,50.760408],[7.1067,50.760285],[7.106711,50.760218],[7.10678,50.760188],[7.106894,50.760168],[7.108257,50.760447],[7.109863,50.760706],[7.110016,50.760742],[7.110188,50.760804],[7.110313,50.760884],[7.110379,50.760958],[7.110442,50.761114],[7.110486,50.761474],[7.110542,50.761601],[7.108513,50.762017],[7.108513,50.761933],[7.108462,50.76184],[7.108105,50.761789],[7.10803,50.761723],[7.108008,50.761651],[7.108023,50.761588],[7.108082,50.761497],[7.108193,50.761392],[7.108439,50.761318],[7.108476,50.761271],[7.108496,50.761206],[7.10848,50.761116],[7.108401,50.761037],[7.10817,50.76096],[7.108121,50.760859],[7.108021,50.760763],[7.107859,50.760756],[7.107668,50.760783],[7.107346,50.760796],[7.106965,50.760788],[7.106816,50.760753]]]]},"properties":{"id":"BT-5208-0184-2012"}},{"type":"Feature","geometry":{"type":"MultiPolygon","coordinates":[[[[7.106323,50.762638],[7.106339,50.762358],[7.10662,50.761693],[7.10717,50.762109],[7.107252,50.762209],[7.10761,50.763176],[7.107656,50.763219],[7.107768,50.763272],[7.107942,50.763261],[7.107977,50.763223],[7.107995,50.763277],[7.107641,50.763791],[7.107509,50.763601],[7.107217,50.763271],[7.106887,50.762989],[7.106323,50.762638]]]]},"properties":{"id":"BT-5208-0186-2012"}},{"type":"Feature","geometry":{"type":"MultiPolygon","coordinates":[[[[7.161747,50.739027],[7.162321,50.73907],[7.16304,50.739267],[7.164069,50.739477],[7.163763,50.741155],[7.163478,50.741077],[7.163107,50.741049],[7.162889,50.741071],[7.16274,50.741122],[7.16234,50.741405],[7.161864,50.741407],[7.162715,50.740024],[7.162445,50.739764],[7.162072,50.739655],[7.161548,50.739551],[7.161429,50.73973],[7.161323,50.739809],[7.161102,50.739807],[7.161074,50.739733],[7.161201,50.739633],[7.161081,50.739573],[7.160974,50.739584],[7.160952,50.739507],[7.161051,50.739426],[7.161195,50.739391],[7.161279,50.739343],[7.161321,50.739267],[7.161242,50.739122],[7.161336,50.739008],[7.161747,50.739027]]]]},"properties":{"id":"BT-5208-0058-2014"}},{"type":"Feature","geometry":{"type":"MultiPolygon","coordinates":[[[[7.185932,50.736544],[7.18602,50.736556],[7.186073,50.736579],[7.186123,50.73665],[7.18543,50.736669],[7.184499,50.73569],[7.184277,50.735414],[7.184525,50.735361],[7.184371,50.735107],[7.18435,50.734497],[7.184747,50.734469],[7.184795,50.734704],[7.184972,50.735039],[7.184973,50.735234],[7.184821,50.735268],[7.184824,50.735541],[7.184977,50.735533],[7.185004,50.735571],[7.18507,50.735556],[7.185228,50.735455],[7.185307,50.735426],[7.185356,50.735532],[7.185306,50.735838],[7.18535,50.73593],[7.18522,50.735959],[7.185149,50.735782],[7.184962,50.735762],[7.185004,50.735942],[7.185124,50.73611],[7.185553,50.736378],[7.185871,50.736531],[7.185932,50.736544]]]]},"properties":{"id":"BT-5209-0533-2014"}},{"type":"Feature","geometry":{"type":"MultiPolygon","coordinates":[[[[7.128022,50.676801],[7.128741,50.676713],[7.128965,50.676612],[7.129118,50.676512],[7.129372,50.676474],[7.129713,50.676506],[7.129825,50.676487],[7.12995,50.67636],[7.129777,50.676227],[7.129634,50.676183],[7.129267,50.676232],[7.12867,50.676094],[7.128821,50.675904],[7.129354,50.67571],[7.129498,50.675816],[7.130101,50.67617],[7.130356,50.676185],[7.130555,50.676237],[7.13081,50.676271],[7.131121,50.676241],[7.131405,50.676274],[7.131519,50.676327],[7.131803,50.676369],[7.132172,50.676401],[7.132497,50.676398],[7.132963,50.676367],[7.133093,50.676455],[7.133521,50.676613],[7.133805,50.676637],[7.133792,50.676691],[7.133611,50.676837],[7.133381,50.676659],[7.132908,50.676421],[7.132272,50.676445],[7.131804,50.676414],[7.131548,50.676363],[7.130926,50.67636],[7.130861,50.676621],[7.130169,50.676655],[7.130093,50.676458],[7.129701,50.676632],[7.129434,50.676707],[7.129193,50.676682],[7.128996,50.676729],[7.128789,50.676956],[7.128593,50.677021],[7.128785,50.676758],[7.128474,50.676761],[7.128095,50.676891],[7.12798,50.676829],[7.128022,50.676801]]]]},"properties":{"id":"BT-5308-601-9"}},{"type":"Feature","geometry":{"type":"MultiPolygon","coordinates":[[[[7.10791,50.753274],[7.107966,50.753212],[7.108132,50.75293],[7.108195,50.753056],[7.108335,50.753199],[7.108467,50.753398],[7.10791,50.753274]]]]},"properties":{"id":"BT-BN-00316"}},{"type":"Feature","geometry":{"type":"MultiPolygon","coordinates":[[[[7.130935,50.72376],[7.130885,50.723754],[7.130862,50.723705],[7.130787,50.723698],[7.130754,50.723674],[7.130801,50.723625],[7.131111,50.723482],[7.13129,50.723487],[7.131453,50.723466],[7.131564,50.723524],[7.130935,50.72376]]]]},"properties":{"id":"BT-BN-00282"}},{"type":"Feature","geometry":{"type":"MultiPolygon","coordinates":[[[[7.162397,50.743287],[7.162344,50.742303],[7.162888,50.742311],[7.16339,50.742298],[7.163469,50.742319],[7.163521,50.742392],[7.163339,50.743287],[7.162397,50.743287]]]]},"properties":{"id":"BT-BN-00292"}},{"type":"Feature","geometry":{"type":"MultiPolygon","coordinates":[[[[7.10606,50.758744],[7.106053,50.758755],[7.10502,50.75815],[7.105845,50.757409],[7.106118,50.757198],[7.107454,50.757924],[7.107452,50.757963],[7.106493,50.75855],[7.106339,50.758558],[7.10606,50.758744]]]]},"properties":{"id":"BT-BN-00305"}},{"type":"Feature","geometry":{"type":"MultiPolygon","coordinates":[[[[7.109025,50.753315],[7.109098,50.75318],[7.109671,50.752406],[7.109869,50.75222],[7.109935,50.752584],[7.11007,50.752893],[7.110183,50.752987],[7.110491,50.753433],[7.109507,50.753346],[7.109374,50.753364],[7.109025,50.753315]],[[7.109491,50.753065],[7.109708,50.75308],[7.109897,50.753068],[7.10991,50.753044],[7.109404,50.752958],[7.109352,50.752994],[7.109401,50.753032],[7.109491,50.753065]]]]},"properties":{"id":"BT-BN-00314"}},{"type":"Feature","geometry":{"type":"MultiPolygon","coordinates":[[[[7.181705,50.726417],[7.182773,50.725594],[7.18387,50.725871],[7.182817,50.725972],[7.18239,50.726027],[7.182015,50.726266],[7.181788,50.726457],[7.181705,50.726417]]]]},"properties":{"id":"BT-BN-00279"}},{"type":"Feature","geometry":{"type":"MultiPolygon","coordinates":[[[[7.144134,50.721223],[7.143498,50.720973],[7.143259,50.720831],[7.143116,50.720649],[7.143103,50.720532],[7.143124,50.720426],[7.143225,50.720276],[7.14343,50.720169],[7.143688,50.720099],[7.144035,50.720069],[7.144229,50.720073],[7.144373,50.720096],[7.144316,50.720127],[7.144054,50.720148],[7.14381,50.720257],[7.143616,50.72037],[7.143517,50.720496],[7.143545,50.720624],[7.14451,50.72113],[7.145059,50.721482],[7.145405,50.721604],[7.145665,50.721629],[7.14572,50.721658],[7.145525,50.721669],[7.145286,50.721644],[7.145012,50.721527],[7.144485,50.721214],[7.144274,50.721204],[7.144134,50.721223]]]]},"properties":{"id":"BT-BN-00284"}},{"type":"Feature","geometry":{"type":"MultiPolygon","coordinates":[[[[7.161736,50.743045],[7.161709,50.743038],[7.161705,50.742986],[7.161655,50.742928],[7.161651,50.742307],[7.161692,50.742287],[7.162344,50.742303],[7.162369,50.742775],[7.162304,50.742851],[7.162178,50.742907],[7.162012,50.742928],[7.161912,50.743032],[7.161736,50.743045]]]]},"properties":{"id":"BT-BN-00293"}},{"type":"Feature","geometry":{"type":"MultiPolygon","coordinates":[[[[7.111434,50.746868],[7.111679,50.746386],[7.112237,50.745393],[7.112478,50.745763],[7.112526,50.7459],[7.112595,50.746263],[7.112952,50.746647],[7.112922,50.747033],[7.11245,50.746986],[7.112421,50.74695],[7.112256,50.746912],[7.111882,50.746887],[7.111789,50.746913],[7.111434,50.746868]],[[7.112046,50.746646],[7.112147,50.746661],[7.112179,50.746636],[7.112222,50.746553],[7.112203,50.74643],[7.112138,50.746435],[7.112046,50.746646]],[[7.112084,50.7461],[7.112365,50.746138],[7.112432,50.745921],[7.112164,50.745885],[7.112084,50.7461]],[[7.112949,50.746613],[7.112641,50.746284],[7.112974,50.746345],[7.112949,50.746613]]]]},"properties":{"id":"BT-BN-00330"}},{"type":"Feature","geometry":{"type":"MultiPolygon","coordinates":[[[[7.157727,50.740434],[7.157817,50.740261],[7.157948,50.740138],[7.158136,50.74021],[7.158805,50.740408],[7.159487,50.740575],[7.159252,50.740914],[7.159115,50.740887],[7.158958,50.740816],[7.15852,50.740673],[7.157727,50.740434]]]]},"properties":{"id":"BT-BN-00295"}},{"type":"Feature","geometry":{"type":"MultiPolygon","coordinates":[[[[7.162856,50.745166],[7.162494,50.74467],[7.162849,50.744473],[7.163219,50.744222],[7.163295,50.744237],[7.163435,50.744455],[7.163796,50.744732],[7.163681,50.744918],[7.162856,50.745166]]]]},"properties":{"id":"BT-BN-00288"}},{"type":"Feature","geometry":{"type":"MultiPolygon","coordinates":[[[[7.163873,50.743967],[7.163761,50.74386],[7.163719,50.74375],[7.163716,50.743609],[7.163607,50.743467],[7.163647,50.743391],[7.163561,50.743388],[7.163524,50.743309],[7.166554,50.743414],[7.166475,50.743547],[7.165888,50.743651],[7.165271,50.743786],[7.164603,50.743877],[7.164431,50.743874],[7.163873,50.743967]]]]},"properties":{"id":"BT-BN-00290"}},{"type":"Feature","geometry":{"type":"MultiPolygon","coordinates":[[[[7.110586,50.751192],[7.110296,50.751598],[7.110127,50.75189],[7.110078,50.752105],[7.110075,50.752342],[7.110145,50.752669],[7.110323,50.752984],[7.110703,50.753548],[7.110744,50.753697],[7.110623,50.753793],[7.110505,50.753822],[7.110488,50.753773],[7.110608,50.753553],[7.110126,50.752828],[7.110022,50.752601],[7.109931,50.752324],[7.10991,50.752167],[7.109953,50.752014],[7.110066,50.751771],[7.110221,50.751534],[7.110494,50.751219],[7.110568,50.751179],[7.110586,50.751192]]]]},"properties":{"id":"BT-BN-00317"}},{"type":"Feature","geometry":{"type":"MultiPolygon","coordinates":[[[[7.181705,50.726417],[7.181677,50.726394],[7.181557,50.726419],[7.18176,50.726201],[7.182612,50.725553],[7.182781,50.725313],[7.182811,50.725097],[7.182765,50.724948],[7.182862,50.724905],[7.183,50.725295],[7.182773,50.725594],[7.181705,50.726417]]]]},"properties":{"id":"BT-BN-00280"}},{"type":"Feature","geometry":{"type":"MultiPolygon","coordinates":[[[[7.202036,50.652972],[7.202695,50.652117],[7.202816,50.651986],[7.203634,50.652194],[7.203754,50.652268],[7.203565,50.652564],[7.203301,50.652878],[7.203323,50.653113],[7.203411,50.653303],[7.203318,50.653318],[7.20313,50.653254],[7.202036,50.652972]]]]},"properties":{"id":"BT-BN-00285"}},{"type":"Feature","geometry":{"type":"MultiPolygon","coordinates":[[[[7.113139,50.746343],[7.113141,50.746327],[7.113033,50.746251],[7.113991,50.746367],[7.114018,50.746384],[7.113959,50.746437],[7.113539,50.746378],[7.113139,50.746343]]]]},"properties":{"id":"BT-BN-00333"}},{"type":"Feature","geometry":{"type":"MultiPolygon","coordinates":[[[[7.134133,50.722123],[7.134054,50.722062],[7.133959,50.722068],[7.133561,50.722187],[7.133623,50.72212],[7.133753,50.722026],[7.134101,50.721912],[7.13429,50.721874],[7.134528,50.721861],[7.134892,50.721874],[7.134874,50.721894],[7.134495,50.722026],[7.134133,50.722123]]]]},"properties":{"id":"BT-BN-00283"}},{"type":"Feature","geometry":{"type":"MultiPolygon","coordinates":[[[[7.20195,50.652778],[7.20182,50.652725],[7.200251,50.652292],[7.199269,50.651981],[7.199254,50.651886],[7.199295,50.651848],[7.202058,50.652659],[7.20195,50.652778]]]]},"properties":{"id":"BT-BN-00286"}},{"type":"Feature","geometry":{"type":"MultiPolygon","coordinates":[[[[7.112676,50.748694],[7.112738,50.748722],[7.112044,50.749606],[7.112673,50.74995],[7.11267,50.74998],[7.112005,50.749664],[7.111951,50.749624],[7.111988,50.749547],[7.112676,50.748694]],[[7.112752,50.748582],[7.113112,50.748112],[7.113208,50.748131],[7.11281,50.748635],[7.112752,50.748582]],[[7.113214,50.748113],[7.113101,50.748086],[7.113173,50.747985],[7.113225,50.747976],[7.113386,50.747828],[7.113437,50.747851],[7.113214,50.748113]]]]},"properties":{"id":"BT-BN-00321"}},{"type":"Feature","geometry":{"type":"MultiPolygon","coordinates":[[[[7.149995,50.753952],[7.149691,50.753729],[7.149787,50.75362],[7.149681,50.753572],[7.150179,50.753229],[7.151429,50.752562],[7.151539,50.752468],[7.152024,50.752544],[7.152185,50.752309],[7.15451,50.752486],[7.153913,50.753337],[7.153259,50.754062],[7.152514,50.754523],[7.152037,50.754331],[7.151377,50.754128],[7.151256,50.754143],[7.15076,50.754615],[7.149668,50.754135],[7.149995,50.753952]]]]},"properties":{"id":"BT-BN-00337"}},{"type":"Feature","geometry":{"type":"MultiPolygon","coordinates":[[[[7.180982,50.751288],[7.180951,50.751249],[7.180604,50.751049],[7.180535,50.750978],[7.180483,50.75086],[7.180441,50.750825],[7.180351,50.750809],[7.180291,50.750814],[7.18021,50.750856],[7.180192,50.750891],[7.180121,50.750892],[7.180033,50.750855],[7.179942,50.750792],[7.179742,50.750765],[7.179805,50.750706],[7.179788,50.750627],[7.179719,50.750564],[7.179609,50.75052],[7.179518,50.750509],[7.179638,50.750335],[7.179712,50.750275],[7.179822,50.75035],[7.180021,50.750355],[7.179996,50.750467],[7.180163,50.750645],[7.180409,50.750735],[7.180532,50.750732],[7.180786,50.75086],[7.180956,50.750791],[7.182343,50.750024],[7.182504,50.750187],[7.181965,50.751181],[7.181724,50.751289],[7.181622,50.75139],[7.181687,50.751456],[7.181696,50.751505],[7.181606,50.75153],[7.181269,50.751541],[7.181248,50.751462],[7.181292,50.751405],[7.181106,50.751314],[7.180993,50.751303],[7.180982,50.751288]],[[7.178951,50.750192],[7.17911,50.750045],[7.179196,50.750212],[7.179103,50.750352],[7.178739,50.75062],[7.178682,50.750687],[7.178725,50.750878],[7.178602,50.750898],[7.178261,50.750768],[7.178407,50.750707],[7.178386,50.750634],[7.178826,50.75032],[7.178951,50.750192]],[[7.179873,50.749635],[7.179834,50.749507],[7.180038,50.749486],[7.180265,50.749576],[7.180384,50.749509],[7.180451,50.749543],[7.180265,50.749827],[7.180202,50.749797],[7.180142,50.7498],[7.18003,50.74982],[7.179941,50.749859],[7.179974,50.749784],[7.179888,50.749686],[7.179873,50.749635]]]]},"properties":{"id":"BT-5209-0611-2014"}},{"type":"Feature","geometry":{"type":"MultiPolygon","coordinates":[[[[7.040974,50.659617],[7.04093,50.659596],[7.040916,50.659494],[7.040875,50.659423],[7.040756,50.65933],[7.040753,50.659272],[7.04099,50.659145],[7.041179,50.659119],[7.041332,50.659048],[7.041424,50.659064],[7.041506,50.659126],[7.041505,50.659283],[7.041581,50.659368],[7.040974,50.659617]]]]},"properties":{"id":"BT-5308-0036-2014"}},{"type":"Feature","geometry":{"type":"MultiPolygon","coordinates":[[[[7.081981,50.652058],[7.081978,50.65195],[7.08202,50.651923],[7.082119,50.651913],[7.082191,50.651948],[7.082178,50.65202],[7.08208,50.652084],[7.081981,50.652058]]]]},"properties":{"id":"BT-5308-606-9"}},{"type":"Feature","geometry":{"type":"MultiPolygon","coordinates":[[[[7.076494,50.655767],[7.076425,50.655831],[7.076271,50.655877],[7.076128,50.655816],[7.076125,50.655699],[7.076494,50.655767]]]]},"properties":{"id":"BT-5308-607-9"}},{"type":"Feature","geometry":{"type":"MultiPolygon","coordinates":[[[[7.073255,50.653874],[7.073244,50.653999],[7.073134,50.654162],[7.072981,50.654236],[7.072756,50.654292],[7.072598,50.654194],[7.072564,50.65397],[7.072449,50.653845],[7.072305,50.653774],[7.071866,50.653733],[7.071614,50.653817],[7.071546,50.653934],[7.071462,50.654007],[7.071377,50.65399],[7.071272,50.653739],[7.071383,50.653621],[7.071593,50.653547],[7.07236,50.653666],[7.072558,50.653682],[7.072631,50.65378],[7.072647,50.65387],[7.072747,50.653914],[7.072903,50.653913],[7.073086,50.653875],[7.073255,50.653874]]]]},"properties":{"id":"BT-5308-608-9"}},{"type":"Feature","geometry":{"type":"MultiPolygon","coordinates":[[[[7.096498,50.663968],[7.096385,50.663978],[7.096356,50.663952],[7.096397,50.663888],[7.096481,50.663834],[7.096594,50.66386],[7.096498,50.663968]]]]},"properties":{"id":"BT-5308-621-9"}},{"type":"Feature","geometry":{"type":"MultiPolygon","coordinates":[[[[7.189925,50.728628],[7.189882,50.728702],[7.18979,50.728785],[7.189704,50.728737],[7.189739,50.728665],[7.189798,50.728603],[7.189875,50.728583],[7.189925,50.728628]],[[7.189463,50.729079],[7.189375,50.729044],[7.189384,50.728975],[7.189455,50.72892],[7.189593,50.729023],[7.189507,50.729083],[7.189463,50.729079]]]]},"properties":{"id":"BT-5209-0490-2014"}},{"type":"Feature","geometry":{"type":"MultiPolygon","coordinates":[[[[7.174748,50.735757],[7.174832,50.73569],[7.174987,50.735605],[7.175199,50.735577],[7.175312,50.735576],[7.175271,50.735609],[7.175027,50.735709],[7.174885,50.735808],[7.174846,50.735806],[7.174748,50.735757]],[[7.172504,50.741385],[7.172607,50.741415],[7.172653,50.741748],[7.172521,50.741653],[7.172447,50.741516],[7.172504,50.741385]]]]},"properties":{"id":"BT-5209-0566-2014"}},{"type":"Feature","geometry":{"type":"MultiPolygon","coordinates":[[[[7.185947,50.736363],[7.185914,50.73634],[7.185917,50.736304],[7.185889,50.736293],[7.185852,50.736308],[7.18572,50.736238],[7.185686,50.736257],[7.185594,50.736184],[7.185534,50.73609],[7.185514,50.736004],[7.185457,50.735984],[7.185455,50.735933],[7.185558,50.735937],[7.185588,50.735963],[7.185647,50.735973],[7.185755,50.736034],[7.185794,50.736109],[7.185895,50.736144],[7.185925,50.736085],[7.186003,50.736097],[7.186054,50.736245],[7.18596,50.736286],[7.185972,50.736339],[7.185947,50.736363]]]]},"properties":{"id":"BT-5209-0538-2014"}},{"type":"Feature","geometry":{"type":"MultiPolygon","coordinates":[[[[7.146283,50.739875],[7.146491,50.739711],[7.146634,50.739755],[7.146789,50.739726],[7.14696,50.739743],[7.147089,50.739813],[7.146784,50.740077],[7.146587,50.74016],[7.146499,50.740008],[7.146283,50.739875]]]]},"properties":{"id":"BT-5208-013-9"}},{"type":"Feature","geometry":{"type":"MultiPolygon","coordinates":[[[[7.051594,50.648291],[7.051592,50.648201],[7.051718,50.648164],[7.051832,50.648181],[7.051889,50.648243],[7.051594,50.648291]],[[7.051709,50.648379],[7.051948,50.648323],[7.051978,50.648413],[7.051937,50.648458],[7.051809,50.648441],[7.051709,50.648379]]]]},"properties":{"id":"BT-5308-610-9"}},{"type":"Feature","geometry":{"type":"MultiPolygon","coordinates":[[[[7.065955,50.683112],[7.066027,50.683112],[7.065987,50.683247],[7.066018,50.683328],[7.066219,50.683478],[7.066362,50.683522],[7.066434,50.683593],[7.066436,50.683683],[7.06648,50.683773],[7.066553,50.683853],[7.066485,50.683988],[7.066543,50.684042],[7.066559,50.684123],[7.066618,50.684212],[7.066622,50.68441],[7.066567,50.684482],[7.066585,50.684662],[7.066632,50.684832],[7.066535,50.684932],[7.066551,50.685022],[7.066742,50.685317],[7.066746,50.685478],[7.066719,50.685569],[7.066824,50.685828],[7.066841,50.685954],[7.066776,50.686215],[7.066734,50.686225],[7.066894,50.686403],[7.066854,50.686511],[7.066667,50.686378],[7.066579,50.686262],[7.066423,50.686218],[7.06628,50.686148],[7.066193,50.686068],[7.065994,50.686025],[7.065808,50.685936],[7.065721,50.685856],[7.065664,50.685839],[7.06551,50.68593],[7.065382,50.685886],[7.065296,50.685824],[7.065153,50.685772],[7.065109,50.685691],[7.06498,50.68562],[7.064852,50.685595],[7.064753,50.685605],[7.064655,50.685659],[7.064542,50.685642],[7.064426,50.685527],[7.064201,50.685574],[7.064186,50.685547],[7.064086,50.68553],[7.063747,50.685533],[7.063689,50.685488],[7.063591,50.685516],[7.063435,50.685509],[7.063236,50.685475],[7.063289,50.68533],[7.063475,50.6854],[7.063489,50.685418],[7.063659,50.68539],[7.063873,50.685469],[7.063999,50.685432],[7.064183,50.68543],[7.064226,50.685465],[7.064381,50.685428],[7.064538,50.685463],[7.064624,50.685525],[7.064892,50.685486],[7.065049,50.685539],[7.065207,50.685627],[7.065379,50.68577],[7.065465,50.685805],[7.065549,50.685759],[7.065704,50.68574],[7.065804,50.685793],[7.065906,50.685882],[7.066177,50.685969],[7.066563,50.686181],[7.066632,50.686073],[7.066715,50.686],[7.066566,50.68566],[7.066561,50.685453],[7.066644,50.685353],[7.066557,50.685264],[7.066526,50.685175],[7.066455,50.68513],[7.066396,50.685041],[7.06635,50.68488],[7.066462,50.684825],[7.066357,50.684592],[7.066408,50.684313],[7.066334,50.684188],[7.066316,50.684026],[7.066329,50.683945],[7.066384,50.683873],[7.066325,50.683783],[7.066238,50.683703],[7.066294,50.683649],[7.066222,50.683586],[7.066136,50.683569],[7.065979,50.683499],[7.065906,50.683409],[7.065805,50.683329],[7.065857,50.683113],[7.065955,50.683112]],[[7.063016,50.685316],[7.062994,50.685387],[7.062866,50.685379],[7.062666,50.685282],[7.062568,50.685319],[7.062299,50.68533],[7.061774,50.685263],[7.061758,50.6852],[7.061471,50.685005],[7.061185,50.684882],[7.060927,50.684749],[7.060711,50.684581],[7.060893,50.684498],[7.061094,50.684604],[7.061279,50.684656],[7.061452,50.68479],[7.061854,50.685047],[7.062096,50.685125],[7.062577,50.685094],[7.062761,50.685128],[7.063033,50.685261],[7.063016,50.685316]]]]},"properties":{"id":"BT-5308-005-8"}},{"type":"Feature","geometry":{"type":"MultiPolygon","coordinates":[[[[7.194122,50.648532],[7.194102,50.648481],[7.194,50.648459],[7.193923,50.648485],[7.193857,50.64854],[7.193737,50.648534],[7.193582,50.648576],[7.19355,50.648602],[7.193428,50.648624],[7.193345,50.648666],[7.193286,50.648652],[7.193193,50.648668],[7.193084,50.648727],[7.193079,50.648785],[7.192931,50.648942],[7.192828,50.648908],[7.192696,50.648719],[7.192723,50.64862],[7.192892,50.648568],[7.192923,50.6485],[7.192961,50.64852],[7.193115,50.648538],[7.193254,50.648485],[7.193511,50.648473],[7.19355,50.648427],[7.1938,50.648374],[7.193837,50.648348],[7.194016,50.648318],[7.194103,50.64826],[7.194253,50.648261],[7.194356,50.648234],[7.194482,50.648243],[7.194652,50.648278],[7.194787,50.648214],[7.195224,50.648221],[7.195401,50.648189],[7.195647,50.648097],[7.195825,50.648071],[7.195841,50.648101],[7.195795,50.648168],[7.19582,50.648205],[7.195879,50.648227],[7.19544,50.64846],[7.195328,50.648453],[7.195339,50.648383],[7.195281,50.648342],[7.195164,50.648348],[7.19508,50.648383],[7.195073,50.648473],[7.19513,50.648606],[7.19509,50.648611],[7.195035,50.64859],[7.194993,50.6486],[7.194951,50.648623],[7.194982,50.648643],[7.194122,50.648532]]]]},"properties":{"id":"BT-BN-00169"}},{"type":"Feature","geometry":{"type":"MultiPolygon","coordinates":[[[[7.189211,50.648252],[7.18919,50.64821],[7.189766,50.647986],[7.190229,50.647932],[7.190619,50.647934],[7.190822,50.648074],[7.189143,50.648656],[7.189024,50.648515],[7.18919,50.648402],[7.189218,50.64833],[7.189211,50.648252]],[[7.189163,50.648223],[7.189186,50.64829],[7.189181,50.648372],[7.189083,50.648258],[7.188859,50.648132],[7.188798,50.648025],[7.188752,50.648009],[7.18873,50.647696],[7.188814,50.647612],[7.18894,50.648102],[7.189093,50.648211],[7.189163,50.648223]]]]},"properties":{"id":"BT-BN-00192"}},{"type":"Feature","geometry":{"type":"MultiPolygon","coordinates":[[[[7.190822,50.648074],[7.190619,50.647934],[7.190229,50.647932],[7.189766,50.647986],[7.18919,50.64821],[7.18918,50.648174],[7.189196,50.648105],[7.189388,50.647916],[7.189473,50.647784],[7.189536,50.647606],[7.189552,50.647479],[7.189578,50.647459],[7.189641,50.64747],[7.189944,50.64759],[7.190227,50.647606],[7.190378,50.647652],[7.190565,50.647687],[7.191057,50.647837],[7.191235,50.647918],[7.191212,50.647941],[7.190822,50.648074]],[[7.189434,50.64754],[7.189422,50.647565],[7.189347,50.647607],[7.189304,50.647666],[7.189341,50.647662],[7.189404,50.647624],[7.189472,50.647559],[7.189465,50.647501],[7.189402,50.647493],[7.189343,50.647454],[7.189339,50.64742],[7.189395,50.647394],[7.189504,50.647415],[7.189501,50.647587],[7.189437,50.647787],[7.189402,50.647854],[7.189149,50.648122],[7.189163,50.648223],[7.189093,50.648211],[7.18894,50.648102],[7.188814,50.647612],[7.189036,50.647392],[7.189206,50.647461],[7.189221,50.647497],[7.18927,50.647516],[7.189283,50.647537],[7.189238,50.647587],[7.189248,50.647598],[7.189349,50.647514],[7.189406,50.647513],[7.189434,50.64754]]]]},"properties":{"id":"BT-BN-00200"}},{"type":"Feature","geometry":{"type":"MultiPolygon","coordinates":[[[[7.174721,50.716673],[7.174753,50.716697],[7.175007,50.716784],[7.175004,50.716894],[7.175178,50.717233],[7.174893,50.717232],[7.174714,50.71732],[7.174459,50.71736],[7.173991,50.71763],[7.173907,50.717707],[7.173792,50.717649],[7.173653,50.71765],[7.173539,50.71768],[7.173306,50.71784],[7.173022,50.717978],[7.172461,50.718454],[7.172386,50.718396],[7.17226,50.718384],[7.171823,50.718515],[7.171899,50.718425],[7.172184,50.718281],[7.172373,50.718028],[7.172725,50.717915],[7.172934,50.717767],[7.173332,50.717566],[7.173867,50.717176],[7.173846,50.716937],[7.173897,50.716706],[7.173874,50.716232],[7.173815,50.716088],[7.173927,50.716011],[7.174163,50.715892],[7.174181,50.715848],[7.17433,50.715963],[7.174423,50.716114],[7.174501,50.716443],[7.174739,50.716478],[7.174681,50.716643],[7.174721,50.716673]],[[7.171408,50.719718],[7.171251,50.719661],[7.171045,50.719646],[7.170745,50.719709],[7.170476,50.719729],[7.170303,50.719775],[7.170277,50.719716],[7.170456,50.719567],[7.170697,50.719429],[7.170718,50.719323],[7.17084,50.719076],[7.171063,50.719011],[7.171501,50.719028],[7.171736,50.719146],[7.171821,50.719377],[7.171659,50.719478],[7.171408,50.719718]]]]},"properties":{"id":"BT-BN-00050"}},{"type":"Feature","geometry":{"type":"MultiPolygon","coordinates":[[[[7.071392,50.702825],[7.071371,50.702786],[7.071448,50.702453],[7.071611,50.702155],[7.071662,50.701902],[7.071855,50.701676],[7.071709,50.70148],[7.071648,50.701264],[7.0717,50.701066],[7.072012,50.70109],[7.071945,50.701253],[7.071948,50.701414],[7.072053,50.701665],[7.071876,50.701981],[7.071964,50.702106],[7.071925,50.70226],[7.071716,50.702405],[7.071651,50.702631],[7.071814,50.702962],[7.07186,50.703132],[7.071932,50.703176],[7.072049,50.703337],[7.0721,50.703705],[7.07199,50.703859],[7.071879,50.703959],[7.071923,50.704031],[7.071867,50.70466],[7.072058,50.704982],[7.071992,50.705181],[7.071868,50.705326],[7.071871,50.705487],[7.07192,50.705775],[7.071753,50.705884],[7.071657,50.706029],[7.071577,50.706227],[7.071425,50.706382],[7.071413,50.706489],[7.071459,50.706642],[7.071741,50.706585],[7.071717,50.706783],[7.071594,50.706964],[7.071472,50.707235],[7.071206,50.707354],[7.071244,50.707165],[7.071505,50.706785],[7.071349,50.706787],[7.071206,50.706707],[7.071184,50.706384],[7.071335,50.706167],[7.071524,50.705778],[7.071708,50.705129],[7.071577,50.704366],[7.071572,50.704133],[7.07165,50.703835],[7.071802,50.703663],[7.071605,50.703212],[7.071392,50.702825]]]]},"properties":{"id":"BT-5208-008"}},{"type":"Feature","geometry":{"type":"MultiPolygon","coordinates":[[[[7.175398,50.716022],[7.175351,50.71624],[7.175084,50.716508],[7.174982,50.716502],[7.175124,50.716227],[7.175138,50.716092],[7.175112,50.716018],[7.175374,50.715995],[7.175399,50.716002],[7.175398,50.716022]]]]},"properties":{"id":"BT-BN-00121"}},{"type":"Feature","geometry":{"type":"MultiPolygon","coordinates":[[[[7.168027,50.722345],[7.168063,50.722506],[7.168154,50.722598],[7.168298,50.722697],[7.168641,50.722671],[7.168841,50.722606],[7.168844,50.722622],[7.168686,50.722681],[7.168294,50.722716],[7.168188,50.72266],[7.168042,50.722513],[7.168027,50.722345]]]]},"properties":{"id":"BT-BN-00055"}},{"type":"Feature","geometry":{"type":"MultiPolygon","coordinates":[[[[7.162854,50.741401],[7.16285,50.742244],[7.159332,50.742226],[7.15933,50.741412],[7.161864,50.741407],[7.161706,50.741683],[7.161764,50.741738],[7.16194,50.741715],[7.16234,50.741405],[7.162854,50.741401]],[[7.161551,50.742195],[7.161535,50.742094],[7.161464,50.742073],[7.161277,50.74209],[7.161145,50.742071],[7.160992,50.742116],[7.160827,50.742125],[7.160835,50.742164],[7.160896,50.742191],[7.16138,50.742173],[7.161551,50.742195]]]]},"properties":{"id":"BT-5208-0064-2014"}},{"type":"Feature","geometry":{"type":"MultiPolygon","coordinates":[[[[7.1244,50.764667],[7.123948,50.764385],[7.123948,50.764359],[7.123797,50.76424],[7.123818,50.764194],[7.125154,50.764482],[7.124875,50.764941],[7.124444,50.764664],[7.124429,50.764684],[7.1244,50.764667]]]]},"properties":{"id":"BT-BN-00273"}},{"type":"Feature","geometry":{"type":"MultiPolygon","coordinates":[[[[7.081775,50.715026],[7.081052,50.714487],[7.081035,50.714453],[7.081048,50.714435],[7.081669,50.714456],[7.08174,50.714484],[7.08277,50.714515],[7.082904,50.714551],[7.083124,50.714977],[7.083017,50.715046],[7.082739,50.715051],[7.081775,50.715026]]]]},"properties":{"id":"BT-BN-00272"}},{"type":"Feature","geometry":{"type":"MultiPolygon","coordinates":[[[[7.164644,50.751722],[7.164557,50.751675],[7.164519,50.751498],[7.164352,50.751444],[7.164488,50.751304],[7.164476,50.751282],[7.165129,50.750618],[7.165163,50.750658],[7.165277,50.750704],[7.16543,50.750695],[7.165528,50.75095],[7.165477,50.750989],[7.165701,50.751252],[7.165843,50.751555],[7.165716,50.75157],[7.165616,50.751614],[7.165561,50.751659],[7.165593,50.75173],[7.165693,50.751698],[7.165846,50.75168],[7.166083,50.751585],[7.166184,50.751582],[7.166311,50.751543],[7.166377,50.751502],[7.166425,50.751497],[7.1665,50.751501],[7.166642,50.751721],[7.166618,50.751816],[7.166499,50.751832],[7.166299,50.751765],[7.166255,50.751803],[7.166297,50.751843],[7.166242,50.75186],[7.16608,50.751845],[7.166033,50.751895],[7.165959,50.751883],[7.165472,50.752026],[7.165331,50.75181],[7.165299,50.75169],[7.165204,50.75151],[7.165014,50.751539],[7.16467,50.751684],[7.164644,50.751722]],[[7.164429,50.751245],[7.164299,50.751365],[7.164199,50.751288],[7.164202,50.751238],[7.164084,50.750871],[7.163991,50.750711],[7.164087,50.75067],[7.164303,50.750651],[7.164319,50.750558],[7.165083,50.750583],[7.164429,50.751245]]]]},"properties":{"id":"BT-5208-0065-2014"}},{"type":"Feature","geometry":{"type":"MultiPolygon","coordinates":[[[[7.167647,50.720882],[7.167625,50.720857],[7.167724,50.720724],[7.167949,50.720495],[7.168005,50.720466],[7.168057,50.720477],[7.168051,50.720539],[7.16796,50.720638],[7.16781,50.720738],[7.1678,50.720807],[7.167726,50.720863],[7.167647,50.720882]]]]},"properties":{"id":"BT-5209-0937-2014"}},{"type":"Feature","geometry":{"type":"MultiPolygon","coordinates":[[[[7.068482,50.648802],[7.06848,50.648851],[7.068416,50.648874],[7.068394,50.648865],[7.068309,50.648711],[7.068346,50.648694],[7.068511,50.648706],[7.068529,50.648736],[7.068482,50.648802]]]]},"properties":{"id":"BT-5308-0013-2014"}},{"type":"Feature","geometry":{"type":"MultiPolygon","coordinates":[[[[7.136767,50.675482],[7.136593,50.67566],[7.136545,50.675736],[7.136423,50.675986],[7.136405,50.676181],[7.136274,50.676314],[7.136242,50.676415],[7.136106,50.676592],[7.136041,50.676646],[7.135892,50.676676],[7.135702,50.676663],[7.135614,50.676685],[7.135323,50.67666],[7.13519,50.676726],[7.134921,50.676715],[7.134809,50.676726],[7.134726,50.676764],[7.134482,50.676749],[7.1343,50.676774],[7.134156,50.676725],[7.133996,50.676742],[7.134041,50.676652],[7.134716,50.676642],[7.135397,50.676599],[7.135642,50.676564],[7.135782,50.676502],[7.136082,50.676185],[7.136628,50.675544],[7.136874,50.67532],[7.136913,50.67534],[7.136767,50.675482]]]]},"properties":{"id":"BT-BN-00303"}},{"type":"Feature","geometry":{"type":"MultiPolygon","coordinates":[[[[7.126482,50.66922],[7.126538,50.669174],[7.126553,50.669219],[7.127349,50.669958],[7.127624,50.670261],[7.127797,50.670367],[7.127982,50.670428],[7.128465,50.670513],[7.128944,50.670626],[7.129175,50.670614],[7.129428,50.670558],[7.129571,50.67061],[7.129824,50.670545],[7.130095,50.670641],[7.130281,50.670738],[7.130707,50.670779],[7.130638,50.670852],[7.130452,50.670782],[7.130183,50.670757],[7.129702,50.67078],[7.129406,50.670828],[7.129152,50.670821],[7.128953,50.670778],[7.128715,50.670897],[7.128251,50.671019],[7.128109,50.670993],[7.127373,50.670991],[7.126736,50.670952],[7.126437,50.670883],[7.125999,50.670888],[7.125417,50.670839],[7.12509,50.670762],[7.12468,50.670757],[7.123945,50.670782],[7.123549,50.670776],[7.12331,50.670851],[7.122434,50.670904],[7.122098,50.67106],[7.121706,50.671199],[7.121324,50.671202],[7.121208,50.671105],[7.120771,50.671181],[7.120477,50.671282],[7.11981,50.671217],[7.119469,50.671121],[7.119213,50.671088],[7.118817,50.671092],[7.11883,50.670972],[7.119056,50.671035],[7.119283,50.671033],[7.119509,50.671049],[7.119809,50.671145],[7.120092,50.671169],[7.120405,50.67122],[7.121178,50.671024],[7.121378,50.67113],[7.121563,50.671164],[7.12176,50.671126],[7.121873,50.671098],[7.122041,50.671007],[7.122307,50.670905],[7.12237,50.670796],[7.122546,50.670858],[7.123011,50.670791],[7.122899,50.670207],[7.123015,50.670332],[7.12309,50.670511],[7.123078,50.67061],[7.123152,50.670771],[7.123505,50.670741],[7.123586,50.670578],[7.123675,50.670721],[7.123915,50.670719],[7.124367,50.670688],[7.12489,50.670692],[7.125173,50.67068],[7.125359,50.670768],[7.125997,50.670816],[7.126435,50.670812],[7.12699,50.670914],[7.127514,50.670945],[7.127979,50.670886],[7.128277,50.67092],[7.128516,50.670863],[7.128867,50.670734],[7.128453,50.670603],[7.128055,50.670526],[7.127727,50.670412],[7.127352,50.670092],[7.126656,50.669407],[7.126419,50.66927],[7.126482,50.66922]]]]},"properties":{"id":"BT-BN-00004"}},{"type":"Feature","geometry":{"type":"MultiPolygon","coordinates":[[[[7.173972,50.73616],[7.174354,50.73595],[7.174668,50.735817],[7.174838,50.735836],[7.174866,50.735911],[7.174659,50.736272],[7.174596,50.736343],[7.1745,50.736361],[7.174297,50.736332],[7.1741,50.736251],[7.173972,50.73616]]]]},"properties":{"id":"BT-5209-0540-2014"}},{"type":"Feature","geometry":{"type":"MultiPolygon","coordinates":[[[[7.107977,50.763223],[7.107942,50.763261],[7.107768,50.763272],[7.107656,50.763219],[7.10761,50.763176],[7.107252,50.762209],[7.10717,50.762109],[7.10662,50.761693],[7.106661,50.761347],[7.106779,50.76091],[7.106847,50.760885],[7.107219,50.760905],[7.107597,50.761002],[7.107755,50.761065],[7.107872,50.761163],[7.107987,50.761227],[7.108226,50.761309],[7.108396,50.761332],[7.108193,50.761392],[7.108082,50.761497],[7.108023,50.761588],[7.108008,50.761651],[7.10803,50.761723],[7.108105,50.761789],[7.108462,50.76184],[7.108513,50.761933],[7.108513,50.762017],[7.107683,50.762187],[7.107977,50.763223]]]]},"properties":{"id":"BT-5208-0185-2012"}},{"type":"Feature","geometry":{"type":"MultiPolygon","coordinates":[[[[7.083512,50.667578],[7.083615,50.667748],[7.08352,50.667937],[7.083299,50.668155],[7.083289,50.668362],[7.083263,50.668443],[7.083194,50.668498],[7.083068,50.668562],[7.082954,50.668554],[7.082783,50.668484],[7.082795,50.668385],[7.082943,50.668069],[7.083007,50.667762],[7.083144,50.66759],[7.083235,50.667557],[7.083469,50.66756],[7.083512,50.667578]],[[7.083234,50.668048],[7.083274,50.668032],[7.083311,50.667972],[7.083389,50.667952],[7.083432,50.667917],[7.083443,50.667864],[7.083501,50.667817],[7.083506,50.667742],[7.083478,50.66768],[7.083424,50.667649],[7.083346,50.667648],[7.083291,50.667785],[7.083257,50.66782],[7.083171,50.667833],[7.083091,50.667866],[7.083157,50.668009],[7.083184,50.668038],[7.083234,50.668048]]]]},"properties":{"id":"BT-5308-0001-2012"}},{"type":"Feature","geometry":{"type":"MultiPolygon","coordinates":[[[[7.025304,50.664338],[7.025362,50.664374],[7.025476,50.664408],[7.025673,50.664362],[7.025885,50.664351],[7.02597,50.664386],[7.026001,50.664416],[7.025932,50.664566],[7.025882,50.664602],[7.025741,50.664606],[7.025625,50.664591],[7.025599,50.664541],[7.025323,50.664518],[7.025304,50.664338]]]]},"properties":{"id":"BT-5308-0002-2012"}},{"type":"Feature","geometry":{"type":"MultiPolygon","coordinates":[[[[7.02527,50.665363],[7.025155,50.665265],[7.02498,50.665015],[7.024844,50.664639],[7.025071,50.664664],[7.025384,50.664742],[7.025698,50.664856],[7.025756,50.664945],[7.025731,50.665089],[7.025748,50.665215],[7.02572,50.665251],[7.02527,50.665363]]]]},"properties":{"id":"BT-5308-0003-2012"}},{"type":"Feature","geometry":{"type":"MultiPolygon","coordinates":[[[[7.177863,50.746215],[7.177659,50.746259],[7.177796,50.74639],[7.177816,50.746469],[7.177807,50.746554],[7.177739,50.746517],[7.177608,50.746392],[7.177518,50.746386],[7.177315,50.746516],[7.177158,50.74652],[7.177093,50.746476],[7.176969,50.746477],[7.176802,50.746541],[7.176721,50.746492],[7.176631,50.746491],[7.176554,50.74651],[7.176343,50.746364],[7.176327,50.746262],[7.176499,50.746239],[7.176932,50.74604],[7.177008,50.745956],[7.177142,50.7459],[7.177164,50.745861],[7.177298,50.745813],[7.177356,50.745755],[7.177373,50.745701],[7.177529,50.74564],[7.177565,50.745568],[7.177611,50.745557],[7.177774,50.74556],[7.177697,50.745605],[7.177607,50.745743],[7.177558,50.745786],[7.177533,50.74593],[7.177627,50.745959],[7.177753,50.746048],[7.177863,50.746215]],[[7.176986,50.746301],[7.17699,50.746251],[7.176943,50.746168],[7.176852,50.746153],[7.176748,50.746182],[7.176663,50.74624],[7.176613,50.746321],[7.176557,50.74636],[7.17657,50.746417],[7.176642,50.746452],[7.176758,50.746425],[7.176984,50.746325],[7.176986,50.746301]]]]},"properties":{"id":"BT-5209-0606-2014"}},{"type":"Feature","geometry":{"type":"MultiPolygon","coordinates":[[[[7.125349,50.755809],[7.125512,50.755634],[7.127249,50.755364],[7.128378,50.755386],[7.128945,50.755431],[7.127155,50.755572],[7.126678,50.755629],[7.125996,50.755742],[7.125615,50.755769],[7.125349,50.755809]]]]},"properties":{"id":"BT-BN-00335"}},{"type":"Feature","geometry":{"type":"MultiPolygon","coordinates":[[[[7.09254,50.683949],[7.096604,50.683298],[7.09705,50.683656],[7.099944,50.686108],[7.098428,50.686197],[7.096731,50.686228],[7.096099,50.686198],[7.095827,50.686088],[7.095371,50.685963],[7.095357,50.685869],[7.095236,50.685821],[7.094856,50.685775],[7.094823,50.685841],[7.094554,50.685806],[7.094229,50.685632],[7.09254,50.683949]]]]},"properties":{"id":"BT-BN-00298"}},{"type":"Feature","geometry":{"type":"MultiPolygon","coordinates":[[[[7.103223,50.758107],[7.102449,50.757751],[7.102248,50.757545],[7.102256,50.75735],[7.103754,50.756234],[7.104923,50.75522],[7.105325,50.754703],[7.105712,50.75426],[7.106129,50.753849],[7.106307,50.7537],[7.106426,50.753647],[7.106537,50.753634],[7.106747,50.753637],[7.107332,50.753767],[7.106981,50.754242],[7.106406,50.754767],[7.10588,50.755286],[7.105061,50.755983],[7.104762,50.756378],[7.103632,50.757771],[7.103295,50.758111],[7.103223,50.758107]]]]},"properties":{"id":"BT-BN-00311"}},{"type":"Feature","geometry":{"type":"MultiPolygon","coordinates":[[[[7.111374,50.746912],[7.112857,50.747076],[7.112906,50.747129],[7.112913,50.747218],[7.112681,50.747337],[7.111841,50.747868],[7.111173,50.748464],[7.110988,50.748701],[7.110702,50.749146],[7.110629,50.749227],[7.110532,50.74928],[7.110368,50.749332],[7.110484,50.749194],[7.110271,50.74915],[7.110225,50.74925],[7.110194,50.74923],[7.110166,50.749131],[7.111374,50.746912]]]]},"properties":{"id":"BT-BN-00325"}},{"type":"Feature","geometry":{"type":"MultiPolygon","coordinates":[[[[7.110532,50.753164],[7.11024,50.752699],[7.110145,50.752367],[7.110142,50.752215],[7.11017,50.751987],[7.110263,50.751748],[7.110595,50.751277],[7.110624,50.75128],[7.110623,50.751364],[7.11042,50.751674],[7.110334,50.751857],[7.110251,50.75216],[7.110305,50.752621],[7.11037,50.752783],[7.110621,50.753149],[7.110532,50.753164]],[[7.111942,50.749739],[7.111797,50.749898],[7.111037,50.750859],[7.110661,50.751378],[7.110668,50.751201],[7.111684,50.749919],[7.111852,50.74973],[7.111895,50.749718],[7.111942,50.749739]]]]},"properties":{"id":"BT-BN-00318"}},{"type":"Feature","geometry":{"type":"MultiPolygon","coordinates":[[[[7.104173,50.758422],[7.104134,50.7584],[7.10453,50.758046],[7.104667,50.758071],[7.104966,50.758221],[7.10629,50.759035],[7.106467,50.759076],[7.106915,50.75914],[7.109368,50.759369],[7.109364,50.759931],[7.108819,50.759934],[7.108599,50.759905],[7.108455,50.759807],[7.10818,50.759751],[7.107975,50.75973],[7.107827,50.759736],[7.107165,50.759589],[7.106234,50.759316],[7.105459,50.759012],[7.104173,50.758422]]]]},"properties":{"id":"BT-BN-00304"}},{"type":"Feature","geometry":{"type":"MultiPolygon","coordinates":[[[[7.109077,50.759302],[7.108549,50.758291],[7.10878,50.758245],[7.109218,50.759041],[7.109345,50.759325],[7.109077,50.759302]]]]},"properties":{"id":"BT-BN-00308"}},{"type":"Feature","geometry":{"type":"MultiPolygon","coordinates":[[[[7.203883,50.738878],[7.203223,50.738698],[7.203259,50.738396],[7.203054,50.738281],[7.203429,50.73812],[7.203766,50.738086],[7.204118,50.738142],[7.204348,50.73815],[7.205743,50.738278],[7.206401,50.738689],[7.206703,50.738918],[7.206655,50.73895],[7.206769,50.739022],[7.206804,50.738995],[7.2069,50.739067],[7.206722,50.739307],[7.206545,50.739431],[7.206483,50.739432],[7.205543,50.73851],[7.204217,50.738854],[7.204063,50.738838],[7.203883,50.738878]]]]},"properties":{"id":"BT-BN-00278"}},{"type":"Feature","geometry":{"type":"MultiPolygon","coordinates":[[[[7.107168,50.759124],[7.107126,50.759115],[7.106856,50.758361],[7.107071,50.758245],[7.107046,50.758212],[7.107265,50.758077],[7.107308,50.758116],[7.107465,50.758006],[7.107615,50.758563],[7.107617,50.758673],[7.107529,50.758868],[7.10742,50.758962],[7.10733,50.758994],[7.107353,50.759029],[7.107414,50.759038],[7.107588,50.758928],[7.107704,50.758731],[7.107724,50.758534],[7.108549,50.758291],[7.109077,50.759302],[7.107168,50.759124]]]]},"properties":{"id":"BT-BN-00307"}},{"type":"Feature","geometry":{"type":"MultiPolygon","coordinates":[[[[7.156609,50.740326],[7.156795,50.740088],[7.157308,50.740258],[7.157446,50.74034],[7.157487,50.740399],[7.157402,50.740527],[7.157241,50.740708],[7.157121,50.740786],[7.156423,50.740553],[7.156609,50.740326]]]]},"properties":{"id":"BT-BN-00297"}},{"type":"Feature","geometry":{"type":"MultiPolygon","coordinates":[[[[7.113711,50.747318],[7.113982,50.746965],[7.11425,50.746501],[7.114384,50.74618],[7.114526,50.74543],[7.114598,50.745381],[7.114706,50.745359],[7.114692,50.745416],[7.114627,50.745453],[7.114589,50.745808],[7.114525,50.746113],[7.114312,50.746583],[7.114211,50.746767],[7.113781,50.747346],[7.113711,50.747318]]]]},"properties":{"id":"BT-BN-00327"}},{"type":"Feature","geometry":{"type":"MultiPolygon","coordinates":[[[[7.107713,50.758426],[7.107527,50.757841],[7.106753,50.757413],[7.10621,50.757151],[7.106883,50.756652],[7.108271,50.757409],[7.108502,50.757713],[7.108729,50.758183],[7.107713,50.758426]]]]},"properties":{"id":"BT-BN-00306"}},{"type":"Feature","geometry":{"type":"MultiPolygon","coordinates":[[[[7.162494,50.74467],[7.163029,50.745377],[7.163055,50.745459],[7.162862,50.745493],[7.162632,50.745556],[7.16251,50.745569],[7.162454,50.745561],[7.16239,50.745519],[7.162026,50.745026],[7.162121,50.744932],[7.162494,50.74467]]]]},"properties":{"id":"BT-BN-00287"}},{"type":"Feature","geometry":{"type":"MultiPolygon","coordinates":[[[[7.156191,50.739806],[7.156361,50.739629],[7.156498,50.739658],[7.156527,50.7397],[7.156664,50.739727],[7.156821,50.739663],[7.15681,50.739614],[7.156656,50.739553],[7.156593,50.739504],[7.156612,50.739408],[7.156719,50.739289],[7.157057,50.739283],[7.157237,50.739313],[7.157519,50.739419],[7.157976,50.739455],[7.158205,50.739513],[7.15845,50.739599],[7.159095,50.739883],[7.159336,50.739926],[7.159649,50.74003],[7.15979,50.740101],[7.159766,50.740172],[7.159517,50.740496],[7.159401,50.740538],[7.158276,50.740206],[7.157876,50.740063],[7.157744,50.740047],[7.157646,50.740184],[7.157555,50.740163],[7.157469,50.740234],[7.156191,50.739806]]]]},"properties":{"id":"BT-BN-00294"}},{"type":"Feature","geometry":{"type":"MultiPolygon","coordinates":[[[[7.103775,50.758325],[7.10375,50.758336],[7.103478,50.758307],[7.103257,50.758211],[7.103893,50.757548],[7.104327,50.757694],[7.103775,50.758325]]]]},"properties":{"id":"BT-BN-00309"}},{"type":"Feature","geometry":{"type":"MultiPolygon","coordinates":[[[[7.107561,50.754037],[7.107913,50.753902],[7.108398,50.754042],[7.108488,50.754102],[7.109292,50.754303],[7.109149,50.754347],[7.108559,50.754619],[7.107875,50.754963],[7.107335,50.755212],[7.106818,50.75552],[7.10631,50.755993],[7.10573,50.755726],[7.10558,50.755618],[7.106041,50.755253],[7.107118,50.75419],[7.107561,50.754037]]]]},"properties":{"id":"BT-BN-00312"}},{"type":"Feature","geometry":{"type":"MultiPolygon","coordinates":[[[[7.177967,50.714804],[7.177884,50.714672],[7.177659,50.714735],[7.177497,50.714842],[7.177453,50.714997],[7.177174,50.715242],[7.176771,50.715391],[7.176506,50.715541],[7.176297,50.715399],[7.176256,50.715409],[7.176403,50.715649],[7.176159,50.716026],[7.175768,50.716419],[7.175536,50.716883],[7.175656,50.717123],[7.1755,50.717461],[7.175255,50.717622],[7.174278,50.718194],[7.173827,50.718287],[7.173596,50.718385],[7.173389,50.718489],[7.173235,50.718648],[7.173029,50.718576],[7.172916,50.718556],[7.172876,50.718595],[7.172914,50.718659],[7.173108,50.718833],[7.172946,50.719224],[7.172828,50.719309],[7.172355,50.719452],[7.172196,50.719529],[7.171804,50.719797],[7.171646,50.719706],[7.171785,50.719626],[7.171806,50.719496],[7.171855,50.719461],[7.171979,50.719434],[7.171957,50.719337],[7.171821,50.719377],[7.171736,50.719146],[7.171501,50.719028],[7.171063,50.719011],[7.17084,50.719076],[7.171024,50.718837],[7.171211,50.718707],[7.171563,50.718587],[7.17226,50.718384],[7.172386,50.718396],[7.172461,50.718454],[7.172369,50.718574],[7.172504,50.718692],[7.172741,50.718628],[7.172866,50.718572],[7.172961,50.718474],[7.173287,50.718359],[7.173497,50.71818],[7.173696,50.717976],[7.173911,50.717806],[7.174048,50.717723],[7.174336,50.717593],[7.174312,50.717596],[7.174281,50.717542],[7.174236,50.71754],[7.174094,50.717576],[7.174228,50.717485],[7.174459,50.71736],[7.174714,50.71732],[7.174893,50.717232],[7.175178,50.717233],[7.175004,50.716894],[7.175007,50.716784],[7.174753,50.716697],[7.174721,50.716673],[7.175138,50.716615],[7.17506,50.71654],[7.175121,50.716459],[7.175351,50.71624],[7.175393,50.716102],[7.175404,50.715929],[7.175348,50.715792],[7.175192,50.715692],[7.174969,50.715579],[7.174722,50.715533],[7.174591,50.715533],[7.174521,50.715547],[7.174366,50.71553],[7.174363,50.715482],[7.174507,50.715403],[7.174474,50.715368],[7.174465,50.715306],[7.174512,50.715253],[7.174658,50.715236],[7.174695,50.715253],[7.175117,50.715227],[7.175253,50.715276],[7.175451,50.715425],[7.175808,50.71535],[7.176067,50.715365],[7.17627,50.715318],[7.176318,50.715268],[7.176749,50.715164],[7.176871,50.715071],[7.177,50.715067],[7.177148,50.715005],[7.177364,50.714886],[7.177417,50.714797],[7.177515,50.714749],[7.177612,50.714656],[7.177795,50.7146],[7.178191,50.714532],[7.178372,50.714403],[7.178634,50.714303],[7.178682,50.714233],[7.178813,50.714115],[7.17899,50.714021],[7.179195,50.71399],[7.179302,50.713988],[7.179325,50.714056],[7.179445,50.714095],[7.179563,50.714096],[7.179607,50.714018],[7.179484,50.713856],[7.179248,50.713819],[7.179059,50.713747],[7.178981,50.713755],[7.178886,50.713721],[7.179,50.713657],[7.179061,50.71356],[7.179063,50.71348],[7.179186,50.71337],[7.179323,50.713284],[7.179312,50.713213],[7.179362,50.713059],[7.179309,50.712911],[7.179321,50.712851],[7.179455,50.712815],[7.179612,50.712814],[7.1797,50.71275],[7.179827,50.712697],[7.179983,50.712695],[7.180012,50.712722],[7.180096,50.712694],[7.180051,50.712569],[7.180305,50.712548],[7.180318,50.712503],[7.180719,50.712479],[7.180711,50.713028],[7.18094,50.713036],[7.181253,50.713069],[7.18126,50.713011],[7.181578,50.713005],[7.181519,50.713388],[7.182059,50.713521],[7.182238,50.713535],[7.18269,50.713085],[7.182862,50.71322],[7.183002,50.713533],[7.182331,50.713705],[7.181695,50.713746],[7.181256,50.713687],[7.180563,50.713868],[7.180336,50.714352],[7.18005,50.714354],[7.179915,50.714327],[7.17953,50.714343],[7.179479,50.714393],[7.179533,50.714457],[7.179235,50.714636],[7.178891,50.714668],[7.177967,50.714804]]]]},"properties":{"id":"BT-BN-00269"}},{"type":"Feature","geometry":{"type":"MultiPolygon","coordinates":[[[[7.188186,50.650161],[7.188193,50.650185],[7.187933,50.65017],[7.187808,50.650098],[7.187762,50.650035],[7.187579,50.649903],[7.187386,50.649859],[7.187304,50.649871],[7.187306,50.6499],[7.187228,50.649873],[7.187173,50.649822],[7.186979,50.649442],[7.187277,50.649377],[7.186976,50.648784],[7.187602,50.648683],[7.187566,50.64878],[7.187667,50.648868],[7.18775,50.649169],[7.18779,50.649226],[7.187984,50.649764],[7.188186,50.650161]]]]},"properties":{"id":"BT-BN-00172"}},{"type":"Feature","geometry":{"type":"MultiPolygon","coordinates":[[[[7.191237,50.645848],[7.19124,50.645896],[7.19133,50.645966],[7.191424,50.645988],[7.191435,50.64602],[7.19164,50.646158],[7.192265,50.646504],[7.192686,50.64676],[7.192726,50.646767],[7.192965,50.646646],[7.193392,50.64648],[7.193661,50.646343],[7.193963,50.646148],[7.194245,50.645786],[7.195102,50.644864],[7.195528,50.644866],[7.195893,50.644885],[7.195903,50.644913],[7.195285,50.645601],[7.193882,50.647084],[7.193722,50.647216],[7.193594,50.64729],[7.193303,50.647397],[7.193197,50.647414],[7.193019,50.647413],[7.192896,50.647393],[7.19278,50.647346],[7.19211,50.64699],[7.191448,50.646616],[7.190691,50.646158],[7.190429,50.646028],[7.190847,50.645628],[7.191002,50.645722],[7.191087,50.6458],[7.191149,50.645797],[7.191237,50.645848]],[[7.194983,50.645722],[7.195095,50.645714],[7.195094,50.645655],[7.194944,50.645595],[7.194858,50.645596],[7.194829,50.645625],[7.194824,50.645674],[7.194866,50.645706],[7.194983,50.645722]],[[7.193066,50.646682],[7.193085,50.646653],[7.193055,50.646639],[7.19298,50.646654],[7.192967,50.646679],[7.192975,50.646697],[7.193031,50.646704],[7.193066,50.646682]],[[7.193122,50.646744],[7.193151,50.646711],[7.193061,50.646708],[7.19305,50.646757],[7.193084,50.646771],[7.193122,50.646744]],[[7.191776,50.646452],[7.191808,50.646431],[7.191788,50.646397],[7.191747,50.646402],[7.191725,50.646423],[7.19173,50.646447],[7.191776,50.646452]],[[7.191719,50.646486],[7.191708,50.646449],[7.191658,50.646458],[7.191673,50.646484],[7.191719,50.646486]],[[7.196675,50.645001],[7.197071,50.645526],[7.196915,50.645712],[7.19663,50.64612],[7.196447,50.646314],[7.196326,50.646377],[7.195957,50.646458],[7.195633,50.646554],[7.194733,50.646905],[7.194314,50.647087],[7.193859,50.647244],[7.193744,50.647252],[7.193997,50.647033],[7.194548,50.646473],[7.195965,50.644906],[7.196018,50.644901],[7.196059,50.644957],[7.196105,50.644976],[7.196675,50.645001]],[[7.195888,50.646191],[7.195943,50.646204],[7.196006,50.646193],[7.196056,50.646089],[7.196047,50.646024],[7.196019,50.646006],[7.195875,50.645978],[7.195776,50.646036],[7.195766,50.646148],[7.195888,50.646191]],[[7.191471,50.647435],[7.191174,50.647245],[7.191145,50.647248],[7.190167,50.6466],[7.189948,50.646489],[7.1904,50.646056],[7.190614,50.646153],[7.192054,50.646994],[7.192526,50.647251],[7.192731,50.647357],[7.193025,50.647457],[7.192075,50.647708],[7.191979,50.647714],[7.191894,50.647701],[7.191765,50.647634],[7.191471,50.647435]],[[7.195487,50.643428],[7.194494,50.643133],[7.193895,50.642936],[7.194289,50.642492],[7.195126,50.64295],[7.195487,50.643428]],[[7.194583,50.643098],[7.194652,50.643095],[7.194728,50.643011],[7.194721,50.642958],[7.194573,50.642912],[7.194511,50.642923],[7.194459,50.643038],[7.194505,50.643078],[7.194583,50.643098]],[[7.196356,50.644579],[7.196572,50.644866],[7.196419,50.644864],[7.196403,50.644839],[7.196372,50.644862],[7.196165,50.644857],[7.196136,50.644813],[7.196356,50.644579]],[[7.196327,50.644772],[7.196312,50.644739],[7.196286,50.644732],[7.196228,50.644747],[7.196222,50.644767],[7.196261,50.644795],[7.196327,50.644772]],[[7.196226,50.644843],[7.196242,50.644827],[7.196224,50.644802],[7.196166,50.644812],[7.196164,50.644833],[7.196187,50.644845],[7.196226,50.644843]]]]},"properties":{"id":"BT-BN-00134"}},{"type":"Feature","geometry":{"type":"MultiPolygon","coordinates":[[[[7.177863,50.746215],[7.177753,50.746048],[7.177627,50.745959],[7.177533,50.74593],[7.177558,50.745786],[7.177607,50.745743],[7.177887,50.745838],[7.178049,50.746029],[7.178185,50.74608],[7.178217,50.746139],[7.178199,50.746175],[7.178026,50.746176],[7.177863,50.746215]],[[7.176986,50.746301],[7.176984,50.746325],[7.176758,50.746425],[7.176642,50.746452],[7.17657,50.746417],[7.176557,50.74636],[7.176613,50.746321],[7.176663,50.74624],[7.176748,50.746182],[7.176852,50.746153],[7.176943,50.746168],[7.17699,50.746251],[7.176986,50.746301]]]]},"properties":{"id":"BT-5209-0608-2014"}},{"type":"Feature","geometry":{"type":"MultiPolygon","coordinates":[[[[7.121954,50.684582],[7.122184,50.684724],[7.122525,50.684801],[7.122726,50.684889],[7.123346,50.685378],[7.123561,50.685493],[7.123803,50.685562],[7.124017,50.68565],[7.124162,50.685766],[7.12429,50.685818],[7.124391,50.685898],[7.124748,50.686039],[7.125106,50.686224],[7.125506,50.686346],[7.125804,50.686397],[7.126441,50.6864],[7.126542,50.686507],[7.126445,50.686598],[7.12616,50.68651],[7.126017,50.686413],[7.125748,50.686415],[7.125521,50.686382],[7.125036,50.686234],[7.124778,50.686092],[7.124563,50.686004],[7.124405,50.685907],[7.124091,50.685775],[7.123975,50.685659],[7.123475,50.685485],[7.123235,50.685505],[7.123218,50.685361],[7.122828,50.68505],[7.122484,50.684838],[7.122171,50.684778],[7.121885,50.684655],[7.121827,50.68461],[7.121954,50.684582]],[[7.126758,50.686648],[7.12687,50.686602],[7.127042,50.686691],[7.127212,50.686707],[7.127325,50.686688],[7.12774,50.686864],[7.128099,50.687076],[7.128302,50.687308],[7.128406,50.687505],[7.128595,50.687709],[7.128697,50.687852],[7.128672,50.68796],[7.128788,50.688103],[7.128889,50.688192],[7.12895,50.688362],[7.129163,50.688369],[7.129152,50.688522],[7.12901,50.688497],[7.128878,50.688309],[7.128876,50.688219],[7.128674,50.688041],[7.128614,50.687934],[7.128641,50.687871],[7.128596,50.687763],[7.128422,50.687594],[7.128172,50.687183],[7.128057,50.687121],[7.128013,50.68705],[7.12744,50.686741],[7.127297,50.686715],[7.127156,50.686726],[7.127014,50.6867],[7.126871,50.686638],[7.126758,50.686648]]]]},"properties":{"id":"BT-BN-00002"}},{"type":"Feature","geometry":{"type":"MultiPolygon","coordinates":[[[[7.049089,50.659011],[7.049119,50.659047],[7.04851,50.659025],[7.048508,50.658917],[7.048662,50.658853],[7.048831,50.658834],[7.048959,50.658877],[7.048946,50.658913],[7.049004,50.658967],[7.049089,50.659011]],[[7.044107,50.65884],[7.043952,50.658868],[7.043866,50.658806],[7.043778,50.658654],[7.043933,50.658608],[7.044102,50.658606],[7.044162,50.658741],[7.044122,50.658849],[7.044107,50.65884]],[[7.051367,50.658424],[7.051185,50.658507],[7.050987,50.658508],[7.050957,50.65841],[7.051096,50.658301],[7.051238,50.658335],[7.051367,50.658424]],[[7.050517,50.658953],[7.050433,50.659017],[7.050306,50.659045],[7.050193,50.659028],[7.050135,50.658966],[7.050133,50.658885],[7.050246,50.658857],[7.050387,50.658856],[7.050517,50.658953]]]]},"properties":{"id":"BT-5308-602-9"}},{"type":"Feature","geometry":{"type":"MultiPolygon","coordinates":[[[[7.132919,50.655142],[7.132822,50.655224],[7.132653,50.655253],[7.132483,50.655254],[7.132386,50.655318],[7.132301,50.655319],[7.132342,50.655265],[7.132593,50.655101],[7.132716,50.654929],[7.132772,50.654901],[7.1328,50.654901],[7.132787,50.654973],[7.132595,50.655199],[7.132722,50.655189],[7.13289,50.655125],[7.132919,50.655142]]]]},"properties":{"id":"BT-5308-041-9"}},{"type":"Feature","geometry":{"type":"MultiPolygon","coordinates":[[[[7.140315,50.659214],[7.14023,50.659224],[7.140076,50.659271],[7.139922,50.659335],[7.139784,50.65948],[7.139675,50.659661],[7.139606,50.659725],[7.139463,50.659663],[7.139475,50.659582],[7.139542,50.659429],[7.139653,50.659347],[7.139734,50.659193],[7.139831,50.659084],[7.139912,50.658949],[7.139983,50.658939],[7.140041,50.658992],[7.140014,50.659074],[7.139946,50.659173],[7.139947,50.659209],[7.140101,50.659154],[7.140256,50.659125],[7.140314,50.65917],[7.140315,50.659214]]]]},"properties":{"id":"BT-5308-042-9"}},{"type":"Feature","geometry":{"type":"MultiPolygon","coordinates":[[[[7.179011,50.750896],[7.178827,50.750908],[7.178725,50.750878],[7.178682,50.750687],[7.178739,50.75062],[7.179103,50.750352],[7.179175,50.750247],[7.179196,50.750212],[7.17911,50.750045],[7.179743,50.749474],[7.179834,50.749507],[7.179888,50.749686],[7.179974,50.749784],[7.179941,50.749859],[7.179831,50.749944],[7.17969,50.750016],[7.179727,50.750128],[7.179676,50.750192],[7.179712,50.750275],[7.179638,50.750335],[7.179431,50.750621],[7.179444,50.750664],[7.179493,50.750702],[7.179511,50.750784],[7.179586,50.750788],[7.179207,50.750946],[7.179011,50.750896]]]]},"properties":{"id":"BT-5209-0609-2014"}},{"type":"Feature","geometry":{"type":"MultiPolygon","coordinates":[[[[7.1295,50.689454],[7.129396,50.689257],[7.129391,50.689041],[7.129333,50.688961],[7.129374,50.688924],[7.12949,50.68904],[7.1295,50.689454]]]]},"properties":{"id":"BT-BN-00001"}},{"type":"Feature","geometry":{"type":"MultiPolygon","coordinates":[[[[7.132464,50.672668],[7.132549,50.672685],[7.132381,50.672768],[7.132258,50.672949],[7.132023,50.673167],[7.131655,50.673161],[7.131474,50.673271],[7.131419,50.673325],[7.13125,50.673363],[7.13115,50.67331],[7.131248,50.6733],[7.131653,50.673071],[7.131879,50.673033],[7.132251,50.672761],[7.132464,50.672668]],[[7.132584,50.672963],[7.132655,50.672963],[7.132545,50.673108],[7.132506,50.673243],[7.132425,50.673405],[7.132301,50.67356],[7.132121,50.673687],[7.131925,50.67377],[7.131234,50.673876],[7.131486,50.673774],[7.131711,50.673736],[7.131796,50.673735],[7.131894,50.673689],[7.131951,50.67368],[7.13227,50.673425],[7.132354,50.673397],[7.132364,50.673235],[7.13246,50.673073],[7.132584,50.672963]],[[7.132875,50.67386],[7.13262,50.673844],[7.132269,50.673955],[7.132057,50.673966],[7.131844,50.673969],[7.131574,50.67389],[7.131728,50.673835],[7.131813,50.673843],[7.131956,50.673904],[7.132112,50.67393],[7.132296,50.67391],[7.132478,50.673845],[7.13276,50.673789],[7.132902,50.673814],[7.132875,50.67386]]]]},"properties":{"id":"BT-BN-00003"}},{"type":"Feature","geometry":{"type":"MultiPolygon","coordinates":[[[[7.206278,50.651799],[7.206361,50.651741],[7.206628,50.651254],[7.206792,50.650812],[7.206953,50.65029],[7.20712,50.649435],[7.207247,50.64945],[7.207266,50.649493],[7.207009,50.650766],[7.206875,50.651096],[7.206776,50.651223],[7.206579,50.651659],[7.206321,50.65191],[7.206129,50.652067],[7.206171,50.651947],[7.206278,50.651799]]]]},"properties":{"id":"BT-BN-00109"}},{"type":"Feature","geometry":{"type":"MultiPolygon","coordinates":[[[[7.191784,50.648302],[7.191754,50.648282],[7.191698,50.648297],[7.191648,50.648328],[7.191623,50.648372],[7.191367,50.648482],[7.191139,50.648311],[7.191143,50.648272],[7.191104,50.648233],[7.191023,50.648194],[7.190976,50.648188],[7.190839,50.648085],[7.191261,50.647944],[7.191815,50.647807],[7.191854,50.647809],[7.191925,50.647853],[7.192123,50.647905],[7.192261,50.647895],[7.192745,50.647807],[7.192843,50.647804],[7.192926,50.647834],[7.192713,50.647909],[7.191784,50.648302]]]]},"properties":{"id":"BT-BN-00199"}},{"type":"Feature","geometry":{"type":"MultiPolygon","coordinates":[[[[7.189291,50.647139],[7.189311,50.647128],[7.189456,50.64727],[7.189513,50.647278],[7.189514,50.647323],[7.189304,50.647433],[7.18925,50.647506],[7.189221,50.647497],[7.189191,50.647426],[7.189056,50.647372],[7.189125,50.647304],[7.18916,50.6473],[7.189187,50.647273],[7.189168,50.647261],[7.189291,50.647139]],[[7.189579,50.646854],[7.189654,50.646779],[7.189698,50.646773],[7.189715,50.646899],[7.189618,50.646963],[7.189536,50.647089],[7.189494,50.647117],[7.189438,50.647117],[7.189359,50.647071],[7.189579,50.646854]],[[7.189129,50.64775],[7.189071,50.647705],[7.189349,50.647514],[7.189406,50.647513],[7.18945,50.647576],[7.189283,50.647685],[7.189129,50.64775]]]]},"properties":{"id":"BT-5309-0002-1999"}},{"type":"Feature","geometry":{"type":"MultiPolygon","coordinates":[[[[7.18158,50.738412],[7.181574,50.738384],[7.181738,50.738233],[7.181762,50.738066],[7.181695,50.737814],[7.181533,50.737641],[7.181255,50.737523],[7.181169,50.737438],[7.181179,50.737388],[7.181268,50.737276],[7.18148,50.73732],[7.181805,50.737425],[7.182081,50.73777],[7.182185,50.737938],[7.182229,50.738068],[7.182181,50.738365],[7.181973,50.738715],[7.181811,50.738747],[7.181615,50.738533],[7.18158,50.738412]],[[7.18392,50.738033],[7.183927,50.738022],[7.183815,50.737915],[7.183438,50.737758],[7.183055,50.737382],[7.18274,50.737139],[7.182104,50.736709],[7.181881,50.736589],[7.181736,50.736377],[7.181694,50.736267],[7.181717,50.736079],[7.181687,50.735914],[7.181719,50.735818],[7.181812,50.735696],[7.181795,50.735626],[7.181828,50.735543],[7.18192,50.735603],[7.181928,50.735727],[7.181926,50.735832],[7.181877,50.735897],[7.1819,50.735982],[7.181856,50.736075],[7.181858,50.736152],[7.181908,50.736248],[7.181847,50.736355],[7.181962,50.736446],[7.182015,50.736567],[7.182486,50.736772],[7.182539,50.736846],[7.182857,50.737003],[7.183087,50.737225],[7.183292,50.737333],[7.183466,50.737555],[7.183766,50.737698],[7.18383,50.737776],[7.184051,50.737855],[7.1842,50.737982],[7.184254,50.738128],[7.184167,50.738184],[7.184135,50.738264],[7.184089,50.738264],[7.18392,50.738033]]]]},"properties":{"id":"BT-5209-0553-2014"}},{"type":"Feature","geometry":{"type":"MultiPolygon","coordinates":[[[[7.074037,50.696232],[7.07441,50.696349],[7.074327,50.696466],[7.074123,50.696855],[7.074127,50.697007],[7.074259,50.697209],[7.074234,50.697348],[7.074279,50.697482],[7.074216,50.69771],[7.074146,50.697806],[7.074056,50.697869],[7.073751,50.697892],[7.073583,50.69801],[7.073501,50.69811],[7.073449,50.69814],[7.073417,50.698349],[7.073353,50.698453],[7.073128,50.698536],[7.073002,50.698564],[7.072831,50.698548],[7.072996,50.698321],[7.073204,50.69814],[7.073259,50.698049],[7.073285,50.697941],[7.073559,50.697552],[7.073627,50.697416],[7.073691,50.697022],[7.074037,50.696232]]]]},"properties":{"id":"BT-BN-00203"}},{"type":"Feature","geometry":{"type":"MultiPolygon","coordinates":[[[[7.166077,50.731985],[7.166186,50.731798],[7.16613,50.731783],[7.16613,50.731764],[7.166186,50.731754],[7.166329,50.731682],[7.166427,50.731804],[7.166507,50.731841],[7.166563,50.731924],[7.166881,50.732058],[7.167101,50.732049],[7.16722,50.732092],[7.167296,50.73225],[7.167182,50.732359],[7.167103,50.732344],[7.166524,50.732178],[7.166077,50.731985]]]]},"properties":{"id":"BT-BN-00031"}},{"type":"Feature","geometry":{"type":"MultiPolygon","coordinates":[[[[7.174094,50.717576],[7.174236,50.71754],[7.174281,50.717542],[7.174312,50.717596],[7.174336,50.717593],[7.174048,50.717723],[7.173911,50.717806],[7.173696,50.717976],[7.173497,50.71818],[7.173287,50.718359],[7.172961,50.718474],[7.172866,50.718572],[7.172741,50.718628],[7.172504,50.718692],[7.172401,50.718612],[7.172614,50.718564],[7.172775,50.718488],[7.172914,50.718376],[7.172924,50.718319],[7.173076,50.718261],[7.173324,50.718122],[7.173738,50.717803],[7.174094,50.717576]]]]},"properties":{"id":"BT-BN-00119"}}]}